sitrep,version,report_date,era,indicator_id,status,n_values,n_nd,places
1,1,2026-05-14,narrative,admissions_24h,absent,0,0,""
1,1,2026-05-14,narrative,admissions_cumulative,absent,0,0,""
1,1,2026-05-14,narrative,beds_total,absent,0,0,""
1,1,2026-05-14,narrative,exits_24h,absent,0,0,""
1,1,2026-05-14,narrative,facility_closed,absent,0,0,""
1,1,2026-05-14,narrative,facility_expanded,absent,0,0,""
1,1,2026-05-14,narrative,facility_incident,absent,0,0,""
1,1,2026-05-14,narrative,facility_saturated,absent,0,0,""
1,1,2026-05-14,narrative,occupancy_rate,absent,0,0,""
1,1,2026-05-14,narrative,patients_confirmed,absent,0,0,""
1,1,2026-05-14,narrative,patients_isolated,absent,0,0,""
1,1,2026-05-14,narrative,patients_start_day,absent,0,0,""
1,1,2026-05-14,narrative,patients_suspect,absent,0,0,""
2,1,2026-05-17,narrative,admissions_24h,absent,0,0,""
2,1,2026-05-17,narrative,admissions_cumulative,absent,0,0,""
2,1,2026-05-17,narrative,beds_total,absent,0,0,""
2,1,2026-05-17,narrative,exits_24h,absent,0,0,""
2,1,2026-05-17,narrative,facility_closed,absent,0,0,""
2,1,2026-05-17,narrative,facility_expanded,absent,0,0,""
2,1,2026-05-17,narrative,facility_incident,absent,0,0,""
2,1,2026-05-17,narrative,facility_saturated,absent,0,0,""
2,1,2026-05-17,narrative,occupancy_rate,absent,0,0,""
2,1,2026-05-17,narrative,patients_confirmed,absent,0,0,""
2,1,2026-05-17,narrative,patients_isolated,absent,0,0,""
2,1,2026-05-17,narrative,patients_start_day,absent,0,0,""
2,1,2026-05-17,narrative,patients_suspect,absent,0,0,""
4,1,2026-05-19,narrative,admissions_24h,absent,0,0,""
4,1,2026-05-19,narrative,admissions_cumulative,absent,0,0,""
4,1,2026-05-19,narrative,beds_total,absent,0,0,""
4,1,2026-05-19,narrative,exits_24h,absent,0,0,""
4,1,2026-05-19,narrative,facility_closed,absent,0,0,""
4,1,2026-05-19,narrative,facility_expanded,absent,0,0,""
4,1,2026-05-19,narrative,facility_incident,absent,0,0,""
4,1,2026-05-19,narrative,facility_saturated,absent,0,0,""
4,1,2026-05-19,narrative,occupancy_rate,absent,0,0,""
4,1,2026-05-19,narrative,patients_confirmed,absent,0,0,""
4,1,2026-05-19,narrative,patients_isolated,absent,0,0,""
4,1,2026-05-19,narrative,patients_start_day,absent,0,0,""
4,1,2026-05-19,narrative,patients_suspect,absent,0,0,""
5,1,2026-05-19,narrative,admissions_24h,absent,0,0,""
5,1,2026-05-19,narrative,admissions_cumulative,absent,0,0,""
5,1,2026-05-19,narrative,beds_total,absent,0,0,""
5,1,2026-05-19,narrative,exits_24h,absent,0,0,""
5,1,2026-05-19,narrative,facility_closed,absent,0,0,""
5,1,2026-05-19,narrative,facility_expanded,absent,0,0,""
5,1,2026-05-19,narrative,facility_incident,absent,0,0,""
5,1,2026-05-19,narrative,facility_saturated,absent,0,0,""
5,1,2026-05-19,narrative,occupancy_rate,absent,0,0,""
5,1,2026-05-19,narrative,patients_confirmed,absent,0,0,""
5,1,2026-05-19,narrative,patients_isolated,absent,0,0,""
5,1,2026-05-19,narrative,patients_start_day,absent,0,0,""
5,1,2026-05-19,narrative,patients_suspect,absent,0,0,""
6,1,2026-05-20,narrative,admissions_24h,absent,0,0,""
6,1,2026-05-20,narrative,admissions_cumulative,absent,0,0,""
6,1,2026-05-20,narrative,beds_total,absent,0,0,""
6,1,2026-05-20,narrative,exits_24h,absent,0,0,""
6,1,2026-05-20,narrative,facility_closed,absent,0,0,""
6,1,2026-05-20,narrative,facility_expanded,absent,0,0,""
6,1,2026-05-20,narrative,facility_incident,absent,0,0,""
6,1,2026-05-20,narrative,facility_saturated,absent,0,0,""
6,1,2026-05-20,narrative,occupancy_rate,absent,0,0,""
6,1,2026-05-20,narrative,patients_confirmed,absent,0,0,""
6,1,2026-05-20,narrative,patients_isolated,absent,0,0,""
6,1,2026-05-20,narrative,patients_start_day,absent,0,0,""
6,1,2026-05-20,narrative,patients_suspect,absent,0,0,""
7,1,2026-05-21,narrative,admissions_24h,absent,0,0,""
7,1,2026-05-21,narrative,admissions_cumulative,absent,0,0,""
7,1,2026-05-21,narrative,beds_total,absent,0,0,""
7,1,2026-05-21,narrative,exits_24h,absent,0,0,""
7,1,2026-05-21,narrative,facility_closed,absent,0,0,""
7,1,2026-05-21,narrative,facility_expanded,absent,0,0,""
7,1,2026-05-21,narrative,facility_incident,absent,0,0,""
7,1,2026-05-21,narrative,facility_saturated,absent,0,0,""
7,1,2026-05-21,narrative,occupancy_rate,absent,0,0,""
7,1,2026-05-21,narrative,patients_confirmed,absent,0,0,""
7,1,2026-05-21,narrative,patients_isolated,absent,0,0,""
7,1,2026-05-21,narrative,patients_start_day,absent,0,0,""
7,1,2026-05-21,narrative,patients_suspect,absent,0,0,""
8,1,2026-05-22,narrative,admissions_24h,absent,0,0,""
8,1,2026-05-22,narrative,admissions_cumulative,absent,0,0,""
8,1,2026-05-22,narrative,beds_total,absent,0,0,""
8,1,2026-05-22,narrative,exits_24h,absent,0,0,""
8,1,2026-05-22,narrative,facility_closed,absent,0,0,""
8,1,2026-05-22,narrative,facility_expanded,absent,0,0,""
8,1,2026-05-22,narrative,facility_incident,absent,0,0,""
8,1,2026-05-22,narrative,facility_saturated,absent,0,0,""
8,1,2026-05-22,narrative,occupancy_rate,absent,0,0,""
8,1,2026-05-22,narrative,patients_confirmed,absent,0,0,""
8,1,2026-05-22,narrative,patients_isolated,absent,0,0,""
8,1,2026-05-22,narrative,patients_start_day,absent,0,0,""
8,1,2026-05-22,narrative,patients_suspect,absent,0,0,""
9,1,2026-05-23,narrative,admissions_24h,absent,0,0,""
9,1,2026-05-23,narrative,admissions_cumulative,absent,0,0,""
9,1,2026-05-23,narrative,beds_total,absent,0,0,""
9,1,2026-05-23,narrative,exits_24h,absent,0,0,""
9,1,2026-05-23,narrative,facility_closed,absent,0,0,""
9,1,2026-05-23,narrative,facility_expanded,absent,0,0,""
9,1,2026-05-23,narrative,facility_incident,absent,0,0,""
9,1,2026-05-23,narrative,facility_saturated,absent,0,0,""
9,1,2026-05-23,narrative,occupancy_rate,absent,0,0,""
9,1,2026-05-23,narrative,patients_confirmed,absent,0,0,""
9,1,2026-05-23,narrative,patients_isolated,absent,0,0,""
9,1,2026-05-23,narrative,patients_start_day,absent,0,0,""
9,1,2026-05-23,narrative,patients_suspect,absent,0,0,""
10,1,2026-05-24,narrative,admissions_24h,absent,0,0,""
10,1,2026-05-24,narrative,admissions_cumulative,absent,0,0,""
10,1,2026-05-24,narrative,beds_total,absent,0,0,""
10,1,2026-05-24,narrative,exits_24h,absent,0,0,""
10,1,2026-05-24,narrative,facility_closed,absent,0,0,""
10,1,2026-05-24,narrative,facility_expanded,absent,0,0,""
10,1,2026-05-24,narrative,facility_incident,reported,1,0,ct-rwampara
10,1,2026-05-24,narrative,facility_saturated,absent,0,0,""
10,1,2026-05-24,narrative,occupancy_rate,absent,0,0,""
10,1,2026-05-24,narrative,patients_confirmed,absent,0,0,""
10,1,2026-05-24,narrative,patients_isolated,absent,0,0,""
10,1,2026-05-24,narrative,patients_start_day,absent,0,0,""
10,1,2026-05-24,narrative,patients_suspect,absent,0,0,""
11,1,2026-05-25,narrative,admissions_24h,absent,0,0,""
11,1,2026-05-25,narrative,admissions_cumulative,absent,0,0,""
11,1,2026-05-25,narrative,beds_total,absent,0,0,""
11,1,2026-05-25,narrative,exits_24h,absent,0,0,""
11,1,2026-05-25,narrative,facility_closed,absent,0,0,""
11,1,2026-05-25,narrative,facility_expanded,absent,0,0,""
11,1,2026-05-25,narrative,facility_incident,absent,0,0,""
11,1,2026-05-25,narrative,facility_saturated,absent,0,0,""
11,1,2026-05-25,narrative,occupancy_rate,absent,0,0,""
11,1,2026-05-25,narrative,patients_confirmed,absent,0,0,""
11,1,2026-05-25,narrative,patients_isolated,absent,0,0,""
11,1,2026-05-25,narrative,patients_start_day,absent,0,0,""
11,1,2026-05-25,narrative,patients_suspect,absent,0,0,""
12,1,2026-05-26,narrative,admissions_24h,absent,0,0,""
12,1,2026-05-26,narrative,admissions_cumulative,absent,0,0,""
12,1,2026-05-26,narrative,beds_total,absent,0,0,""
12,1,2026-05-26,narrative,exits_24h,absent,0,0,""
12,1,2026-05-26,narrative,facility_closed,absent,0,0,""
12,1,2026-05-26,narrative,facility_expanded,absent,0,0,""
12,1,2026-05-26,narrative,facility_incident,absent,0,0,""
12,1,2026-05-26,narrative,facility_saturated,absent,0,0,""
12,1,2026-05-26,narrative,occupancy_rate,absent,0,0,""
12,1,2026-05-26,narrative,patients_confirmed,absent,0,0,""
12,1,2026-05-26,narrative,patients_isolated,absent,0,0,""
12,1,2026-05-26,narrative,patients_start_day,absent,0,0,""
12,1,2026-05-26,narrative,patients_suspect,absent,0,0,""
12,2,2026-05-26,narrative,admissions_24h,absent,0,0,""
12,2,2026-05-26,narrative,admissions_cumulative,absent,0,0,""
12,2,2026-05-26,narrative,beds_total,absent,0,0,""
12,2,2026-05-26,narrative,exits_24h,absent,0,0,""
12,2,2026-05-26,narrative,facility_closed,absent,0,0,""
12,2,2026-05-26,narrative,facility_expanded,absent,0,0,""
12,2,2026-05-26,narrative,facility_incident,absent,0,0,""
12,2,2026-05-26,narrative,facility_saturated,absent,0,0,""
12,2,2026-05-26,narrative,occupancy_rate,absent,0,0,""
12,2,2026-05-26,narrative,patients_confirmed,absent,0,0,""
12,2,2026-05-26,narrative,patients_isolated,absent,0,0,""
12,2,2026-05-26,narrative,patients_start_day,absent,0,0,""
12,2,2026-05-26,narrative,patients_suspect,absent,0,0,""
13,1,2026-05-27,narrative,admissions_24h,absent,0,0,""
13,1,2026-05-27,narrative,admissions_cumulative,absent,0,0,""
13,1,2026-05-27,narrative,beds_total,absent,0,0,""
13,1,2026-05-27,narrative,exits_24h,absent,0,0,""
13,1,2026-05-27,narrative,facility_closed,absent,0,0,""
13,1,2026-05-27,narrative,facility_expanded,absent,0,0,""
13,1,2026-05-27,narrative,facility_incident,reported,1,0,ct-rwampara
13,1,2026-05-27,narrative,facility_saturated,absent,0,0,""
13,1,2026-05-27,narrative,occupancy_rate,absent,0,0,""
13,1,2026-05-27,narrative,patients_confirmed,absent,0,0,""
13,1,2026-05-27,narrative,patients_isolated,absent,0,0,""
13,1,2026-05-27,narrative,patients_start_day,absent,0,0,""
13,1,2026-05-27,narrative,patients_suspect,absent,0,0,""
14,1,2026-05-28,narrative,admissions_24h,absent,0,0,""
14,1,2026-05-28,narrative,admissions_cumulative,absent,0,0,""
14,1,2026-05-28,narrative,beds_total,absent,0,0,""
14,1,2026-05-28,narrative,exits_24h,absent,0,0,""
14,1,2026-05-28,narrative,facility_closed,absent,0,0,""
14,1,2026-05-28,narrative,facility_expanded,absent,0,0,""
14,1,2026-05-28,narrative,facility_incident,absent,0,0,""
14,1,2026-05-28,narrative,facility_saturated,absent,0,0,""
14,1,2026-05-28,narrative,occupancy_rate,absent,0,0,""
14,1,2026-05-28,narrative,patients_confirmed,absent,0,0,""
14,1,2026-05-28,narrative,patients_isolated,absent,0,0,""
14,1,2026-05-28,narrative,patients_start_day,absent,0,0,""
14,1,2026-05-28,narrative,patients_suspect,absent,0,0,""
15,1,2026-05-29,narrative,admissions_24h,absent,0,0,""
15,1,2026-05-29,narrative,admissions_cumulative,absent,0,0,""
15,1,2026-05-29,narrative,beds_total,absent,0,0,""
15,1,2026-05-29,narrative,exits_24h,absent,0,0,""
15,1,2026-05-29,narrative,facility_closed,absent,0,0,""
15,1,2026-05-29,narrative,facility_expanded,absent,0,0,""
15,1,2026-05-29,narrative,facility_incident,absent,0,0,""
15,1,2026-05-29,narrative,facility_saturated,absent,0,0,""
15,1,2026-05-29,narrative,occupancy_rate,absent,0,0,""
15,1,2026-05-29,narrative,patients_confirmed,absent,0,0,""
15,1,2026-05-29,narrative,patients_isolated,absent,0,0,""
15,1,2026-05-29,narrative,patients_start_day,absent,0,0,""
15,1,2026-05-29,narrative,patients_suspect,absent,0,0,""
16,1,2026-05-30,narrative,admissions_24h,absent,0,0,""
16,1,2026-05-30,narrative,admissions_cumulative,absent,0,0,""
16,1,2026-05-30,narrative,beds_total,absent,0,0,""
16,1,2026-05-30,narrative,exits_24h,absent,0,0,""
16,1,2026-05-30,narrative,facility_closed,absent,0,0,""
16,1,2026-05-30,narrative,facility_expanded,absent,0,0,""
16,1,2026-05-30,narrative,facility_incident,absent,0,0,""
16,1,2026-05-30,narrative,facility_saturated,absent,0,0,""
16,1,2026-05-30,narrative,occupancy_rate,absent,0,0,""
16,1,2026-05-30,narrative,patients_confirmed,absent,0,0,""
16,1,2026-05-30,narrative,patients_isolated,absent,0,0,""
16,1,2026-05-30,narrative,patients_start_day,absent,0,0,""
16,1,2026-05-30,narrative,patients_suspect,absent,0,0,""
17,1,2026-05-31,narrative,admissions_24h,absent,0,0,""
17,1,2026-05-31,narrative,admissions_cumulative,absent,0,0,""
17,1,2026-05-31,narrative,beds_total,absent,0,0,""
17,1,2026-05-31,narrative,exits_24h,absent,0,0,""
17,1,2026-05-31,narrative,facility_closed,absent,0,0,""
17,1,2026-05-31,narrative,facility_expanded,absent,0,0,""
17,1,2026-05-31,narrative,facility_incident,absent,0,0,""
17,1,2026-05-31,narrative,facility_saturated,absent,0,0,""
17,1,2026-05-31,narrative,occupancy_rate,absent,0,0,""
17,1,2026-05-31,narrative,patients_confirmed,absent,0,0,""
17,1,2026-05-31,narrative,patients_isolated,absent,0,0,""
17,1,2026-05-31,narrative,patients_start_day,absent,0,0,""
17,1,2026-05-31,narrative,patients_suspect,absent,0,0,""
18,1,2026-06-01,narrative,admissions_24h,absent,0,0,""
18,1,2026-06-01,narrative,admissions_cumulative,absent,0,0,""
18,1,2026-06-01,narrative,beds_total,absent,0,0,""
18,1,2026-06-01,narrative,exits_24h,reported,4,0,ensemble;ituri;nord-kivu;sud-kivu
18,1,2026-06-01,narrative,facility_closed,absent,0,0,""
18,1,2026-06-01,narrative,facility_expanded,absent,0,0,""
18,1,2026-06-01,narrative,facility_incident,absent,0,0,""
18,1,2026-06-01,narrative,facility_saturated,absent,0,0,""
18,1,2026-06-01,narrative,occupancy_rate,absent,0,0,""
18,1,2026-06-01,narrative,patients_confirmed,absent,0,0,""
18,1,2026-06-01,narrative,patients_isolated,reported,4,0,ensemble;ituri;nord-kivu;sud-kivu
18,1,2026-06-01,narrative,patients_start_day,absent,0,0,""
18,1,2026-06-01,narrative,patients_suspect,absent,0,0,""
19,1,2026-06-02,table,admissions_24h,reported,4,0,ensemble;ituri;nord-kivu;sud-kivu
19,1,2026-06-02,table,admissions_cumulative,absent,0,0,""
19,1,2026-06-02,table,beds_total,absent,0,0,""
19,1,2026-06-02,table,exits_24h,reported,4,0,ensemble;ituri;nord-kivu;sud-kivu
19,1,2026-06-02,table,facility_closed,absent,0,0,""
19,1,2026-06-02,table,facility_expanded,absent,0,0,""
19,1,2026-06-02,table,facility_incident,absent,0,0,""
19,1,2026-06-02,table,facility_saturated,absent,0,0,""
19,1,2026-06-02,table,occupancy_rate,absent,0,0,""
19,1,2026-06-02,table,patients_confirmed,reported,4,0,ensemble;ituri;nord-kivu;sud-kivu
19,1,2026-06-02,table,patients_isolated,reported,4,0,ensemble;ituri;nord-kivu;sud-kivu
19,1,2026-06-02,table,patients_start_day,reported,4,0,ensemble;ituri;nord-kivu;sud-kivu
19,1,2026-06-02,table,patients_suspect,reported,4,0,ensemble;ituri;nord-kivu;sud-kivu
20,1,2026-06-03,table,admissions_24h,reported,4,0,ensemble;ituri;nord-kivu;sud-kivu
20,1,2026-06-03,table,admissions_cumulative,absent,0,0,""
20,1,2026-06-03,table,beds_total,absent,0,0,""
20,1,2026-06-03,table,exits_24h,reported,4,0,ensemble;ituri;nord-kivu;sud-kivu
20,1,2026-06-03,table,facility_closed,absent,0,0,""
20,1,2026-06-03,table,facility_expanded,absent,0,0,""
20,1,2026-06-03,table,facility_incident,absent,0,0,""
20,1,2026-06-03,table,facility_saturated,absent,0,0,""
20,1,2026-06-03,table,occupancy_rate,absent,0,0,""
20,1,2026-06-03,table,patients_confirmed,reported,4,0,ensemble;ituri;nord-kivu;sud-kivu
20,1,2026-06-03,table,patients_isolated,reported,4,0,ensemble;ituri;nord-kivu;sud-kivu
20,1,2026-06-03,table,patients_start_day,reported,4,0,ensemble;ituri;nord-kivu;sud-kivu
20,1,2026-06-03,table,patients_suspect,reported,4,0,ensemble;ituri;nord-kivu;sud-kivu
21,1,2026-06-04,table,admissions_24h,reported,4,0,ensemble;ituri;nord-kivu;sud-kivu
21,1,2026-06-04,table,admissions_cumulative,absent,0,0,""
21,1,2026-06-04,table,beds_total,absent,0,0,""
21,1,2026-06-04,table,exits_24h,reported,4,0,ensemble;ituri;nord-kivu;sud-kivu
21,1,2026-06-04,table,facility_closed,absent,0,0,""
21,1,2026-06-04,table,facility_expanded,absent,0,0,""
21,1,2026-06-04,table,facility_incident,absent,0,0,""
21,1,2026-06-04,table,facility_saturated,absent,0,0,""
21,1,2026-06-04,table,occupancy_rate,absent,0,0,""
21,1,2026-06-04,table,patients_confirmed,reported,4,0,ensemble;ituri;nord-kivu;sud-kivu
21,1,2026-06-04,table,patients_isolated,reported,4,0,ensemble;ituri;nord-kivu;sud-kivu
21,1,2026-06-04,table,patients_start_day,reported,4,0,ensemble;ituri;nord-kivu;sud-kivu
21,1,2026-06-04,table,patients_suspect,reported,4,0,ensemble;ituri;nord-kivu;sud-kivu
22,1,2026-06-05,table,admissions_24h,reported,4,0,ensemble;ituri;nord-kivu;sud-kivu
22,1,2026-06-05,table,admissions_cumulative,absent,0,0,""
22,1,2026-06-05,table,beds_total,absent,0,0,""
22,1,2026-06-05,table,exits_24h,reported,4,0,ensemble;ituri;nord-kivu;sud-kivu
22,1,2026-06-05,table,facility_closed,absent,0,0,""
22,1,2026-06-05,table,facility_expanded,absent,0,0,""
22,1,2026-06-05,table,facility_incident,absent,0,0,""
22,1,2026-06-05,table,facility_saturated,absent,0,0,""
22,1,2026-06-05,table,occupancy_rate,absent,0,0,""
22,1,2026-06-05,table,patients_confirmed,reported,4,0,ensemble;ituri;nord-kivu;sud-kivu
22,1,2026-06-05,table,patients_isolated,absent,0,0,""
22,1,2026-06-05,table,patients_start_day,reported,4,0,ensemble;ituri;nord-kivu;sud-kivu
22,1,2026-06-05,table,patients_suspect,reported,4,0,ensemble;ituri;nord-kivu;sud-kivu
23,1,2026-06-06,table,admissions_24h,reported,4,0,ensemble;ituri;nord-kivu;sud-kivu
23,1,2026-06-06,table,admissions_cumulative,absent,0,0,""
23,1,2026-06-06,table,beds_total,absent,0,0,""
23,1,2026-06-06,table,exits_24h,reported,4,0,ensemble;ituri;nord-kivu;sud-kivu
23,1,2026-06-06,table,facility_closed,absent,0,0,""
23,1,2026-06-06,table,facility_expanded,absent,0,0,""
23,1,2026-06-06,table,facility_incident,absent,0,0,""
23,1,2026-06-06,table,facility_saturated,absent,0,0,""
23,1,2026-06-06,table,occupancy_rate,absent,0,0,""
23,1,2026-06-06,table,patients_confirmed,reported,4,0,ensemble;ituri;nord-kivu;sud-kivu
23,1,2026-06-06,table,patients_isolated,absent,0,0,""
23,1,2026-06-06,table,patients_start_day,reported,4,0,ensemble;ituri;nord-kivu;sud-kivu
23,1,2026-06-06,table,patients_suspect,reported,4,0,ensemble;ituri;nord-kivu;sud-kivu
24,1,2026-06-07,table,admissions_24h,reported,4,0,ensemble;ituri;nord-kivu;sud-kivu
24,1,2026-06-07,table,admissions_cumulative,absent,0,0,""
24,1,2026-06-07,table,beds_total,absent,0,0,""
24,1,2026-06-07,table,exits_24h,reported,4,0,ensemble;ituri;nord-kivu;sud-kivu
24,1,2026-06-07,table,facility_closed,absent,0,0,""
24,1,2026-06-07,table,facility_expanded,absent,0,0,""
24,1,2026-06-07,table,facility_incident,absent,0,0,""
24,1,2026-06-07,table,facility_saturated,absent,0,0,""
24,1,2026-06-07,table,occupancy_rate,absent,0,0,""
24,1,2026-06-07,table,patients_confirmed,reported,4,0,ensemble;ituri;nord-kivu;sud-kivu
24,1,2026-06-07,table,patients_isolated,reported,4,0,ensemble;ituri;nord-kivu;sud-kivu
24,1,2026-06-07,table,patients_start_day,reported,4,0,ensemble;ituri;nord-kivu;sud-kivu
24,1,2026-06-07,table,patients_suspect,reported,4,0,ensemble;ituri;nord-kivu;sud-kivu
25,1,2026-06-08,table,admissions_24h,reported,4,0,ensemble;ituri;nord-kivu;sud-kivu
25,1,2026-06-08,table,admissions_cumulative,absent,0,0,""
25,1,2026-06-08,table,beds_total,absent,0,0,""
25,1,2026-06-08,table,exits_24h,reported,4,0,ensemble;ituri;nord-kivu;sud-kivu
25,1,2026-06-08,table,facility_closed,absent,0,0,""
25,1,2026-06-08,table,facility_expanded,absent,0,0,""
25,1,2026-06-08,table,facility_incident,absent,0,0,""
25,1,2026-06-08,table,facility_saturated,absent,0,0,""
25,1,2026-06-08,table,occupancy_rate,absent,0,0,""
25,1,2026-06-08,table,patients_confirmed,reported,4,0,ensemble;ituri;nord-kivu;sud-kivu
25,1,2026-06-08,table,patients_isolated,reported,4,0,ensemble;ituri;nord-kivu;sud-kivu
25,1,2026-06-08,table,patients_start_day,reported,4,0,ensemble;ituri;nord-kivu;sud-kivu
25,1,2026-06-08,table,patients_suspect,reported,4,0,ensemble;ituri;nord-kivu;sud-kivu
26,1,2026-06-09,table,admissions_24h,reported,4,0,ensemble;ituri;nord-kivu;sud-kivu
26,1,2026-06-09,table,admissions_cumulative,absent,0,0,""
26,1,2026-06-09,table,beds_total,absent,0,0,""
26,1,2026-06-09,table,exits_24h,reported,4,0,ensemble;ituri;nord-kivu;sud-kivu
26,1,2026-06-09,table,facility_closed,absent,0,0,""
26,1,2026-06-09,table,facility_expanded,absent,0,0,""
26,1,2026-06-09,table,facility_incident,absent,0,0,""
26,1,2026-06-09,table,facility_saturated,absent,0,0,""
26,1,2026-06-09,table,occupancy_rate,absent,0,0,""
26,1,2026-06-09,table,patients_confirmed,reported,4,0,ensemble;ituri;nord-kivu;sud-kivu
26,1,2026-06-09,table,patients_isolated,reported,4,0,ensemble;ituri;nord-kivu;sud-kivu
26,1,2026-06-09,table,patients_start_day,reported,4,0,ensemble;ituri;nord-kivu;sud-kivu
26,1,2026-06-09,table,patients_suspect,reported,4,0,ensemble;ituri;nord-kivu;sud-kivu
27,1,2026-06-10,table,admissions_24h,reported,4,0,ensemble;ituri;nord-kivu;sud-kivu
27,1,2026-06-10,table,admissions_cumulative,absent,0,0,""
27,1,2026-06-10,table,beds_total,absent,0,0,""
27,1,2026-06-10,table,exits_24h,reported,4,0,ensemble;ituri;nord-kivu;sud-kivu
27,1,2026-06-10,table,facility_closed,absent,0,0,""
27,1,2026-06-10,table,facility_expanded,reported,1,0,cte-cme-bunia
27,1,2026-06-10,table,facility_incident,absent,0,0,""
27,1,2026-06-10,table,facility_saturated,absent,0,0,""
27,1,2026-06-10,table,occupancy_rate,absent,0,0,""
27,1,2026-06-10,table,patients_confirmed,reported,4,0,ensemble;ituri;nord-kivu;sud-kivu
27,1,2026-06-10,table,patients_isolated,absent,0,0,""
27,1,2026-06-10,table,patients_start_day,reported,4,0,ensemble;ituri;nord-kivu;sud-kivu
27,1,2026-06-10,table,patients_suspect,reported,4,0,ensemble;ituri;nord-kivu;sud-kivu
28,1,2026-06-11,table,admissions_24h,reported,4,0,ensemble;ituri;nord-kivu;sud-kivu
28,1,2026-06-11,table,admissions_cumulative,absent,0,0,""
28,1,2026-06-11,table,beds_total,absent,0,0,""
28,1,2026-06-11,table,exits_24h,reported,4,0,ensemble;ituri;nord-kivu;sud-kivu
28,1,2026-06-11,table,facility_closed,absent,0,0,""
28,1,2026-06-11,table,facility_expanded,absent,0,0,""
28,1,2026-06-11,table,facility_incident,absent,0,0,""
28,1,2026-06-11,table,facility_saturated,absent,0,0,""
28,1,2026-06-11,table,occupancy_rate,reported,4,0,ensemble;ituri;nord-kivu;sud-kivu
28,1,2026-06-11,table,patients_confirmed,reported,4,0,ensemble;ituri;nord-kivu;sud-kivu
28,1,2026-06-11,table,patients_isolated,reported,4,0,ensemble;ituri;nord-kivu;sud-kivu
28,1,2026-06-11,table,patients_start_day,reported,4,0,ensemble;ituri;nord-kivu;sud-kivu
28,1,2026-06-11,table,patients_suspect,reported,4,0,ensemble;ituri;nord-kivu;sud-kivu
30,1,2026-06-13,table,admissions_24h,reported,4,0,ensemble;ituri;nord-kivu;sud-kivu
30,1,2026-06-13,table,admissions_cumulative,absent,0,0,""
30,1,2026-06-13,table,beds_total,absent,0,0,""
30,1,2026-06-13,table,exits_24h,reported,4,0,ensemble;ituri;nord-kivu;sud-kivu
30,1,2026-06-13,table,facility_closed,absent,0,0,""
30,1,2026-06-13,table,facility_expanded,reported,1,0,cte-cme-bunia
30,1,2026-06-13,table,facility_incident,absent,0,0,""
30,1,2026-06-13,table,facility_saturated,absent,0,0,""
30,1,2026-06-13,table,occupancy_rate,reported,4,0,ensemble;ituri;nord-kivu;sud-kivu
30,1,2026-06-13,table,patients_confirmed,reported,4,0,ensemble;ituri;nord-kivu;sud-kivu
30,1,2026-06-13,table,patients_isolated,reported,4,0,ensemble;ituri;nord-kivu;sud-kivu
30,1,2026-06-13,table,patients_start_day,reported,4,0,ensemble;ituri;nord-kivu;sud-kivu
30,1,2026-06-13,table,patients_suspect,reported,4,0,ensemble;ituri;nord-kivu;sud-kivu
31,1,2026-06-14,table,admissions_24h,reported,4,0,ensemble;ituri;nord-kivu;sud-kivu
31,1,2026-06-14,table,admissions_cumulative,absent,0,0,""
31,1,2026-06-14,table,beds_total,absent,0,0,""
31,1,2026-06-14,table,exits_24h,reported,4,0,ensemble;ituri;nord-kivu;sud-kivu
31,1,2026-06-14,table,facility_closed,absent,0,0,""
31,1,2026-06-14,table,facility_expanded,absent,0,0,""
31,1,2026-06-14,table,facility_incident,absent,0,0,""
31,1,2026-06-14,table,facility_saturated,absent,0,0,""
31,1,2026-06-14,table,occupancy_rate,reported,4,0,ensemble;ituri;nord-kivu;sud-kivu
31,1,2026-06-14,table,patients_confirmed,reported,4,0,ensemble;ituri;nord-kivu;sud-kivu
31,1,2026-06-14,table,patients_isolated,absent,0,0,""
31,1,2026-06-14,table,patients_start_day,reported,4,0,ensemble;ituri;nord-kivu;sud-kivu
31,1,2026-06-14,table,patients_suspect,reported,4,0,ensemble;ituri;nord-kivu;sud-kivu
32,1,2026-06-15,table,admissions_24h,reported,4,0,ensemble;ituri;nord-kivu;sud-kivu
32,1,2026-06-15,table,admissions_cumulative,absent,0,0,""
32,1,2026-06-15,table,beds_total,absent,0,0,""
32,1,2026-06-15,table,exits_24h,reported,4,0,ensemble;ituri;nord-kivu;sud-kivu
32,1,2026-06-15,table,facility_closed,absent,0,0,""
32,1,2026-06-15,table,facility_expanded,reported,1,0,cte-bunia
32,1,2026-06-15,table,facility_incident,absent,0,0,""
32,1,2026-06-15,table,facility_saturated,absent,0,0,""
32,1,2026-06-15,table,occupancy_rate,reported,4,0,ensemble;ituri;nord-kivu;sud-kivu
32,1,2026-06-15,table,patients_confirmed,reported,4,0,ensemble;ituri;nord-kivu;sud-kivu
32,1,2026-06-15,table,patients_isolated,reported,4,0,ensemble;ituri;nord-kivu;sud-kivu
32,1,2026-06-15,table,patients_start_day,reported,4,0,ensemble;ituri;nord-kivu;sud-kivu
32,1,2026-06-15,table,patients_suspect,reported,4,0,ensemble;ituri;nord-kivu;sud-kivu
33,1,2026-06-16,table,admissions_24h,reported,4,0,ensemble;ituri;nord-kivu;sud-kivu
33,1,2026-06-16,table,admissions_cumulative,absent,0,0,""
33,1,2026-06-16,table,beds_total,absent,0,0,""
33,1,2026-06-16,table,exits_24h,reported,4,0,ensemble;ituri;nord-kivu;sud-kivu
33,1,2026-06-16,table,facility_closed,absent,0,0,""
33,1,2026-06-16,table,facility_expanded,absent,0,0,""
33,1,2026-06-16,table,facility_incident,absent,0,0,""
33,1,2026-06-16,table,facility_saturated,absent,0,0,""
33,1,2026-06-16,table,occupancy_rate,reported,4,0,ensemble;ituri;nord-kivu;sud-kivu
33,1,2026-06-16,table,patients_confirmed,reported,4,0,ensemble;ituri;nord-kivu;sud-kivu
33,1,2026-06-16,table,patients_isolated,reported,4,0,ensemble;ituri;nord-kivu;sud-kivu
33,1,2026-06-16,table,patients_start_day,reported,4,0,ensemble;ituri;nord-kivu;sud-kivu
33,1,2026-06-16,table,patients_suspect,reported,4,0,ensemble;ituri;nord-kivu;sud-kivu
34,1,2026-06-17,table,admissions_24h,reported,3,1,ensemble;ituri;nord-kivu
34,1,2026-06-17,table,admissions_cumulative,absent,0,0,""
34,1,2026-06-17,table,beds_total,absent,0,0,""
34,1,2026-06-17,table,exits_24h,reported,3,1,ensemble;ituri;nord-kivu
34,1,2026-06-17,table,facility_closed,absent,0,0,""
34,1,2026-06-17,table,facility_expanded,absent,0,0,""
34,1,2026-06-17,table,facility_incident,absent,0,0,""
34,1,2026-06-17,table,facility_saturated,absent,0,0,""
34,1,2026-06-17,table,occupancy_rate,reported,3,1,ensemble;ituri;nord-kivu
34,1,2026-06-17,table,patients_confirmed,reported,3,1,ensemble;ituri;nord-kivu
34,1,2026-06-17,table,patients_isolated,reported,3,1,ensemble;ituri;nord-kivu
34,1,2026-06-17,table,patients_start_day,reported,3,1,ensemble;ituri;nord-kivu
34,1,2026-06-17,table,patients_suspect,reported,3,1,ensemble;ituri;nord-kivu
35,1,2026-06-18,table,admissions_24h,reported,4,0,ensemble;ituri;nord-kivu;sud-kivu
35,1,2026-06-18,table,admissions_cumulative,absent,0,0,""
35,1,2026-06-18,table,beds_total,absent,0,0,""
35,1,2026-06-18,table,exits_24h,reported,4,0,ensemble;ituri;nord-kivu;sud-kivu
35,1,2026-06-18,table,facility_closed,absent,0,0,""
35,1,2026-06-18,table,facility_expanded,absent,0,0,""
35,1,2026-06-18,table,facility_incident,absent,0,0,""
35,1,2026-06-18,table,facility_saturated,absent,0,0,""
35,1,2026-06-18,table,occupancy_rate,reported,4,0,ensemble;ituri;nord-kivu;sud-kivu
35,1,2026-06-18,table,patients_confirmed,reported,4,0,ensemble;ituri;nord-kivu;sud-kivu
35,1,2026-06-18,table,patients_isolated,reported,4,0,ensemble;ituri;nord-kivu;sud-kivu
35,1,2026-06-18,table,patients_start_day,reported,4,0,ensemble;ituri;nord-kivu;sud-kivu
35,1,2026-06-18,table,patients_suspect,reported,4,0,ensemble;ituri;nord-kivu;sud-kivu
36,1,2026-06-19,table,admissions_24h,reported,3,1,ensemble;ituri;nord-kivu
36,1,2026-06-19,table,admissions_cumulative,absent,0,0,""
36,1,2026-06-19,table,beds_total,absent,0,0,""
36,1,2026-06-19,table,exits_24h,reported,3,1,ensemble;ituri;nord-kivu
36,1,2026-06-19,table,facility_closed,absent,0,0,""
36,1,2026-06-19,table,facility_expanded,absent,0,0,""
36,1,2026-06-19,table,facility_incident,absent,0,0,""
36,1,2026-06-19,table,facility_saturated,absent,0,0,""
36,1,2026-06-19,table,occupancy_rate,reported,3,1,ensemble;ituri;nord-kivu
36,1,2026-06-19,table,patients_confirmed,reported,3,1,ensemble;ituri;nord-kivu
36,1,2026-06-19,table,patients_isolated,reported,3,1,ensemble;ituri;nord-kivu
36,1,2026-06-19,table,patients_start_day,reported,3,1,ensemble;ituri;nord-kivu
36,1,2026-06-19,table,patients_suspect,reported,3,1,ensemble;ituri;nord-kivu
37,1,2026-06-20,table,admissions_24h,reported,4,0,ensemble;ituri;nord-kivu;sud-kivu
37,1,2026-06-20,table,admissions_cumulative,absent,0,0,""
37,1,2026-06-20,table,beds_total,absent,0,0,""
37,1,2026-06-20,table,exits_24h,reported,4,0,ensemble;ituri;nord-kivu;sud-kivu
37,1,2026-06-20,table,facility_closed,absent,0,0,""
37,1,2026-06-20,table,facility_expanded,absent,0,0,""
37,1,2026-06-20,table,facility_incident,absent,0,0,""
37,1,2026-06-20,table,facility_saturated,absent,0,0,""
37,1,2026-06-20,table,occupancy_rate,reported,4,0,ensemble;ituri;nord-kivu;sud-kivu
37,1,2026-06-20,table,patients_confirmed,reported,4,0,ensemble;ituri;nord-kivu;sud-kivu
37,1,2026-06-20,table,patients_isolated,reported,4,0,ensemble;ituri;nord-kivu;sud-kivu
37,1,2026-06-20,table,patients_start_day,reported,4,0,ensemble;ituri;nord-kivu;sud-kivu
37,1,2026-06-20,table,patients_suspect,reported,4,0,ensemble;ituri;nord-kivu;sud-kivu
38,1,2026-06-21,table,admissions_24h,reported,4,0,ensemble;ituri;nord-kivu;sud-kivu
38,1,2026-06-21,table,admissions_cumulative,absent,0,0,""
38,1,2026-06-21,table,beds_total,absent,0,0,""
38,1,2026-06-21,table,exits_24h,reported,4,0,ensemble;ituri;nord-kivu;sud-kivu
38,1,2026-06-21,table,facility_closed,absent,0,0,""
38,1,2026-06-21,table,facility_expanded,absent,0,0,""
38,1,2026-06-21,table,facility_incident,absent,0,0,""
38,1,2026-06-21,table,facility_saturated,absent,0,0,""
38,1,2026-06-21,table,occupancy_rate,reported,4,0,ensemble;ituri;nord-kivu;sud-kivu
38,1,2026-06-21,table,patients_confirmed,reported,4,0,ensemble;ituri;nord-kivu;sud-kivu
38,1,2026-06-21,table,patients_isolated,reported,4,0,ensemble;ituri;nord-kivu;sud-kivu
38,1,2026-06-21,table,patients_start_day,reported,4,0,ensemble;ituri;nord-kivu;sud-kivu
38,1,2026-06-21,table,patients_suspect,reported,4,0,ensemble;ituri;nord-kivu;sud-kivu
39,1,2026-06-22,table,admissions_24h,reported,4,0,ensemble;ituri;nord-kivu;sud-kivu
39,1,2026-06-22,table,admissions_cumulative,absent,0,0,""
39,1,2026-06-22,table,beds_total,absent,0,0,""
39,1,2026-06-22,table,exits_24h,reported,4,0,ensemble;ituri;nord-kivu;sud-kivu
39,1,2026-06-22,table,facility_closed,absent,0,0,""
39,1,2026-06-22,table,facility_expanded,absent,0,0,""
39,1,2026-06-22,table,facility_incident,absent,0,0,""
39,1,2026-06-22,table,facility_saturated,absent,0,0,""
39,1,2026-06-22,table,occupancy_rate,reported,4,0,ensemble;ituri;nord-kivu;sud-kivu
39,1,2026-06-22,table,patients_confirmed,reported,4,0,ensemble;ituri;nord-kivu;sud-kivu
39,1,2026-06-22,table,patients_isolated,reported,4,0,ensemble;ituri;nord-kivu;sud-kivu
39,1,2026-06-22,table,patients_start_day,reported,4,0,ensemble;ituri;nord-kivu;sud-kivu
39,1,2026-06-22,table,patients_suspect,reported,4,0,ensemble;ituri;nord-kivu;sud-kivu
40,1,2026-06-23,table,admissions_24h,reported,4,0,ensemble;ituri;nord-kivu;sud-kivu
40,1,2026-06-23,table,admissions_cumulative,absent,0,0,""
40,1,2026-06-23,table,beds_total,absent,0,0,""
40,1,2026-06-23,table,exits_24h,reported,4,0,ensemble;ituri;nord-kivu;sud-kivu
40,1,2026-06-23,table,facility_closed,absent,0,0,""
40,1,2026-06-23,table,facility_expanded,reported,1,0,cte-rwampara
40,1,2026-06-23,table,facility_incident,absent,0,0,""
40,1,2026-06-23,table,facility_saturated,absent,0,0,""
40,1,2026-06-23,table,occupancy_rate,reported,4,0,ensemble;ituri;nord-kivu;sud-kivu
40,1,2026-06-23,table,patients_confirmed,reported,4,0,ensemble;ituri;nord-kivu;sud-kivu
40,1,2026-06-23,table,patients_isolated,reported,4,0,ensemble;ituri;nord-kivu;sud-kivu
40,1,2026-06-23,table,patients_start_day,reported,4,0,ensemble;ituri;nord-kivu;sud-kivu
40,1,2026-06-23,table,patients_suspect,reported,4,0,ensemble;ituri;nord-kivu;sud-kivu
41,1,2026-06-24,table,admissions_24h,reported,4,0,ensemble;ituri;nord-kivu;sud-kivu
41,1,2026-06-24,table,admissions_cumulative,absent,0,0,""
41,1,2026-06-24,table,beds_total,absent,0,0,""
41,1,2026-06-24,table,exits_24h,reported,4,0,ensemble;ituri;nord-kivu;sud-kivu
41,1,2026-06-24,table,facility_closed,absent,0,0,""
41,1,2026-06-24,table,facility_expanded,reported,2,0,cte-bunia;cte-rwampara
41,1,2026-06-24,table,facility_incident,absent,0,0,""
41,1,2026-06-24,table,facility_saturated,absent,0,0,""
41,1,2026-06-24,table,occupancy_rate,reported,4,0,ensemble;ituri;nord-kivu;sud-kivu
41,1,2026-06-24,table,patients_confirmed,reported,4,0,ensemble;ituri;nord-kivu;sud-kivu
41,1,2026-06-24,table,patients_isolated,reported,4,0,ensemble;ituri;nord-kivu;sud-kivu
41,1,2026-06-24,table,patients_start_day,reported,4,0,ensemble;ituri;nord-kivu;sud-kivu
41,1,2026-06-24,table,patients_suspect,reported,4,0,ensemble;ituri;nord-kivu;sud-kivu
42,1,2026-06-25,table,admissions_24h,reported,4,0,ensemble;ituri;nord-kivu;sud-kivu
42,1,2026-06-25,table,admissions_cumulative,absent,0,0,""
42,1,2026-06-25,table,beds_total,absent,0,0,""
42,1,2026-06-25,table,exits_24h,reported,4,0,ensemble;ituri;nord-kivu;sud-kivu
42,1,2026-06-25,table,facility_closed,absent,0,0,""
42,1,2026-06-25,table,facility_expanded,absent,0,0,""
42,1,2026-06-25,table,facility_incident,absent,0,0,""
42,1,2026-06-25,table,facility_saturated,absent,0,0,""
42,1,2026-06-25,table,occupancy_rate,reported,4,0,ensemble;ituri;nord-kivu;sud-kivu
42,1,2026-06-25,table,patients_confirmed,reported,4,0,ensemble;ituri;nord-kivu;sud-kivu
42,1,2026-06-25,table,patients_isolated,reported,4,0,ensemble;ituri;nord-kivu;sud-kivu
42,1,2026-06-25,table,patients_start_day,reported,4,0,ensemble;ituri;nord-kivu;sud-kivu
42,1,2026-06-25,table,patients_suspect,reported,4,0,ensemble;ituri;nord-kivu;sud-kivu
44,1,2026-06-27,table,admissions_24h,reported,4,0,ensemble;ituri;nord-kivu;sud-kivu
44,1,2026-06-27,table,admissions_cumulative,absent,0,0,""
44,1,2026-06-27,table,beds_total,absent,0,0,""
44,1,2026-06-27,table,exits_24h,reported,4,0,ensemble;ituri;nord-kivu;sud-kivu
44,1,2026-06-27,table,facility_closed,absent,0,0,""
44,1,2026-06-27,table,facility_expanded,absent,0,0,""
44,1,2026-06-27,table,facility_incident,absent,0,0,""
44,1,2026-06-27,table,facility_saturated,absent,0,0,""
44,1,2026-06-27,table,occupancy_rate,reported,4,0,ensemble;ituri;nord-kivu;sud-kivu
44,1,2026-06-27,table,patients_confirmed,reported,4,0,ensemble;ituri;nord-kivu;sud-kivu
44,1,2026-06-27,table,patients_isolated,reported,4,0,ensemble;ituri;nord-kivu;sud-kivu
44,1,2026-06-27,table,patients_start_day,reported,4,0,ensemble;ituri;nord-kivu;sud-kivu
44,1,2026-06-27,table,patients_suspect,reported,4,0,ensemble;ituri;nord-kivu;sud-kivu
46,1,2026-06-29,table,admissions_24h,reported,4,0,ensemble;ituri;nord-kivu;sud-kivu
46,1,2026-06-29,table,admissions_cumulative,absent,0,0,""
46,1,2026-06-29,table,beds_total,absent,0,0,""
46,1,2026-06-29,table,exits_24h,reported,4,0,ensemble;ituri;nord-kivu;sud-kivu
46,1,2026-06-29,table,facility_closed,absent,0,0,""
46,1,2026-06-29,table,facility_expanded,absent,0,0,""
46,1,2026-06-29,table,facility_incident,absent,0,0,""
46,1,2026-06-29,table,facility_saturated,absent,0,0,""
46,1,2026-06-29,table,occupancy_rate,reported,4,0,ensemble;ituri;nord-kivu;sud-kivu
46,1,2026-06-29,table,patients_confirmed,reported,4,0,ensemble;ituri;nord-kivu;sud-kivu
46,1,2026-06-29,table,patients_isolated,reported,4,0,ensemble;ituri;nord-kivu;sud-kivu
46,1,2026-06-29,table,patients_start_day,reported,4,0,ensemble;ituri;nord-kivu;sud-kivu
46,1,2026-06-29,table,patients_suspect,reported,4,0,ensemble;ituri;nord-kivu;sud-kivu
47,1,2026-06-30,table,admissions_24h,absent,0,0,""
47,1,2026-06-30,table,admissions_cumulative,absent,0,0,""
47,1,2026-06-30,table,beds_total,absent,0,0,""
47,1,2026-06-30,table,exits_24h,absent,0,0,""
47,1,2026-06-30,table,facility_closed,absent,0,0,""
47,1,2026-06-30,table,facility_expanded,absent,0,0,""
47,1,2026-06-30,table,facility_incident,absent,0,0,""
47,1,2026-06-30,table,facility_saturated,absent,0,0,""
47,1,2026-06-30,table,occupancy_rate,absent,0,0,""
47,1,2026-06-30,table,patients_confirmed,absent,0,0,""
47,1,2026-06-30,table,patients_isolated,absent,0,0,""
47,1,2026-06-30,table,patients_start_day,absent,0,0,""
47,1,2026-06-30,table,patients_suspect,absent,0,0,""
48,1,2026-07-01,table,admissions_24h,absent,0,0,""
48,1,2026-07-01,table,admissions_cumulative,absent,0,0,""
48,1,2026-07-01,table,beds_total,absent,0,0,""
48,1,2026-07-01,table,exits_24h,absent,0,0,""
48,1,2026-07-01,table,facility_closed,absent,0,0,""
48,1,2026-07-01,table,facility_expanded,absent,0,0,""
48,1,2026-07-01,table,facility_incident,absent,0,0,""
48,1,2026-07-01,table,facility_saturated,absent,0,0,""
48,1,2026-07-01,table,occupancy_rate,absent,0,0,""
48,1,2026-07-01,table,patients_confirmed,absent,0,0,""
48,1,2026-07-01,table,patients_isolated,absent,0,0,""
48,1,2026-07-01,table,patients_start_day,absent,0,0,""
48,1,2026-07-01,table,patients_suspect,absent,0,0,""
49,1,2026-07-02,table,admissions_24h,reported,4,0,ensemble;ituri;nord-kivu;sud-kivu
49,1,2026-07-02,table,admissions_cumulative,absent,0,0,""
49,1,2026-07-02,table,beds_total,absent,0,0,""
49,1,2026-07-02,table,exits_24h,reported,4,0,ensemble;ituri;nord-kivu;sud-kivu
49,1,2026-07-02,table,facility_closed,absent,0,0,""
49,1,2026-07-02,table,facility_expanded,reported,1,0,cte-elikya
49,1,2026-07-02,table,facility_incident,absent,0,0,""
49,1,2026-07-02,table,facility_saturated,absent,0,0,""
49,1,2026-07-02,table,occupancy_rate,reported,4,0,ensemble;ituri;nord-kivu;sud-kivu
49,1,2026-07-02,table,patients_confirmed,reported,4,0,ensemble;ituri;nord-kivu;sud-kivu
49,1,2026-07-02,table,patients_isolated,reported,4,0,ensemble;ituri;nord-kivu;sud-kivu
49,1,2026-07-02,table,patients_start_day,reported,4,0,ensemble;ituri;nord-kivu;sud-kivu
49,1,2026-07-02,table,patients_suspect,reported,4,0,ensemble;ituri;nord-kivu;sud-kivu
50,1,2026-07-03,table,admissions_24h,absent,0,0,""
50,1,2026-07-03,table,admissions_cumulative,absent,0,0,""
50,1,2026-07-03,table,beds_total,absent,0,0,""
50,1,2026-07-03,table,exits_24h,absent,0,0,""
50,1,2026-07-03,table,facility_closed,absent,0,0,""
50,1,2026-07-03,table,facility_expanded,absent,0,0,""
50,1,2026-07-03,table,facility_incident,absent,0,0,""
50,1,2026-07-03,table,facility_saturated,absent,0,0,""
50,1,2026-07-03,table,occupancy_rate,absent,0,0,""
50,1,2026-07-03,table,patients_confirmed,absent,0,0,""
50,1,2026-07-03,table,patients_isolated,absent,0,0,""
50,1,2026-07-03,table,patients_start_day,absent,0,0,""
50,1,2026-07-03,table,patients_suspect,absent,0,0,""
51,1,2026-07-04,table,admissions_24h,absent,0,0,""
51,1,2026-07-04,table,admissions_cumulative,absent,0,0,""
51,1,2026-07-04,table,beds_total,reported,1,0,cte-beni
51,1,2026-07-04,table,exits_24h,absent,0,0,""
51,1,2026-07-04,table,facility_closed,absent,0,0,""
51,1,2026-07-04,table,facility_expanded,reported,2,0,cte-elikya;cte-mongbwalu
51,1,2026-07-04,table,facility_incident,absent,0,0,""
51,1,2026-07-04,table,facility_saturated,absent,0,0,""
51,1,2026-07-04,table,occupancy_rate,absent,0,0,""
51,1,2026-07-04,table,patients_confirmed,absent,0,0,""
51,1,2026-07-04,table,patients_isolated,absent,0,0,""
51,1,2026-07-04,table,patients_start_day,absent,0,0,""
51,1,2026-07-04,table,patients_suspect,absent,0,0,""
52,1,2026-07-05,table,admissions_24h,reported,4,0,ensemble;ituri;nord-kivu;sud-kivu
52,1,2026-07-05,table,admissions_cumulative,absent,0,0,""
52,1,2026-07-05,table,beds_total,absent,0,0,""
52,1,2026-07-05,table,exits_24h,reported,4,0,ensemble;ituri;nord-kivu;sud-kivu
52,1,2026-07-05,table,facility_closed,absent,0,0,""
52,1,2026-07-05,table,facility_expanded,reported,2,0,cte-elikya;cte-rwampara
52,1,2026-07-05,table,facility_incident,absent,0,0,""
52,1,2026-07-05,table,facility_saturated,absent,0,0,""
52,1,2026-07-05,table,occupancy_rate,reported,4,0,ensemble;ituri;nord-kivu;sud-kivu
52,1,2026-07-05,table,patients_confirmed,reported,4,0,ensemble;ituri;nord-kivu;sud-kivu
52,1,2026-07-05,table,patients_isolated,reported,4,0,ensemble;ituri;nord-kivu;sud-kivu
52,1,2026-07-05,table,patients_start_day,reported,4,0,ensemble;ituri;nord-kivu;sud-kivu
52,1,2026-07-05,table,patients_suspect,reported,4,0,ensemble;ituri;nord-kivu;sud-kivu
53,1,2026-07-06,table,admissions_24h,reported,4,0,ensemble;ituri;nord-kivu;sud-kivu
53,1,2026-07-06,table,admissions_cumulative,absent,0,0,""
53,1,2026-07-06,table,beds_total,absent,0,0,""
53,1,2026-07-06,table,exits_24h,reported,4,0,ensemble;ituri;nord-kivu;sud-kivu
53,1,2026-07-06,table,facility_closed,absent,0,0,""
53,1,2026-07-06,table,facility_expanded,absent,0,0,""
53,1,2026-07-06,table,facility_incident,reported,1,0,cte-kitatumba
53,1,2026-07-06,table,facility_saturated,absent,0,0,""
53,1,2026-07-06,table,occupancy_rate,reported,4,0,ensemble;ituri;nord-kivu;sud-kivu
53,1,2026-07-06,table,patients_confirmed,reported,4,0,ensemble;ituri;nord-kivu;sud-kivu
53,1,2026-07-06,table,patients_isolated,reported,4,0,ensemble;ituri;nord-kivu;sud-kivu
53,1,2026-07-06,table,patients_start_day,reported,4,0,ensemble;ituri;nord-kivu;sud-kivu
53,1,2026-07-06,table,patients_suspect,reported,4,0,ensemble;ituri;nord-kivu;sud-kivu
54,1,2026-07-07,table,admissions_24h,reported,4,0,ensemble;ituri;nord-kivu;sud-kivu
54,1,2026-07-07,table,admissions_cumulative,absent,0,0,""
54,1,2026-07-07,table,beds_total,absent,0,0,""
54,1,2026-07-07,table,exits_24h,reported,4,0,ensemble;ituri;nord-kivu;sud-kivu
54,1,2026-07-07,table,facility_closed,absent,0,0,""
54,1,2026-07-07,table,facility_expanded,absent,0,0,""
54,1,2026-07-07,table,facility_incident,absent,0,0,""
54,1,2026-07-07,table,facility_saturated,absent,0,0,""
54,1,2026-07-07,table,occupancy_rate,reported,4,0,ensemble;ituri;nord-kivu;sud-kivu
54,1,2026-07-07,table,patients_confirmed,reported,4,0,ensemble;ituri;nord-kivu;sud-kivu
54,1,2026-07-07,table,patients_isolated,reported,4,0,ensemble;ituri;nord-kivu;sud-kivu
54,1,2026-07-07,table,patients_start_day,reported,4,0,ensemble;ituri;nord-kivu;sud-kivu
54,1,2026-07-07,table,patients_suspect,reported,4,0,ensemble;ituri;nord-kivu;sud-kivu
55,1,2026-07-08,table,admissions_24h,reported,4,0,ensemble;ituri;nord-kivu;sud-kivu
55,1,2026-07-08,table,admissions_cumulative,absent,0,0,""
55,1,2026-07-08,table,beds_total,absent,0,0,""
55,1,2026-07-08,table,exits_24h,reported,4,0,ensemble;ituri;nord-kivu;sud-kivu
55,1,2026-07-08,table,facility_closed,absent,0,0,""
55,1,2026-07-08,table,facility_expanded,absent,0,0,""
55,1,2026-07-08,table,facility_incident,absent,0,0,""
55,1,2026-07-08,table,facility_saturated,absent,0,0,""
55,1,2026-07-08,table,occupancy_rate,reported,4,0,ensemble;ituri;nord-kivu;sud-kivu
55,1,2026-07-08,table,patients_confirmed,reported,4,0,ensemble;ituri;nord-kivu;sud-kivu
55,1,2026-07-08,table,patients_isolated,reported,4,0,ensemble;ituri;nord-kivu;sud-kivu
55,1,2026-07-08,table,patients_start_day,reported,4,0,ensemble;ituri;nord-kivu;sud-kivu
55,1,2026-07-08,table,patients_suspect,reported,4,0,ensemble;ituri;nord-kivu;sud-kivu
56,1,2026-07-09,table,admissions_24h,reported,4,0,ensemble;ituri;nord-kivu;sud-kivu
56,1,2026-07-09,table,admissions_cumulative,absent,0,0,""
56,1,2026-07-09,table,beds_total,absent,0,0,""
56,1,2026-07-09,table,exits_24h,reported,4,0,ensemble;ituri;nord-kivu;sud-kivu
56,1,2026-07-09,table,facility_closed,absent,0,0,""
56,1,2026-07-09,table,facility_expanded,absent,0,0,""
56,1,2026-07-09,table,facility_incident,absent,0,0,""
56,1,2026-07-09,table,facility_saturated,absent,0,0,""
56,1,2026-07-09,table,occupancy_rate,reported,4,0,ensemble;ituri;nord-kivu;sud-kivu
56,1,2026-07-09,table,patients_confirmed,reported,4,0,ensemble;ituri;nord-kivu;sud-kivu
56,1,2026-07-09,table,patients_isolated,reported,4,0,ensemble;ituri;nord-kivu;sud-kivu
56,1,2026-07-09,table,patients_start_day,reported,4,0,ensemble;ituri;nord-kivu;sud-kivu
56,1,2026-07-09,table,patients_suspect,reported,4,0,ensemble;ituri;nord-kivu;sud-kivu
57,1,2026-07-10,table,admissions_24h,reported,4,0,ensemble;ituri;nord-kivu;sud-kivu
57,1,2026-07-10,table,admissions_cumulative,absent,0,0,""
57,1,2026-07-10,table,beds_total,absent,0,0,""
57,1,2026-07-10,table,exits_24h,reported,4,0,ensemble;ituri;nord-kivu;sud-kivu
57,1,2026-07-10,table,facility_closed,absent,0,0,""
57,1,2026-07-10,table,facility_expanded,reported,1,0,cte-bunia
57,1,2026-07-10,table,facility_incident,absent,0,0,""
57,1,2026-07-10,table,facility_saturated,absent,0,0,""
57,1,2026-07-10,table,occupancy_rate,reported,4,0,ensemble;ituri;nord-kivu;sud-kivu
57,1,2026-07-10,table,patients_confirmed,reported,4,0,ensemble;ituri;nord-kivu;sud-kivu
57,1,2026-07-10,table,patients_isolated,reported,4,0,ensemble;ituri;nord-kivu;sud-kivu
57,1,2026-07-10,table,patients_start_day,reported,4,0,ensemble;ituri;nord-kivu;sud-kivu
57,1,2026-07-10,table,patients_suspect,reported,4,0,ensemble;ituri;nord-kivu;sud-kivu
58,1,2026-07-11,table,admissions_24h,reported,4,0,ensemble;ituri;nord-kivu;sud-kivu
58,1,2026-07-11,table,admissions_cumulative,absent,0,0,""
58,1,2026-07-11,table,beds_total,absent,0,0,""
58,1,2026-07-11,table,exits_24h,reported,4,0,ensemble;ituri;nord-kivu;sud-kivu
58,1,2026-07-11,table,facility_closed,absent,0,0,""
58,1,2026-07-11,table,facility_expanded,absent,0,0,""
58,1,2026-07-11,table,facility_incident,absent,0,0,""
58,1,2026-07-11,table,facility_saturated,absent,0,0,""
58,1,2026-07-11,table,occupancy_rate,reported,4,0,ensemble;ituri;nord-kivu;sud-kivu
58,1,2026-07-11,table,patients_confirmed,reported,4,0,ensemble;ituri;nord-kivu;sud-kivu
58,1,2026-07-11,table,patients_isolated,reported,4,0,ensemble;ituri;nord-kivu;sud-kivu
58,1,2026-07-11,table,patients_start_day,reported,4,0,ensemble;ituri;nord-kivu;sud-kivu
58,1,2026-07-11,table,patients_suspect,reported,4,0,ensemble;ituri;nord-kivu;sud-kivu
60,1,2026-07-13,table,admissions_24h,reported,5,0,ensemble;haut-uele;ituri;nord-kivu;sud-kivu
60,1,2026-07-13,table,admissions_cumulative,absent,0,0,""
60,1,2026-07-13,table,beds_total,absent,0,0,""
60,1,2026-07-13,table,exits_24h,reported,5,0,ensemble;haut-uele;ituri;nord-kivu;sud-kivu
60,1,2026-07-13,table,facility_closed,absent,0,0,""
60,1,2026-07-13,table,facility_expanded,absent,0,0,""
60,1,2026-07-13,table,facility_incident,absent,0,0,""
60,1,2026-07-13,table,facility_saturated,absent,0,0,""
60,1,2026-07-13,table,occupancy_rate,reported,5,0,ensemble;haut-uele;ituri;nord-kivu;sud-kivu
60,1,2026-07-13,table,patients_confirmed,reported,5,0,ensemble;haut-uele;ituri;nord-kivu;sud-kivu
60,1,2026-07-13,table,patients_isolated,reported,5,0,ensemble;haut-uele;ituri;nord-kivu;sud-kivu
60,1,2026-07-13,table,patients_start_day,reported,5,0,ensemble;haut-uele;ituri;nord-kivu;sud-kivu
60,1,2026-07-13,table,patients_suspect,reported,5,0,ensemble;haut-uele;ituri;nord-kivu;sud-kivu
62,1,2026-07-15,table,admissions_24h,reported,4,0,ensemble;ituri;nord-kivu;tshopo
62,1,2026-07-15,table,admissions_cumulative,absent,0,0,""
62,1,2026-07-15,table,beds_total,reported,4,0,ensemble;ituri;nord-kivu;tshopo
62,1,2026-07-15,table,exits_24h,reported,4,0,ensemble;ituri;nord-kivu;tshopo
62,1,2026-07-15,table,facility_closed,absent,0,0,""
62,1,2026-07-15,table,facility_expanded,absent,0,0,""
62,1,2026-07-15,table,facility_incident,absent,0,0,""
62,1,2026-07-15,table,facility_saturated,reported,2,0,ct-bambu;cte-cme-bunia
62,1,2026-07-15,table,occupancy_rate,reported,4,0,ensemble;ituri;nord-kivu;tshopo
62,1,2026-07-15,table,patients_confirmed,reported,4,0,ensemble;ituri;nord-kivu;tshopo
62,1,2026-07-15,table,patients_isolated,reported,4,0,ensemble;ituri;nord-kivu;tshopo
62,1,2026-07-15,table,patients_start_day,reported,4,0,ensemble;ituri;nord-kivu;tshopo
62,1,2026-07-15,table,patients_suspect,reported,4,0,ensemble;ituri;nord-kivu;tshopo
64,1,2026-07-17,table,admissions_24h,reported,3,2,ensemble;ituri;nord-kivu
64,1,2026-07-17,table,admissions_cumulative,absent,0,0,""
64,1,2026-07-17,table,beds_total,reported,3,2,ensemble;ituri;nord-kivu
64,1,2026-07-17,table,exits_24h,reported,3,1,ensemble;ituri;nord-kivu
64,1,2026-07-17,table,facility_closed,absent,0,0,""
64,1,2026-07-17,table,facility_expanded,absent,0,0,""
64,1,2026-07-17,table,facility_incident,absent,0,0,""
64,1,2026-07-17,table,facility_saturated,absent,0,0,""
64,1,2026-07-17,table,occupancy_rate,absent,0,0,""
64,1,2026-07-17,table,patients_confirmed,absent,0,0,""
64,1,2026-07-17,table,patients_isolated,reported,3,1,ensemble;ituri;nord-kivu
64,1,2026-07-17,table,patients_start_day,reported,3,2,ensemble;ituri;nord-kivu
64,1,2026-07-17,table,patients_suspect,absent,0,0,""
65,1,2026-07-18,table,admissions_24h,reported,4,1,ensemble;ituri;nord-kivu;tshopo
65,1,2026-07-18,table,admissions_cumulative,absent,0,0,""
65,1,2026-07-18,table,beds_total,reported,4,1,ensemble;ituri;nord-kivu;tshopo
65,1,2026-07-18,table,exits_24h,reported,4,1,ensemble;ituri;nord-kivu;tshopo
65,1,2026-07-18,table,facility_closed,absent,0,0,""
65,1,2026-07-18,table,facility_expanded,absent,0,0,""
65,1,2026-07-18,table,facility_incident,absent,0,0,""
65,1,2026-07-18,table,facility_saturated,absent,0,0,""
65,1,2026-07-18,table,occupancy_rate,reported,4,1,ensemble;ituri;nord-kivu;tshopo
65,1,2026-07-18,table,patients_confirmed,reported,4,1,ensemble;ituri;nord-kivu;tshopo
65,1,2026-07-18,table,patients_isolated,reported,4,1,ensemble;ituri;nord-kivu;tshopo
65,1,2026-07-18,table,patients_start_day,reported,4,1,ensemble;ituri;nord-kivu;tshopo
65,1,2026-07-18,table,patients_suspect,reported,4,1,ensemble;ituri;nord-kivu;tshopo
66,1,2026-07-19,table,admissions_24h,reported,3,2,ensemble;ituri;nord-kivu
66,1,2026-07-19,table,admissions_cumulative,absent,0,0,""
66,1,2026-07-19,table,beds_total,reported,3,2,ensemble;ituri;nord-kivu
66,1,2026-07-19,table,exits_24h,reported,3,2,ensemble;ituri;nord-kivu
66,1,2026-07-19,table,facility_closed,absent,0,0,""
66,1,2026-07-19,table,facility_expanded,absent,0,0,""
66,1,2026-07-19,table,facility_incident,absent,0,0,""
66,1,2026-07-19,table,facility_saturated,absent,0,0,""
66,1,2026-07-19,table,occupancy_rate,reported,3,2,ensemble;ituri;nord-kivu
66,1,2026-07-19,table,patients_confirmed,reported,3,2,ensemble;ituri;nord-kivu
66,1,2026-07-19,table,patients_isolated,reported,3,2,ensemble;ituri;nord-kivu
66,1,2026-07-19,table,patients_start_day,reported,3,2,ensemble;ituri;nord-kivu
66,1,2026-07-19,table,patients_suspect,reported,3,2,ensemble;ituri;nord-kivu
67,1,2026-07-20,table,admissions_24h,reported,3,2,ensemble;ituri;nord-kivu
67,1,2026-07-20,table,admissions_cumulative,absent,0,0,""
67,1,2026-07-20,table,beds_total,reported,3,2,ensemble;ituri;nord-kivu
67,1,2026-07-20,table,exits_24h,reported,3,2,ensemble;ituri;nord-kivu
67,1,2026-07-20,table,facility_closed,absent,0,0,""
67,1,2026-07-20,table,facility_expanded,absent,0,0,""
67,1,2026-07-20,table,facility_incident,absent,0,0,""
67,1,2026-07-20,table,facility_saturated,absent,0,0,""
67,1,2026-07-20,table,occupancy_rate,reported,3,2,ensemble;ituri;nord-kivu
67,1,2026-07-20,table,patients_confirmed,reported,3,2,ensemble;ituri;nord-kivu
67,1,2026-07-20,table,patients_isolated,reported,3,2,ensemble;ituri;nord-kivu
67,1,2026-07-20,table,patients_start_day,reported,3,2,ensemble;ituri;nord-kivu
67,1,2026-07-20,table,patients_suspect,reported,3,2,ensemble;ituri;nord-kivu
69,1,2026-07-22,table,admissions_24h,reported,4,1,ensemble;ituri;nord-kivu;tshopo
69,1,2026-07-22,table,admissions_cumulative,absent,0,0,""
69,1,2026-07-22,table,beds_total,reported,4,1,ensemble;ituri;nord-kivu;tshopo
69,1,2026-07-22,table,exits_24h,reported,4,1,ensemble;ituri;nord-kivu;tshopo
69,1,2026-07-22,table,facility_closed,absent,0,0,""
69,1,2026-07-22,table,facility_expanded,absent,0,0,""
69,1,2026-07-22,table,facility_incident,absent,0,0,""
69,1,2026-07-22,table,facility_saturated,absent,0,0,""
69,1,2026-07-22,table,occupancy_rate,reported,4,1,ensemble;ituri;nord-kivu;tshopo
69,1,2026-07-22,table,patients_confirmed,reported,4,1,ensemble;ituri;nord-kivu;tshopo
69,1,2026-07-22,table,patients_isolated,reported,4,1,ensemble;ituri;nord-kivu;tshopo
69,1,2026-07-22,table,patients_start_day,reported,4,1,ensemble;ituri;nord-kivu;tshopo
69,1,2026-07-22,table,patients_suspect,reported,4,1,ensemble;ituri;nord-kivu;tshopo
70,1,2026-07-23,table,admissions_24h,reported,4,1,ensemble;ituri;nord-kivu;tshopo
70,1,2026-07-23,table,admissions_cumulative,absent,0,0,""
70,1,2026-07-23,table,beds_total,reported,4,1,ensemble;ituri;nord-kivu;tshopo
70,1,2026-07-23,table,exits_24h,reported,4,1,ensemble;ituri;nord-kivu;tshopo
70,1,2026-07-23,table,facility_closed,absent,0,0,""
70,1,2026-07-23,table,facility_expanded,absent,0,0,""
70,1,2026-07-23,table,facility_incident,absent,0,0,""
70,1,2026-07-23,table,facility_saturated,absent,0,0,""
70,1,2026-07-23,table,occupancy_rate,absent,0,0,""
70,1,2026-07-23,table,patients_confirmed,reported,4,1,ensemble;ituri;nord-kivu;tshopo
70,1,2026-07-23,table,patients_isolated,reported,4,1,ensemble;ituri;nord-kivu;tshopo
70,1,2026-07-23,table,patients_start_day,reported,4,1,ensemble;ituri;nord-kivu;tshopo
70,1,2026-07-23,table,patients_suspect,absent,0,0,""
72,1,2026-07-25,table,admissions_24h,reported,3,2,ensemble;ituri;nord-kivu
72,1,2026-07-25,table,admissions_cumulative,absent,0,0,""
72,1,2026-07-25,table,beds_total,reported,4,2,cte-rwampara;ensemble;ituri;nord-kivu
72,1,2026-07-25,table,exits_24h,reported,3,2,ensemble;ituri;nord-kivu
72,1,2026-07-25,table,facility_closed,absent,0,0,""
72,1,2026-07-25,table,facility_expanded,absent,0,0,""
72,1,2026-07-25,table,facility_incident,absent,0,0,""
72,1,2026-07-25,table,facility_saturated,absent,0,0,""
72,1,2026-07-25,table,occupancy_rate,reported,3,2,ensemble;ituri;nord-kivu
72,1,2026-07-25,table,patients_confirmed,reported,3,2,ensemble;ituri;nord-kivu
72,1,2026-07-25,table,patients_isolated,reported,3,2,ensemble;ituri;nord-kivu
72,1,2026-07-25,table,patients_start_day,reported,3,2,ensemble;ituri;nord-kivu
72,1,2026-07-25,table,patients_suspect,reported,3,2,ensemble;ituri;nord-kivu
73,1,2026-07-26,table,admissions_24h,reported,3,2,ensemble;ituri;nord-kivu
73,1,2026-07-26,table,admissions_cumulative,absent,0,0,""
73,1,2026-07-26,table,beds_total,reported,3,2,ensemble;ituri;nord-kivu
73,1,2026-07-26,table,exits_24h,reported,3,2,ensemble;ituri;nord-kivu
73,1,2026-07-26,table,facility_closed,absent,0,0,""
73,1,2026-07-26,table,facility_expanded,absent,0,0,""
73,1,2026-07-26,table,facility_incident,absent,0,0,""
73,1,2026-07-26,table,facility_saturated,absent,0,0,""
73,1,2026-07-26,table,occupancy_rate,reported,3,2,ensemble;ituri;nord-kivu
73,1,2026-07-26,table,patients_confirmed,reported,3,2,ensemble;ituri;nord-kivu
73,1,2026-07-26,table,patients_isolated,reported,3,2,ensemble;ituri;nord-kivu
73,1,2026-07-26,table,patients_start_day,reported,3,2,ensemble;ituri;nord-kivu
73,1,2026-07-26,table,patients_suspect,reported,3,2,ensemble;ituri;nord-kivu
74,1,2026-07-27,table,admissions_24h,reported,3,2,ensemble;ituri;nord-kivu
74,1,2026-07-27,table,admissions_cumulative,absent,0,0,""
74,1,2026-07-27,table,beds_total,reported,3,2,ensemble;ituri;nord-kivu
74,1,2026-07-27,table,exits_24h,reported,3,2,ensemble;ituri;nord-kivu
74,1,2026-07-27,table,facility_closed,absent,0,0,""
74,1,2026-07-27,table,facility_expanded,absent,0,0,""
74,1,2026-07-27,table,facility_incident,absent,0,0,""
74,1,2026-07-27,table,facility_saturated,absent,0,0,""
74,1,2026-07-27,table,occupancy_rate,reported,3,2,ensemble;ituri;nord-kivu
74,1,2026-07-27,table,patients_confirmed,reported,3,2,ensemble;ituri;nord-kivu
74,1,2026-07-27,table,patients_isolated,reported,3,2,ensemble;ituri;nord-kivu
74,1,2026-07-27,table,patients_start_day,reported,3,2,ensemble;ituri;nord-kivu
74,1,2026-07-27,table,patients_suspect,reported,3,2,ensemble;ituri;nord-kivu
77,1,2026-07-30,table,admissions_24h,reported,5,0,ensemble;haut-uele;ituri;nord-kivu;tshopo
77,1,2026-07-30,table,admissions_cumulative,absent,0,0,""
77,1,2026-07-30,table,beds_total,reported,5,0,ensemble;haut-uele;ituri;nord-kivu;tshopo
77,1,2026-07-30,table,exits_24h,reported,5,0,ensemble;haut-uele;ituri;nord-kivu;tshopo
77,1,2026-07-30,table,facility_closed,absent,0,0,""
77,1,2026-07-30,table,facility_expanded,reported,1,0,ct-nia-nia
77,1,2026-07-30,table,facility_incident,absent,0,0,""
77,1,2026-07-30,table,facility_saturated,reported,10,0,ct-kigonze;ct-kilo;ct-logo;ct-nizi;cte-bunia;cte-cme-bunia;cte-fataki;cte-istm;cte-lita;cte-wamba
77,1,2026-07-30,table,occupancy_rate,reported,5,0,ensemble;haut-uele;ituri;nord-kivu;tshopo
77,1,2026-07-30,table,patients_confirmed,reported,5,0,ensemble;haut-uele;ituri;nord-kivu;tshopo
77,1,2026-07-30,table,patients_isolated,reported,5,0,ensemble;haut-uele;ituri;nord-kivu;tshopo
77,1,2026-07-30,table,patients_start_day,reported,5,0,ensemble;haut-uele;ituri;nord-kivu;tshopo
77,1,2026-07-30,table,patients_suspect,reported,5,0,ensemble;haut-uele;ituri;nord-kivu;tshopo
78,1,2026-07-31,table,admissions_24h,reported,4,1,ensemble;ituri;nord-kivu;tshopo
78,1,2026-07-31,table,admissions_cumulative,absent,0,0,""
78,1,2026-07-31,table,beds_total,reported,5,0,ensemble;haut-uele;ituri;nord-kivu;tshopo
78,1,2026-07-31,table,exits_24h,reported,4,1,ensemble;ituri;nord-kivu;tshopo
78,1,2026-07-31,table,facility_closed,absent,0,0,""
78,1,2026-07-31,table,facility_expanded,absent,0,0,""
78,1,2026-07-31,table,facility_incident,absent,0,0,""
78,1,2026-07-31,table,facility_saturated,reported,11,0,ct-kigonze;ct-kilo;ct-logo;ct-nizi;cte-boma-mangbetu;cte-bunia;cte-cme-bunia;cte-fataki;cte-istm;cte-lita;cte-wamba
78,1,2026-07-31,table,occupancy_rate,reported,5,0,ensemble;haut-uele;ituri;nord-kivu;tshopo
78,1,2026-07-31,table,patients_confirmed,reported,5,0,ensemble;haut-uele;ituri;nord-kivu;tshopo
78,1,2026-07-31,table,patients_isolated,reported,5,0,ensemble;haut-uele;ituri;nord-kivu;tshopo
78,1,2026-07-31,table,patients_start_day,reported,5,0,ensemble;haut-uele;ituri;nord-kivu;tshopo
78,1,2026-07-31,table,patients_suspect,reported,5,0,ensemble;haut-uele;ituri;nord-kivu;tshopo
79,1,2026-08-01,table,admissions_24h,reported,5,0,ensemble;haut-uele;ituri;nord-kivu;tshopo
79,1,2026-08-01,table,admissions_cumulative,absent,0,0,""
79,1,2026-08-01,table,beds_total,reported,5,0,ensemble;haut-uele;ituri;nord-kivu;tshopo
79,1,2026-08-01,table,exits_24h,reported,5,0,ensemble;haut-uele;ituri;nord-kivu;tshopo
79,1,2026-08-01,table,facility_closed,absent,0,0,""
79,1,2026-08-01,table,facility_expanded,absent,0,0,""
79,1,2026-08-01,table,facility_incident,absent,0,0,""
79,1,2026-08-01,table,facility_saturated,reported,5,0,ct-nizi;cte-aru;cte-fataki;cte-istm;cte-wamba
79,1,2026-08-01,table,occupancy_rate,reported,5,0,ensemble;haut-uele;ituri;nord-kivu;tshopo
79,1,2026-08-01,table,patients_confirmed,reported,5,0,ensemble;haut-uele;ituri;nord-kivu;tshopo
79,1,2026-08-01,table,patients_isolated,reported,5,0,ensemble;haut-uele;ituri;nord-kivu;tshopo
79,1,2026-08-01,table,patients_start_day,reported,5,0,ensemble;haut-uele;ituri;nord-kivu;tshopo
79,1,2026-08-01,table,patients_suspect,reported,5,0,ensemble;haut-uele;ituri;nord-kivu;tshopo
80,1,2026-08-02,table,admissions_24h,reported,4,1,haut-uele;ituri;nord-kivu;sud-kivu
80,1,2026-08-02,table,admissions_cumulative,absent,0,0,""
80,1,2026-08-02,table,beds_total,reported,4,1,haut-uele;ituri;nord-kivu;tshopo
80,1,2026-08-02,table,exits_24h,reported,4,1,haut-uele;ituri;nord-kivu;sud-kivu
80,1,2026-08-02,table,facility_closed,absent,0,0,""
80,1,2026-08-02,table,facility_expanded,absent,0,0,""
80,1,2026-08-02,table,facility_incident,absent,0,0,""
80,1,2026-08-02,table,facility_saturated,reported,3,0,ct-nizi;cte-istm;cte-wamba
80,1,2026-08-02,table,occupancy_rate,reported,4,1,haut-uele;ituri;nord-kivu;tshopo
80,1,2026-08-02,table,patients_confirmed,reported,5,0,haut-uele;ituri;nord-kivu;sud-kivu;tshopo
80,1,2026-08-02,table,patients_isolated,reported,5,0,haut-uele;ituri;nord-kivu;sud-kivu;tshopo
80,1,2026-08-02,table,patients_start_day,reported,5,0,haut-uele;ituri;nord-kivu;sud-kivu;tshopo
80,1,2026-08-02,table,patients_suspect,reported,5,0,haut-uele;ituri;nord-kivu;sud-kivu;tshopo
81,1,2026-08-03,dashboard,admissions_24h,absent,0,0,""
81,1,2026-08-03,dashboard,admissions_cumulative,absent,0,0,""
81,1,2026-08-03,dashboard,beds_total,absent,0,0,""
81,1,2026-08-03,dashboard,exits_24h,absent,0,0,""
81,1,2026-08-03,dashboard,facility_closed,absent,0,0,""
81,1,2026-08-03,dashboard,facility_expanded,absent,0,0,""
81,1,2026-08-03,dashboard,facility_incident,absent,0,0,""
81,1,2026-08-03,dashboard,facility_saturated,absent,0,0,""
81,1,2026-08-03,dashboard,occupancy_rate,absent,0,0,""
81,1,2026-08-03,dashboard,patients_confirmed,absent,0,0,""
81,1,2026-08-03,dashboard,patients_isolated,absent,0,0,""
81,1,2026-08-03,dashboard,patients_start_day,absent,0,0,""
81,1,2026-08-03,dashboard,patients_suspect,absent,0,0,""
82,1,2026-08-04,dashboard,admissions_24h,absent,0,0,""
82,1,2026-08-04,dashboard,admissions_cumulative,absent,0,0,""
82,1,2026-08-04,dashboard,beds_total,reported,1,0,cte-rwankole
82,1,2026-08-04,dashboard,exits_24h,absent,0,0,""
82,1,2026-08-04,dashboard,facility_closed,absent,0,0,""
82,1,2026-08-04,dashboard,facility_expanded,absent,0,0,""
82,1,2026-08-04,dashboard,facility_incident,reported,1,0,cte-cme-bunia
82,1,2026-08-04,dashboard,facility_saturated,reported,5,0,ct-bambu;ct-logo;ct-nizi;cte-isiro;cte-istm
82,1,2026-08-04,dashboard,occupancy_rate,absent,0,0,""
82,1,2026-08-04,dashboard,patients_confirmed,absent,0,0,""
82,1,2026-08-04,dashboard,patients_isolated,absent,0,0,""
82,1,2026-08-04,dashboard,patients_start_day,absent,0,0,""
82,1,2026-08-04,dashboard,patients_suspect,absent,0,0,""
85,1,2026-08-07,prose,admissions_24h,absent,0,0,""
85,1,2026-08-07,prose,admissions_cumulative,absent,0,0,""
85,1,2026-08-07,prose,beds_total,reported,1,0,ituri
85,1,2026-08-07,prose,exits_24h,reported,1,0,ituri
85,1,2026-08-07,prose,facility_closed,absent,0,0,""
85,1,2026-08-07,prose,facility_expanded,absent,0,0,""
85,1,2026-08-07,prose,facility_incident,absent,0,0,""
85,1,2026-08-07,prose,facility_saturated,reported,5,0,ct-bambu;ct-logo;ct-nizi;cte-istm;cte-rwampara
85,1,2026-08-07,prose,occupancy_rate,absent,0,0,""
85,1,2026-08-07,prose,patients_confirmed,absent,0,0,""
85,1,2026-08-07,prose,patients_isolated,absent,0,0,""
85,1,2026-08-07,prose,patients_start_day,absent,0,0,""
85,1,2026-08-07,prose,patients_suspect,absent,0,0,""
89,1,2026-08-11,prose,admissions_24h,absent,0,0,""
89,1,2026-08-11,prose,admissions_cumulative,absent,0,0,""
89,1,2026-08-11,prose,beds_total,reported,1,0,ituri
89,1,2026-08-11,prose,exits_24h,absent,0,0,""
89,1,2026-08-11,prose,facility_closed,absent,0,0,""
89,1,2026-08-11,prose,facility_expanded,absent,0,0,""
89,1,2026-08-11,prose,facility_incident,absent,0,0,""
89,1,2026-08-11,prose,facility_saturated,reported,3,0,ct-bambu;ct-nizi;cte-rwampara
89,1,2026-08-11,prose,occupancy_rate,absent,0,0,""
89,1,2026-08-11,prose,patients_confirmed,absent,0,0,""
89,1,2026-08-11,prose,patients_isolated,reported,1,0,nord-kivu
89,1,2026-08-11,prose,patients_start_day,absent,0,0,""
89,1,2026-08-11,prose,patients_suspect,absent,0,0,""
93,1,2026-08-15,prose,admissions_24h,reported,2,0,ituri;nord-kivu
93,1,2026-08-15,prose,admissions_cumulative,absent,0,0,""
93,1,2026-08-15,prose,beds_total,reported,4,0,cte-hc-kisangani;ituri;nord-kivu;tshopo
93,1,2026-08-15,prose,exits_24h,reported,2,0,ituri;nord-kivu
93,1,2026-08-15,prose,facility_closed,absent,0,0,""
93,1,2026-08-15,prose,facility_expanded,reported,3,0,ct-bambu;ct-nizi;cte-istm
93,1,2026-08-15,prose,facility_incident,absent,0,0,""
93,1,2026-08-15,prose,facility_saturated,reported,8,0,ct-bambu;ct-kigonze;ct-kilo;ct-logo;ct-nizi;cte-aru;cte-fataki;cte-hc-kisangani
93,1,2026-08-15,prose,occupancy_rate,absent,0,0,""
93,1,2026-08-15,prose,patients_confirmed,absent,0,0,""
93,1,2026-08-15,prose,patients_isolated,reported,2,0,nord-kivu;tshopo
93,1,2026-08-15,prose,patients_start_day,absent,0,0,""
93,1,2026-08-15,prose,patients_suspect,absent,0,0,""
94,1,2026-08-17,prose,admissions_24h,reported,3,0,haut-uele;ituri;nord-kivu
94,1,2026-08-17,prose,admissions_cumulative,absent,0,0,""
94,1,2026-08-17,prose,beds_total,reported,3,0,haut-uele;ituri;nord-kivu
94,1,2026-08-17,prose,exits_24h,reported,2,0,ituri;nord-kivu
94,1,2026-08-17,prose,facility_closed,absent,0,0,""
94,1,2026-08-17,prose,facility_expanded,reported,1,0,cte-mongbwalu
94,1,2026-08-17,prose,facility_incident,absent,0,0,""
94,1,2026-08-17,prose,facility_saturated,reported,7,0,ct-bambu;ct-kigonze;ct-kilo;ct-logo;ct-nia-nia;ct-nizi;cte-fataki
94,1,2026-08-17,prose,occupancy_rate,reported,1,0,ituri
94,1,2026-08-17,prose,patients_confirmed,absent,0,0,""
94,1,2026-08-17,prose,patients_isolated,reported,3,0,haut-uele;ituri;nord-kivu
94,1,2026-08-17,prose,patients_start_day,absent,0,0,""
94,1,2026-08-17,prose,patients_suspect,absent,0,0,""
96,1,2026-08-19,prose,admissions_24h,reported,2,0,ituri;nord-kivu
96,1,2026-08-19,prose,admissions_cumulative,absent,0,0,""
96,1,2026-08-19,prose,beds_total,reported,4,0,cte-hc-kisangani;ituri;nord-kivu;tshopo
96,1,2026-08-19,prose,exits_24h,reported,2,0,ituri;nord-kivu
96,1,2026-08-19,prose,facility_closed,absent,0,0,""
96,1,2026-08-19,prose,facility_expanded,reported,2,0,cte-isiro;cte-wamba
96,1,2026-08-19,prose,facility_incident,absent,0,0,""
96,1,2026-08-19,prose,facility_saturated,absent,0,0,""
96,1,2026-08-19,prose,occupancy_rate,reported,3,0,haut-uele;ituri;sud-kivu
96,1,2026-08-19,prose,patients_confirmed,absent,0,0,""
96,1,2026-08-19,prose,patients_isolated,reported,3,0,haut-uele;ituri;nord-kivu
96,1,2026-08-19,prose,patients_start_day,absent,0,0,""
96,1,2026-08-19,prose,patients_suspect,absent,0,0,""
97,1,2026-08-20,prose,admissions_24h,reported,2,0,ituri;nord-kivu
97,1,2026-08-20,prose,admissions_cumulative,absent,0,0,""
97,1,2026-08-20,prose,beds_total,reported,6,0,bas-uele;ct-limba;cte-hc-kisangani;ituri;nord-kivu;tshopo
97,1,2026-08-20,prose,exits_24h,reported,2,0,ituri;nord-kivu
97,1,2026-08-20,prose,facility_closed,absent,0,0,""
97,1,2026-08-20,prose,facility_expanded,absent,0,0,""
97,1,2026-08-20,prose,facility_incident,absent,0,0,""
97,1,2026-08-20,prose,facility_saturated,absent,0,0,""
97,1,2026-08-20,prose,occupancy_rate,reported,1,0,ituri
97,1,2026-08-20,prose,patients_confirmed,absent,0,0,""
97,1,2026-08-20,prose,patients_isolated,reported,3,0,bas-uele;ituri;nord-kivu
97,1,2026-08-20,prose,patients_start_day,absent,0,0,""
97,1,2026-08-20,prose,patients_suspect,absent,0,0,""
99,1,2026-08-22,prose,admissions_24h,reported,3,0,haut-uele;ituri;nord-kivu
99,1,2026-08-22,prose,admissions_cumulative,absent,0,0,""
99,1,2026-08-22,prose,beds_total,reported,5,0,cte-hc-kisangani;haut-uele;ituri;nord-kivu;tshopo
99,1,2026-08-22,prose,exits_24h,reported,2,0,ituri;nord-kivu
99,1,2026-08-22,prose,facility_closed,absent,0,0,""
99,1,2026-08-22,prose,facility_expanded,absent,0,0,""
99,1,2026-08-22,prose,facility_incident,absent,0,0,""
99,1,2026-08-22,prose,facility_saturated,reported,7,0,ct-bambu;ct-kigonze;ct-kilo;ct-logo;ct-nizi;cte-isiro;cte-wamba
99,1,2026-08-22,prose,occupancy_rate,reported,1,0,ituri
99,1,2026-08-22,prose,patients_confirmed,absent,0,0,""
99,1,2026-08-22,prose,patients_isolated,reported,3,0,haut-uele;ituri;nord-kivu
99,1,2026-08-22,prose,patients_start_day,absent,0,0,""
99,1,2026-08-22,prose,patients_suspect,absent,0,0,""
101,1,2026-08-24,prose,admissions_24h,reported,4,0,haut-uele;ituri;nord-kivu;tshopo
101,1,2026-08-24,prose,admissions_cumulative,absent,0,0,""
101,1,2026-08-24,prose,beds_total,reported,4,0,haut-uele;ituri;nord-kivu;tshopo
101,1,2026-08-24,prose,exits_24h,reported,3,0,haut-uele;ituri;nord-kivu
101,1,2026-08-24,prose,facility_closed,absent,0,0,""
101,1,2026-08-24,prose,facility_expanded,absent,0,0,""
101,1,2026-08-24,prose,facility_incident,absent,0,0,""
101,1,2026-08-24,prose,facility_saturated,reported,3,0,ct-bambu;ct-kigonze;ct-kilo
101,1,2026-08-24,prose,occupancy_rate,reported,2,0,ituri;nord-kivu
101,1,2026-08-24,prose,patients_confirmed,absent,0,0,""
101,1,2026-08-24,prose,patients_isolated,reported,3,0,haut-uele;ituri;nord-kivu
101,1,2026-08-24,prose,patients_start_day,absent,0,0,""
101,1,2026-08-24,prose,patients_suspect,absent,0,0,""
102,1,2026-08-25,prose,admissions_24h,reported,4,0,haut-uele;ituri;nord-kivu;tshopo
102,1,2026-08-25,prose,admissions_cumulative,absent,0,0,""
102,1,2026-08-25,prose,beds_total,reported,4,0,haut-uele;ituri;nord-kivu;tshopo
102,1,2026-08-25,prose,exits_24h,reported,3,0,haut-uele;ituri;nord-kivu
102,1,2026-08-25,prose,facility_closed,absent,0,0,""
102,1,2026-08-25,prose,facility_expanded,absent,0,0,""
102,1,2026-08-25,prose,facility_incident,absent,0,0,""
102,1,2026-08-25,prose,facility_saturated,reported,3,0,ct-bambu;ct-kilo;cte-wamba
102,1,2026-08-25,prose,occupancy_rate,reported,2,0,ituri;nord-kivu
102,1,2026-08-25,prose,patients_confirmed,absent,0,0,""
102,1,2026-08-25,prose,patients_isolated,reported,3,0,haut-uele;ituri;nord-kivu
102,1,2026-08-25,prose,patients_start_day,absent,0,0,""
102,1,2026-08-25,prose,patients_suspect,absent,0,0,""
104,1,2026-08-26,prose,admissions_24h,reported,4,0,haut-uele;ituri;nord-kivu;tshopo
104,1,2026-08-26,prose,admissions_cumulative,absent,0,0,""
104,1,2026-08-26,prose,beds_total,reported,4,0,haut-uele;ituri;nord-kivu;tshopo
104,1,2026-08-26,prose,exits_24h,reported,3,0,haut-uele;ituri;nord-kivu
104,1,2026-08-26,prose,facility_closed,absent,0,0,""
104,1,2026-08-26,prose,facility_expanded,absent,0,0,""
104,1,2026-08-26,prose,facility_incident,absent,0,0,""
104,1,2026-08-26,prose,facility_saturated,reported,2,0,ct-bambu;ct-kigonze
104,1,2026-08-26,prose,occupancy_rate,reported,2,0,ituri;nord-kivu
104,1,2026-08-26,prose,patients_confirmed,absent,0,0,""
104,1,2026-08-26,prose,patients_isolated,reported,3,0,haut-uele;ituri;nord-kivu
104,1,2026-08-26,prose,patients_start_day,absent,0,0,""
104,1,2026-08-26,prose,patients_suspect,absent,0,0,""
106,1,2026-08-28,prose,admissions_24h,reported,4,0,haut-uele;ituri;nord-kivu;tshopo
106,1,2026-08-28,prose,admissions_cumulative,absent,0,0,""
106,1,2026-08-28,prose,beds_total,reported,5,0,bas-uele;haut-uele;ituri;nord-kivu;tshopo
106,1,2026-08-28,prose,exits_24h,reported,4,0,haut-uele;ituri;nord-kivu;tshopo
106,1,2026-08-28,prose,facility_closed,absent,0,0,""
106,1,2026-08-28,prose,facility_expanded,absent,0,0,""
106,1,2026-08-28,prose,facility_incident,absent,0,0,""
106,1,2026-08-28,prose,facility_saturated,absent,0,0,""
106,1,2026-08-28,prose,occupancy_rate,reported,5,0,bas-uele;haut-uele;ituri;nord-kivu;tshopo
106,1,2026-08-28,prose,patients_confirmed,absent,0,0,""
106,1,2026-08-28,prose,patients_isolated,reported,6,0,bas-uele;haut-uele;ituri;nord-kivu;sud-kivu;tshopo
106,1,2026-08-28,prose,patients_start_day,absent,0,0,""
106,1,2026-08-28,prose,patients_suspect,absent,0,0,""
108,1,2026-08-30,prose,admissions_24h,reported,2,0,ituri;nord-kivu
108,1,2026-08-30,prose,admissions_cumulative,absent,0,0,""
108,1,2026-08-30,prose,beds_total,reported,2,0,ituri;tshopo
108,1,2026-08-30,prose,exits_24h,reported,2,0,ituri;nord-kivu
108,1,2026-08-30,prose,facility_closed,absent,0,0,""
108,1,2026-08-30,prose,facility_expanded,absent,0,0,""
108,1,2026-08-30,prose,facility_incident,reported,1,0,cte-pawa
108,1,2026-08-30,prose,facility_saturated,reported,6,0,ct-bambu;ct-kigonze;ct-lolwa;ct-nizi;cte-isiro;cte-wamba
108,1,2026-08-30,prose,occupancy_rate,reported,3,0,ituri;nord-kivu;tshopo
108,1,2026-08-30,prose,patients_confirmed,absent,0,0,""
108,1,2026-08-30,prose,patients_isolated,reported,3,0,ituri;nord-kivu;tshopo
108,1,2026-08-30,prose,patients_start_day,absent,0,0,""
108,1,2026-08-30,prose,patients_suspect,absent,0,0,""
109,1,2026-08-31,prose,admissions_24h,reported,2,0,ituri;nord-kivu
109,1,2026-08-31,prose,admissions_cumulative,absent,0,0,""
109,1,2026-08-31,prose,beds_total,reported,2,0,ituri;sud-kivu
109,1,2026-08-31,prose,exits_24h,reported,2,0,ituri;nord-kivu
109,1,2026-08-31,prose,facility_closed,absent,0,0,""
109,1,2026-08-31,prose,facility_expanded,absent,0,0,""
109,1,2026-08-31,prose,facility_incident,absent,0,0,""
109,1,2026-08-31,prose,facility_saturated,reported,4,0,ct-bambu;ct-kigonze;ct-lolwa;ct-nizi
109,1,2026-08-31,prose,occupancy_rate,reported,3,0,ituri;nord-kivu;sud-kivu
109,1,2026-08-31,prose,patients_confirmed,absent,0,0,""
109,1,2026-08-31,prose,patients_isolated,reported,3,0,ituri;nord-kivu;sud-kivu
109,1,2026-08-31,prose,patients_start_day,absent,0,0,""
109,1,2026-08-31,prose,patients_suspect,absent,0,0,""
110,1,2026-09-01,prose,admissions_24h,reported,3,0,haut-uele;ituri;nord-kivu
110,1,2026-09-01,prose,admissions_cumulative,absent,0,0,""
110,1,2026-09-01,prose,beds_total,reported,3,0,ituri;sud-kivu;tshopo
110,1,2026-09-01,prose,exits_24h,reported,3,0,ituri;nord-kivu;tshopo
110,1,2026-09-01,prose,facility_closed,absent,0,0,""
110,1,2026-09-01,prose,facility_expanded,absent,0,0,""
110,1,2026-09-01,prose,facility_incident,absent,0,0,""
110,1,2026-09-01,prose,facility_saturated,reported,4,0,ct-bambu;ct-kigonze;ct-lolwa;ct-nizi
110,1,2026-09-01,prose,occupancy_rate,reported,5,0,haut-uele;ituri;nord-kivu;sud-kivu;tshopo
110,1,2026-09-01,prose,patients_confirmed,absent,0,0,""
110,1,2026-09-01,prose,patients_isolated,reported,4,0,ituri;nord-kivu;sud-kivu;tshopo
110,1,2026-09-01,prose,patients_start_day,absent,0,0,""
110,1,2026-09-01,prose,patients_suspect,absent,0,0,""
111,1,2026-09-02,prose,admissions_24h,reported,4,0,haut-uele;ituri;nord-kivu;tshopo
111,1,2026-09-02,prose,admissions_cumulative,absent,0,0,""
111,1,2026-09-02,prose,beds_total,reported,3,0,ituri;nord-kivu;tshopo
111,1,2026-09-02,prose,exits_24h,reported,2,0,ituri;nord-kivu
111,1,2026-09-02,prose,facility_closed,absent,0,0,""
111,1,2026-09-02,prose,facility_expanded,absent,0,0,""
111,1,2026-09-02,prose,facility_incident,absent,0,0,""
111,1,2026-09-02,prose,facility_saturated,reported,1,0,ct-nizi
111,1,2026-09-02,prose,occupancy_rate,reported,4,0,haut-uele;ituri;nord-kivu;tshopo
111,1,2026-09-02,prose,patients_confirmed,absent,0,0,""
111,1,2026-09-02,prose,patients_isolated,reported,3,0,ituri;nord-kivu;tshopo
111,1,2026-09-02,prose,patients_start_day,absent,0,0,""
111,1,2026-09-02,prose,patients_suspect,absent,0,0,""
112,1,2026-09-03,prose,admissions_24h,reported,3,0,haut-uele;ituri;nord-kivu
112,1,2026-09-03,prose,admissions_cumulative,absent,0,0,""
112,1,2026-09-03,prose,beds_total,reported,4,0,haut-uele;ituri;nord-kivu;tshopo
112,1,2026-09-03,prose,exits_24h,reported,3,0,haut-uele;ituri;nord-kivu
112,1,2026-09-03,prose,facility_closed,absent,0,0,""
112,1,2026-09-03,prose,facility_expanded,reported,2,0,ct-bambu;ct-nizi
112,1,2026-09-03,prose,facility_incident,absent,0,0,""
112,1,2026-09-03,prose,facility_saturated,reported,1,0,cte-lita
112,1,2026-09-03,prose,occupancy_rate,reported,4,0,haut-uele;ituri;nord-kivu;tshopo
112,1,2026-09-03,prose,patients_confirmed,absent,0,0,""
112,1,2026-09-03,prose,patients_isolated,reported,4,0,haut-uele;ituri;nord-kivu;tshopo
112,1,2026-09-03,prose,patients_start_day,absent,0,0,""
112,1,2026-09-03,prose,patients_suspect,absent,0,0,""
113,1,2026-09-04,prose,admissions_24h,reported,4,0,haut-uele;ituri;nord-kivu;sud-kivu
113,1,2026-09-04,prose,admissions_cumulative,absent,0,0,""
113,1,2026-09-04,prose,beds_total,reported,5,0,haut-uele;ituri;nord-kivu;sud-kivu;tshopo
113,1,2026-09-04,prose,exits_24h,reported,3,0,haut-uele;ituri;nord-kivu
113,1,2026-09-04,prose,facility_closed,absent,0,0,""
113,1,2026-09-04,prose,facility_expanded,reported,2,0,ct-bambu;ct-nizi
113,1,2026-09-04,prose,facility_incident,absent,0,0,""
113,1,2026-09-04,prose,facility_saturated,reported,5,0,ct-logo;ct-mambasa;ct-nizi;cte-cme-bunia;cte-lita
113,1,2026-09-04,prose,occupancy_rate,reported,5,0,haut-uele;ituri;nord-kivu;sud-kivu;tshopo
113,1,2026-09-04,prose,patients_confirmed,absent,0,0,""
113,1,2026-09-04,prose,patients_isolated,reported,5,0,haut-uele;ituri;nord-kivu;sud-kivu;tshopo
113,1,2026-09-04,prose,patients_start_day,absent,0,0,""
113,1,2026-09-04,prose,patients_suspect,absent,0,0,""
114,1,2026-09-05,prose,admissions_24h,reported,3,0,haut-uele;ituri;nord-kivu
114,1,2026-09-05,prose,admissions_cumulative,absent,0,0,""
114,1,2026-09-05,prose,beds_total,reported,5,0,haut-uele;ituri;nord-kivu;sud-kivu;tshopo
114,1,2026-09-05,prose,exits_24h,reported,3,0,haut-uele;ituri;nord-kivu
114,1,2026-09-05,prose,facility_closed,absent,0,0,""
114,1,2026-09-05,prose,facility_expanded,absent,0,0,""
114,1,2026-09-05,prose,facility_incident,absent,0,0,""
114,1,2026-09-05,prose,facility_saturated,absent,0,0,""
114,1,2026-09-05,prose,occupancy_rate,reported,5,0,haut-uele;ituri;nord-kivu;sud-kivu;tshopo
114,1,2026-09-05,prose,patients_confirmed,absent,0,0,""
114,1,2026-09-05,prose,patients_isolated,reported,5,0,haut-uele;ituri;nord-kivu;sud-kivu;tshopo
114,1,2026-09-05,prose,patients_start_day,absent,0,0,""
114,1,2026-09-05,prose,patients_suspect,absent,0,0,""
115,1,2026-09-06,prose,admissions_24h,reported,3,0,haut-uele;ituri;nord-kivu
115,1,2026-09-06,prose,admissions_cumulative,absent,0,0,""
115,1,2026-09-06,prose,beds_total,reported,4,0,haut-uele;ituri;nord-kivu;tshopo
115,1,2026-09-06,prose,exits_24h,reported,3,0,haut-uele;ituri;nord-kivu
115,1,2026-09-06,prose,facility_closed,absent,0,0,""
115,1,2026-09-06,prose,facility_expanded,absent,0,0,""
115,1,2026-09-06,prose,facility_incident,absent,0,0,""
115,1,2026-09-06,prose,facility_saturated,absent,0,0,""
115,1,2026-09-06,prose,occupancy_rate,reported,4,0,haut-uele;ituri;nord-kivu;tshopo
115,1,2026-09-06,prose,patients_confirmed,absent,0,0,""
115,1,2026-09-06,prose,patients_isolated,reported,4,0,haut-uele;ituri;nord-kivu;tshopo
115,1,2026-09-06,prose,patients_start_day,absent,0,0,""
115,1,2026-09-06,prose,patients_suspect,absent,0,0,""
116,1,2026-09-07,prose,admissions_24h,reported,4,0,haut-uele;ituri;nord-kivu;sud-kivu
116,1,2026-09-07,prose,admissions_cumulative,absent,0,0,""
116,1,2026-09-07,prose,beds_total,reported,4,0,haut-uele;ituri;nord-kivu;tshopo
116,1,2026-09-07,prose,exits_24h,reported,3,0,haut-uele;ituri;nord-kivu
116,1,2026-09-07,prose,facility_closed,absent,0,0,""
116,1,2026-09-07,prose,facility_expanded,absent,0,0,""
116,1,2026-09-07,prose,facility_incident,absent,0,0,""
116,1,2026-09-07,prose,facility_saturated,reported,6,0,ct-kilo;ct-lolwa;ct-mambasa;ct-nizi;cte-isiro;cte-pawa
116,1,2026-09-07,prose,occupancy_rate,reported,5,0,haut-uele;ituri;nord-kivu;sud-kivu;tshopo
116,1,2026-09-07,prose,patients_confirmed,absent,0,0,""
116,1,2026-09-07,prose,patients_isolated,reported,5,0,haut-uele;ituri;nord-kivu;sud-kivu;tshopo
116,1,2026-09-07,prose,patients_start_day,absent,0,0,""
116,1,2026-09-07,prose,patients_suspect,absent,0,0,""
117,1,2026-09-08,prose,admissions_24h,reported,4,0,haut-uele;ituri;nord-kivu;tshopo
117,1,2026-09-08,prose,admissions_cumulative,absent,0,0,""
117,1,2026-09-08,prose,beds_total,reported,4,0,haut-uele;ituri;nord-kivu;tshopo
117,1,2026-09-08,prose,exits_24h,reported,3,0,haut-uele;ituri;nord-kivu
117,1,2026-09-08,prose,facility_closed,absent,0,0,""
117,1,2026-09-08,prose,facility_expanded,absent,0,0,""
117,1,2026-09-08,prose,facility_incident,absent,0,0,""
117,1,2026-09-08,prose,facility_saturated,reported,8,0,ct-kilo;ct-lolwa;ct-mambasa;ct-mandima;ct-mangala;ct-nizi;cte-isiro;cte-pawa
117,1,2026-09-08,prose,occupancy_rate,reported,5,0,haut-uele;ituri;nord-kivu;sud-kivu;tshopo
117,1,2026-09-08,prose,patients_confirmed,absent,0,0,""
117,1,2026-09-08,prose,patients_isolated,reported,5,0,haut-uele;ituri;nord-kivu;sud-kivu;tshopo
117,1,2026-09-08,prose,patients_start_day,absent,0,0,""
117,1,2026-09-08,prose,patients_suspect,absent,0,0,""
118,1,2026-09-09,prose,admissions_24h,reported,3,0,haut-uele;ituri;nord-kivu
118,1,2026-09-09,prose,admissions_cumulative,absent,0,0,""
118,1,2026-09-09,prose,beds_total,reported,4,0,haut-uele;ituri;nord-kivu;tshopo
118,1,2026-09-09,prose,exits_24h,reported,4,0,haut-uele;ituri;nord-kivu;tshopo
118,1,2026-09-09,prose,facility_closed,absent,0,0,""
118,1,2026-09-09,prose,facility_expanded,reported,1,0,cte-isiro
118,1,2026-09-09,prose,facility_incident,absent,0,0,""
118,1,2026-09-09,prose,facility_saturated,reported,8,0,ct-kilo;ct-lolwa;ct-mambasa;ct-mandima;ct-mangala;ct-nizi;cte-isiro;cte-pawa
118,1,2026-09-09,prose,occupancy_rate,reported,4,0,haut-uele;ituri;nord-kivu;tshopo
118,1,2026-09-09,prose,patients_confirmed,absent,0,0,""
118,1,2026-09-09,prose,patients_isolated,reported,4,0,haut-uele;ituri;nord-kivu;tshopo
118,1,2026-09-09,prose,patients_start_day,absent,0,0,""
118,1,2026-09-09,prose,patients_suspect,absent,0,0,""
119,1,2026-09-10,prose,admissions_24h,reported,4,0,haut-uele;ituri;nord-kivu;tshopo
119,1,2026-09-10,prose,admissions_cumulative,absent,0,0,""
119,1,2026-09-10,prose,beds_total,reported,3,0,haut-uele;ituri;tshopo
119,1,2026-09-10,prose,exits_24h,reported,2,0,ituri;nord-kivu
119,1,2026-09-10,prose,facility_closed,absent,0,0,""
119,1,2026-09-10,prose,facility_expanded,absent,0,0,""
119,1,2026-09-10,prose,facility_incident,absent,0,0,""
119,1,2026-09-10,prose,facility_saturated,reported,8,0,ct-kilo;ct-lolwa;ct-mambasa;ct-mandima;ct-mangala;ct-nizi;cte-isiro;cte-pawa
119,1,2026-09-10,prose,occupancy_rate,reported,5,0,haut-uele;ituri;nord-kivu;sud-kivu;tshopo
119,1,2026-09-10,prose,patients_confirmed,absent,0,0,""
119,1,2026-09-10,prose,patients_isolated,reported,4,0,haut-uele;ituri;nord-kivu;tshopo
119,1,2026-09-10,prose,patients_start_day,absent,0,0,""
119,1,2026-09-10,prose,patients_suspect,absent,0,0,""
122,1,2026-09-13,prose,admissions_24h,reported,4,0,bas-uele;haut-uele;ituri;nord-kivu
122,1,2026-09-13,prose,admissions_cumulative,absent,0,0,""
122,1,2026-09-13,prose,beds_total,reported,4,0,haut-uele;ituri;sud-kivu;tshopo
122,1,2026-09-13,prose,exits_24h,reported,3,0,haut-uele;ituri;nord-kivu
122,1,2026-09-13,prose,facility_closed,absent,0,0,""
122,1,2026-09-13,prose,facility_expanded,absent,0,0,""
122,1,2026-09-13,prose,facility_incident,absent,0,0,""
122,1,2026-09-13,prose,facility_saturated,absent,0,0,""
122,1,2026-09-13,prose,occupancy_rate,reported,5,0,haut-uele;ituri;nord-kivu;sud-kivu;tshopo
122,1,2026-09-13,prose,patients_confirmed,absent,0,0,""
122,1,2026-09-13,prose,patients_isolated,reported,6,0,bas-uele;haut-uele;ituri;nord-kivu;sud-kivu;tshopo
122,1,2026-09-13,prose,patients_start_day,absent,0,0,""
122,1,2026-09-13,prose,patients_suspect,absent,0,0,""
