facility_id,facility_name,sitrep,version,report_date,text_source,event,event_date,beds,status_note,evidence_quote,confidence,facility_raw
cte-mongbwalu,CTE Mongbwalu,5,1,2026-05-19,pdf_text,operating,,,Three facility staff briefed on standard precautions,Briefing de 3 prestataires de CTE Mongwalu sur les précautions standard,high,CTE Mongwalu
cte-beni,CTE Beni,6,1,2026-05-20,pdf_text,planned,,,Recommendation to make the Beni transit and treatment centres operational through rehabilitation,"Rendre opérationnel les CT et CTE de Beni, Butembo et Goma (réhabilitation et révision du circuit)",high,CTE de Beni
cte-beni,CTE Beni,7,1,2026-05-21,ocr_mupdf,planned,,,Recommendation to make the Beni transit and treatment centres operational through rehabilitation,"Rendre opérationnel les CT et CTE de Beni, Butembo et Goma",high,CTE de Beni
cte-beni,CTE Beni,8,1,2026-05-22,ocr_mupdf,planned,,,Recommendation to make the Beni transit and treatment centres operational through rehabilitation,"Rendre opérationnel les CT et CTE de Beni, Butembo et Goma",high,CTE de Beni
ct-bunia,CT Bunia,9,1,2026-05-23,ocr_mupdf,under_construction,,,Joint IPC and case management supervision of the Bunia transit centre to define the patient circuit,Supervision conjointe PCI- PEC du CT Bunia pour la définition du circuit,low,CT Bunia
ct-rwampara,CT Rwampara,10,1,2026-05-24,ocr_mupdf,incident,,,Fire at the Rwampara transit centre listed among security problems,"Incendie de CT de Rwampara, Mongbwalu",high,CT de Rwampara
cte-bunia,CTE Bunia (HGR),10,1,2026-05-24,ocr_mupdf,under_construction,,,Construction of the CTE at HGR Bunia started by partner IMC,Démarrage des travaux de construction du CTE à l'HGR Bunia par le partenaire IMC,high,CTE à l'HGR Bunia
cte-rwampara,CTE Rwampara (HGR),10,1,2026-05-24,ocr_mupdf,under_construction,,,Fitting-out works continue at the facility,Poursuite des travaux d'aménagement du CTE Rwampara,high,CTE Rwampara
cte-bunia,CTE Bunia (HGR),12,1,2026-05-26,ocr_mupdf,under_construction,,,Construction of the CTE at HGR Bunia started with IMC support,Début de travaux de construction du CTE à l'HGR Bunia avec l’appui de l'IMC,high,CTE à l'HGR Bunia
cte-bunia,CTE Bunia (HGR),12,2,2026-05-26,pdf_text,under_construction,,,Construction of the CTE at HGR Bunia started with IMC support,Début de travaux de construction du CTE à l’HGR Bunia avec l’appui de l’IMC,high,CTE à l’HGR Bunia
cte-cme-bunia,CTE CME Bunia,12,2,2026-05-26,pdf_text,under_construction,,,Fitting-out of the facility continues,Poursuite de l’aménagement du CTE CME Bunia,high,CTE CME
ct-heal-africa,CT HEAL Africa,13,1,2026-05-27,pdf_text,mention_only,,,Named in a garbled table header,HGR BUNIA CME CT HEAL,low,CT HEAL
ct-rwampara,CT Rwampara,13,1,2026-05-27,pdf_text,incident,,,Fire at the Rwampara transit centre listed among security problems,"Incendie de CT de Rwampara, Mongbwalu",high,CT de Rwampara
cte-bunia,CTE Bunia (HGR),13,1,2026-05-27,pdf_text,under_construction,,,Construction works on the CTE at HGR Bunia being followed up,Suivi de l’évolution des travaux de construction du CTE à l’HGR BUNIA,high,CTE à l’HGR BUNIA
cte-bunia,CTE Bunia (HGR),14,1,2026-05-28,ocr_mupdf,under_construction,,,Construction works on the CTE at HGR Bunia being followed up,"#. 4, CTE à l'HGR BUNIA ;",low,CTE à l'HGR BUNIA
cte-bunia,CTE Bunia (HGR),15,1,2026-05-29,pdf_text,under_construction,,,Construction works on the Bunia CTE being followed up,"Suivi des travaux de construction des CTE de Bunia, du CME et de Rwampara",high,CTE de Bunia
cte-bunia,CTE Bunia (HGR),16,1,2026-05-30,pdf_text,operating,,,One of two deaths occurred at the facility,Deux (2) décès (CTE Bunia et HGR Rwampara),high,CTE Bunia
cte-bunia,CTE Bunia (HGR),16,1,2026-05-30,pdf_text,under_construction,,,Construction works on the CTE at HGR Bunia being followed up,"Suivi des travaux de construction du CTE à l’HGR Bunia, au CME Bunia",high,CTE à l’HGR Bunia
cte-bunia,CTE Bunia (HGR),17,1,2026-05-31,pdf_text,operating,,,One of two additional deaths occurred at the facility,Deux (2) décès supplémentaires (CTE Bunia et HGR Rwampara),high,CTE Bunia
cte-cme-bunia,CTE CME Bunia,17,1,2026-05-31,pdf_text,opened,,,"Official inauguration of the standard CTE at CME Rwampara, newly rehabilitated and handed over by the WHO Director-General",Inauguration officielle du Centre de Traitement Ebola (CTE) normé de CME Rwampara,high,
cte-lwiro,CTE Lwiro,18,1,2026-06-01,pdf_text,operating,,,Five patients under care at the facility; one admission and two non-case discharges,file active de 5 patients au CTE Lwiro,high,CTE Lwiro
cte-katwa,CTE Katwa (HGR),20,1,2026-06-03,pdf_text,under_construction,,,Rehabilitation of the facility continues in an action-plan table,Poursuite réhabilitation Multi-pilier J+3 CTE Katwa,low,CTE Katwa
cte-lwiro,CTE Lwiro,20,1,2026-06-03,pdf_text,operating,,,One confirmed case escaped from the facility,1 cas confirmé évadé du CTE LWIRO,high,CTE LWIRO
cte-nyankunde,CTE Nyankunde (HGR),22,1,2026-06-05,pdf_text,operating,,,Community sensitisation began in support of patient reception and isolation at the facility,l’accueil et isolement des malades au CTE Nyankunde,high,CTE Nyankunde
cte-katwa,CTE Katwa (HGR),23,1,2026-06-06,pdf_text,under_construction,,,Rehabilitation works on the CTE at HGR Katwa being followed up,Suivi des travaux de réhabilitation du CTE à l’HGR Katwa,high,CTE à l’HGR Katwa
cte-bunia,CTE Bunia (HGR),24,1,2026-06-07,pdf_text,opened,,,"Medical case management activities launched at the two CTEs, HGR Bunia run by IMC",Lancement des activités de 2 CTE (HGR Bunia par IMC et HGR Rwampara par Alima),high,
cte-cme-bunia,CTE CME Bunia,24,1,2026-06-07,pdf_text,mention_only,,,Visited by the ALIMA director general with INSP leadership,Visite des CTE CME et Rwampara par le DG d’Alima,high,CTE CME
cte-katwa,CTE Katwa (HGR),24,1,2026-06-07,pdf_text,operating,,,Training of 45 facility health workers completed,clôture de la formation de 45 prestataires de santé du CTE de Katwa,high,CTE de Katwa
cte-katwa,CTE Katwa (HGR),24,1,2026-06-07,pdf_text,under_construction,,,Rehabilitation works on the CTE at HGR Katwa being followed up,Suivi des travaux de réhabilitation du CTE à l’HGR Katwa,high,CTE à l’HGR Katwa
cte-rwampara,CTE Rwampara (HGR),24,1,2026-06-07,pdf_text,opened,,,"Medical case management activities launched at the two CTEs, HGR Rwampara run by ALIMA",Lancement des activités de 2 CTE (HGR Bunia par IMC et HGR Rwampara par Alima),high,
cte-cme-bunia,CTE CME Bunia,25,1,2026-06-08,pdf_text,operating,,,Three new recoveries at the facility in Rwampara health zone; five orphanage children declared non-cases there,3 nouveaux guéris au CTE CME de la ZS de Rwampara,high,CTE CME
cte-cme-bunia,CTE CME Bunia,27,1,2026-06-10,pdf_text,operating,,,Death of a 10-month-old who tested positive at the facility,testée positive au CTE CME,high,CTE CME
cte-cme-bunia,CTE CME Bunia,27,1,2026-06-10,pdf_text,expanded,,,Creche at the facility being finalised,Finalisation de la crèche CTE CME Rwampara,high,CTE CME
cte-elikya,CTE Elikya,27,1,2026-06-10,pdf_text,operating,,,Discharge ceremony for two recovered patients,cérémonies de deux (2) patients guéris au CTE Elikya (ZS Bunia),high,CTE Elikya
cte-rwampara,CTE Rwampara (HGR),27,1,2026-06-10,pdf_text,operating,,,Death of a confirmed child under five at the facility,Décès d'un enfant de moins de 5 ans confirmés au CTE Rwampara,high,CTE Rwampara
cte-cme-bunia,CTE CME Bunia,28,1,2026-06-11,pdf_text,mention_only,,,Materials delivered to the facility,Livraison des matériels CTE/CME-Bunia,high,CTE/CME-Bunia
cte-rwampara,CTE Rwampara (HGR),28,1,2026-06-11,pdf_text,operating,,,Cardiac monitor and pulse oximeter received,Réception d’un moniteur cardiaque et Oxymètre de pools au CTE Rwampara,high,CTE Rwampara
cte-cme-bunia,CTE CME Bunia,30,1,2026-06-13,pdf_text,expanded,,,Works being finalised; 8 installed tents to be operational by Monday 15 June 2026,"Finalisation des travaux du CTE/CME-BUNIA, 8 tentes installées seront opérationnelles",high,CTE/CME-BUNIA
cte-cme-bunia,CTE CME Bunia,31,1,2026-06-14,pdf_text,operating,,,Six patients admitted to the facility were supported,appui à l’orientation de 6 patients admis au CTE CME Nyankunde,high,CTE CME
cte-rwampara,CTE Rwampara (HGR),31,1,2026-06-14,pdf_text,mention_only,,,Guided visit for social media influencers,Mongbwalu au CTE Rwampara,high,CTE Rwampara
cte-bunia,CTE Bunia (HGR),32,1,2026-06-15,pdf_text,operating,,,12 tents already functional while works finish,CTE/HGR Bunia (12 tentes sont déjà fonctionnelles,high,CTE/HGR Bunia
cte-bunia,CTE Bunia (HGR),32,1,2026-06-15,pdf_text,expanded,,,Construction of a new building continues,construction d’un nouveau bâtiment CTE/HGR Bunia,high,CTE/HGR Bunia
cte-elikya,CTE Elikya,32,1,2026-06-15,pdf_text,mention_only,,,Visited by the INSP director general to assess case management,au centre de traitement Elikya,high,centre de traitement Elikya
cte-nyankunde,CTE Nyankunde (HGR),32,1,2026-06-15,pdf_text,under_construction,,,Fitting-out works at the facility being followed up,Poursuite du suivi des travaux d’aménagements dans le CTE HGR Nyankunde,high,CTE HGR Nyankunde
cte-bunia,CTE Bunia (HGR),33,1,2026-06-16,pdf_text,operating,,,Medicines delivered with ALIMA and IMC support,Livraison des médicaments au CTE/HGR Bunia appui d’ALIMA et IMC,high,CTE/HGR Bunia
cte-cme-bunia,CTE CME Bunia,33,1,2026-06-16,pdf_text,mention_only,,,Supervision of the facility as a storage site for medicines and IPC supplies,du CTE CME Bunia (lieu de stockage des médicaments et intrants PCI),high,CTE CME
cte-istm,CTE ISTM,33,1,2026-06-16,pdf_text,opened,,,The facility was made operational,Opérationnalisation du CTE IST Nyankunde,high,CTE IST
cte-rwampara,CTE Rwampara (HGR),33,1,2026-06-16,pdf_text,operating,,,Motorcade for the discharge of 7 recovered patients,le déchargement de 7 guéris et sensibiliser sur l'efficacité de la prise en charge dans le CTE Rwampara,high,CTE Rwampara
cte-matanda,CTE Matanda,34,1,2026-06-17,pdf_text,under_construction,,,Under construction by IMC while 40 staff are trained,de 40 prestataires du CTE MATANDA en cours de construction par l’IMC,high,CTE MATANDA
cte-cme-bunia,CTE CME Bunia,35,1,2026-06-18,pdf_text,operating,,,Dignity kits and IPC supplies delivered,kits dignités et intrants PCI au CTE CME Bunia,high,CTE CME
cte-nyankunde,CTE Nyankunde (HGR),35,1,2026-06-18,pdf_text,operating,,,Dignity kits and IPC supplies delivered,"CTE CME Bunia, CTE HGR Nyankunde, CSR Shari",high,CTE HGR Nyankunde
cte-bunia,CTE Bunia (HGR),36,1,2026-06-19,pdf_text,operating,,,IPC supplies and essential medicines delivered,ainsi qu’au CTE HGR Bunia,high,CTE HGR Bunia
cte-cme-bunia,CTE CME Bunia,36,1,2026-06-19,pdf_text,operating,,,IPC supplies and essential medicines delivered,CTE CME Bunia et au CSR SOTA/ZS Nyankunde,high,CTE CME
cte-elikya,CTE Elikya,36,1,2026-06-19,pdf_text,operating,,,Safe and dignified burials performed at the facility,réalisation de 8 EDS au CTE/CME et CTE Elikya,high,CTE Elikya
cte-cme-bunia,CTE CME Bunia,37,1,2026-06-20,pdf_text,operating,,,Safe and dignified burials performed at the facility; five new admissions investigated,appui à l’EDS au CTE-CME,high,CTE-CME
cte-elikya,CTE Elikya,37,1,2026-06-20,pdf_text,operating,,,IPC supplies and medicines delivered,"CTE Mongbwalu, CTE Elikya, CTE CME Bunia",high,CTE Elikya
cte-lwiro,CTE Lwiro,37,1,2026-06-20,pdf_text,operating,,,Official discharge ceremony for two recovered patients,"Cérémonie officielle de la décharge de deux patients guéris de la MVE, au CTE Lwiro",high,CTE Lwiro
cte-mongbwalu,CTE Mongbwalu,37,1,2026-06-20,pdf_text,operating,,,IPC supplies and medicines delivered,"HGR Mongbwalu, CTE Mongbwalu, CTE Elikya",high,CTE Mongbwalu
cte-rwampara,CTE Rwampara (HGR),37,1,2026-06-20,pdf_text,operating,,,A recovered case still showing signs was taken to the facility,le malade est acheminé au CTE Rwampara,high,CTE Rwampara
cte-munigi,CTE Munigi,38,1,2026-06-21,pdf_text,operating,,,Two escapes from the facility,(4 à KAMI et 2 au CTE Munigi),high,CTE Munigi
cte-cme-bunia,CTE CME Bunia,39,1,2026-06-22,pdf_text,operating,,,56 facility health workers briefed on sexual exploitation and abuse prevention,56 personnels soignants du CTE CME Nyankunde dans la ZS de Rwampara,high,CTE CME
cte-cme-bunia,CTE CME Bunia,40,1,2026-06-23,pdf_text,mention_only,,,Contact tracing support in the area of the facility,recherche de contact dans les AS Rwampara DELE et CTE CME,low,CTE CME
cte-rwampara,CTE Rwampara (HGR),40,1,2026-06-23,pdf_text,operating,,,"Two recovered health workers readmitted, one positive again",Deux (2) PPL guéris ont été réadmis au CTE Rwampara,high,CTE Rwampara
cte-rwampara,CTE Rwampara (HGR),40,1,2026-06-23,pdf_text,expanded,,,Extension works on the facility being followed up,Suivi des travaux d’extension du CTE Rwampara,high,CTE Rwampara
cte-bunia,CTE Bunia (HGR),41,1,2026-06-24,pdf_text,expanded,,,Works on the new CTE at HGR Bunia continue,poursuite des travaux du nouveau CTE à l’HGR/Bunia,high,CTE à l’HGR
cte-elikya,CTE Elikya,41,1,2026-06-24,pdf_text,operating,,,Staff briefed on data reporting,briefing sur le rapportage des données au CTE Elikya,high,CTE Elikya
cte-katwa,CTE Katwa (HGR),41,1,2026-06-24,pdf_text,operating,,,Water supplied to the facility tanks with UNICEF funding,approvisionnement en eau des citernes du CTE Katwa,high,CTE Katwa
cte-rwampara,CTE Rwampara (HGR),41,1,2026-06-24,pdf_text,operating,,,Radio broadcast with testimony of a patient recovered at the facility,témoignage d’un guéri du CTE Rwampara,high,CTE Rwampara
cte-rwampara,CTE Rwampara (HGR),41,1,2026-06-24,pdf_text,expanded,,,Extension works being followed up,"Suivi des travaux d’extension des CTE, notamment Rwampara et HGR/Bunia",high,CTE Rwampara
cte-elikya,CTE Elikya,42,1,2026-06-25,pdf_text,operating,,,Staff briefed on data reporting,briefing sur le rapportage des données au CTE Elikya,high,CTE Elikya
cte-elikya,CTE Elikya,44,1,2026-06-27,pdf_text,operating,,,Two deaths among patients at the facility,2 au CTE Elikya/ZS Bunia,high,CTE Elikya
cte-istm,CTE ISTM,44,1,2026-06-27,pdf_text,operating,,,One death among patients at the facility,1 au CTE ISTM/ZS Rwampara,high,CTE ISTM
cte-komanda,CTE Komanda,44,1,2026-06-27,pdf_text,operating,,,One death among patients at the facility,1 au CTE Komanda et 1 au CTE ISTM/ZS Rwampara,high,CTE Komanda
cte-nyankunde,CTE Nyankunde (HGR),44,1,2026-06-27,pdf_text,operating,,,One death among patients at the facility,"1 au CTE Nyankunde, 1 au CTE Komanda",high,CTE Nyankunde
cte-beni,CTE Beni,46,1,2026-06-29,pdf_text,operating,,,One death among patients at the facility,1 décès dans le CTE Beni au Nord-Kivu,high,CTE Beni
cte-cme-bunia,CTE CME Bunia,46,1,2026-06-29,pdf_text,operating,,,Four deaths among patients at the facility,"4 au CTE CME, 2 au CTE Mongbwalu",high,CTE CME
cte-elikya,CTE Elikya,46,1,2026-06-29,pdf_text,operating,,,Four deaths among patients at the facility,"(4 au CTE Elikya, 4 au CTE CME,",high,CTE Elikya
cte-istm,CTE ISTM,46,1,2026-06-29,pdf_text,operating,,,One death among patients at the facility,1 au CTE ISTM) et 1 décès dans le CTE Beni,high,CTE ISTM
cte-kalunguta,CTE Kalunguta,46,1,2026-06-29,pdf_text,operating,,,One patient recovered at the facility,1 au CTE Kalunguta,high,CTE Kalunguta
cte-katwa,CTE Katwa (HGR),46,1,2026-06-29,pdf_text,operating,,,One patient recovered at the facility,1 au CTE Katwa) ont été déclarés guéris,high,CTE Katwa
cte-mongbwalu,CTE Mongbwalu,46,1,2026-06-29,pdf_text,operating,,,Two deaths among patients at the facility,"2 au CTE Mongbwalu, 2 au CTE Nyankunde",high,CTE Mongbwalu
cte-nyankunde,CTE Nyankunde (HGR),46,1,2026-06-29,pdf_text,operating,,,Two deaths among patients at the facility,2 au CTE Nyankunde et 1 au CTE ISTM,high,CTE Nyankunde
cte-rwampara,CTE Rwampara (HGR),46,1,2026-06-29,pdf_text,operating,,,One patient recovered at the facility,"1 au CTE Rwampara, 1 au CTE Elikya",high,CTE Rwampara
ct-bambu,CT Bambu,47,1,2026-06-30,pdf_text,operating,,,One death among patients at the facility,un (1) au CT Bambu,high,CT Bambu
cte-beni,CTE Beni,47,1,2026-06-30,pdf_text,operating,,,51 facility staff trained in case management,Formation de 51 prestataires du CTE Beni sur la prise en charge,high,CTE Beni
cte-bunia,CTE Bunia (HGR),47,1,2026-06-30,pdf_text,operating,,,Five deaths among patients at the facility,dont cinq ( 5) au CTE de Bunia,high,CTE de Bunia
cte-cme-bunia,CTE CME Bunia,47,1,2026-06-30,pdf_text,operating,,,Medicines and IPC supplies delivered to the facility,au CTE CME/Bunia et au laboratoire provincial,high,CTE CME
cte-elikya,CTE Elikya,47,1,2026-06-30,pdf_text,operating,,,Seven patients recovered at the facility,sept (7) au CTE Elikya et quatre (4) au CTE ISTM,high,CTE Elikya
cte-istm,CTE ISTM,47,1,2026-06-30,pdf_text,operating,,,Four patients recovered at the facility,quatre (4) au CTE ISTM,high,CTE ISTM
cte-juhudi,CTE Juhudi,47,1,2026-06-30,pdf_text,operating,,,Safe burial and IPC support for deaths at the facility,décès survenus au CTE de Juhudi dans la ZS Nia-Nia,high,CTE de Juhudi
cte-katwa,CTE Katwa (HGR),47,1,2026-06-30,pdf_text,operating,,,Four deaths among patients at the facility,dont quatre (4) au CTE Katwa,high,CTE Katwa
cte-mongbwalu,CTE Mongbwalu,47,1,2026-06-30,pdf_text,operating,,,Six patients recovered at the facility,"Six (6) au CTE Mongbwalu, sept (7) au CTE Elikya",high,CTE Mongbwalu
ct-musienene,CT Musienene,48,1,2026-07-01,pdf_text,operating,,,Suspected case child registered at the facility discharged after two negative tests,L’enfant enregistré au CT Musienene comme cas suspect,high,CT Musienene
cte-beni,CTE Beni,48,1,2026-07-01,pdf_text,operating,,,51 facility staff trained with IMC support,Formation de 51 prestataires du CTE Beni avec appui d’IMC,high,CTE Beni
cte-bunia,CTE Bunia (HGR),48,1,2026-07-01,pdf_text,operating,,,Three deaths among patients at the facility,"(3 au CTE de Bunia,1 au CTE de Mongbwalu",high,CTE de Bunia
cte-cme-bunia,CTE CME Bunia,48,1,2026-07-01,pdf_text,operating,,,Two patients recovered at the facility,2 au CTE CME),high,CTE CME
cte-elikya,CTE Elikya,48,1,2026-07-01,pdf_text,operating,,,Seven patients recovered at the facility,(7 au CTE Elikya,high,CTE Elikya
cte-istm,CTE ISTM,48,1,2026-07-01,pdf_text,operating,,,Four patients recovered at the facility,4 au CTE ISTM et 2 au CTE CME,high,CTE ISTM
cte-katwa,CTE Katwa (HGR),48,1,2026-07-01,pdf_text,operating,,,Two patients recovered at the facility,2 au CTE Katwa dans la province du Nord-Kivu,high,CTE Katwa
cte-mongbwalu,CTE Mongbwalu,48,1,2026-07-01,pdf_text,operating,,,Six patients recovered at the facility,"6 au CTE Mongbwalu, 4 au CTE ISTM",high,CTE Mongbwalu
cte-rwampara,CTE Rwampara (HGR),48,1,2026-07-01,pdf_text,operating,,,One death among patients at the facility,1 au CTE Rwampara,high,CTE Rwampara
ct-bambu,CT Bambu,49,1,2026-07-02,pdf_text,operating,,,Two patients recovered at the facility,2 au CT Bambu et 1 au CTE Rwampara,high,CT Bambu
cte-beni,CTE Beni,49,1,2026-07-02,pdf_text,mention_only,,,Guided visit to the facility for youth leaders to counter resistance to patient transfer,Visite guidée au CTE Beni,high,CTE Beni
cte-bunia,CTE Bunia (HGR),49,1,2026-07-02,pdf_text,operating,,,Three patients recovered at the facility,"3 au CTE Bunia, 2 au CT Bambu",high,CTE Bunia
cte-cme-bunia,CTE CME Bunia,49,1,2026-07-02,pdf_text,operating,,,Three patients recovered at the facility,"3 au CTE CME, 3 au CTE Bunia",high,CTE CME
cte-elikya,CTE Elikya,49,1,2026-07-02,pdf_text,expanded,,,Fitting-out works continue with 14 tents available and a laboratory under construction,"Poursuite des travaux d’aménagement du CTE Elikya, avec 14 tentes disponibles",high,CTE Elikya
cte-katwa,CTE Katwa (HGR),49,1,2026-07-02,pdf_text,operating,,,One death among patients at the facility,et du Nord-Kivu (1 au CTE Katwa),high,CTE Katwa
cte-mongbwalu,CTE Mongbwalu,49,1,2026-07-02,pdf_text,operating,,,Six deaths among patients at the facility,6 au CTE de Mongbwalu,high,CTE de Mongbwalu
cte-rwampara,CTE Rwampara (HGR),49,1,2026-07-02,pdf_text,operating,,,Two deaths among patients at the facility,2 au CTE de Rwampara,high,CTE de Rwampara
ct-bambu,CT Bambu,50,1,2026-07-03,pdf_text,operating,,,Two patients recovered at the facility,"2 au CT Bambu ,1 au CTE Nyakunde",high,CT Bambu
cte-aru,CTE Aru (HGR),50,1,2026-07-03,pdf_text,operating,,,A validated alert from a point of entry was referred to the facility,l’alerte a été validée et référée au CTE Aru,high,CTE Aru
cte-bunia,CTE Bunia (HGR),50,1,2026-07-03,pdf_text,operating,,,One death among patients at the facility,1 au CTE de Bunia,high,CTE de Bunia
cte-cme-bunia,CTE CME Bunia,50,1,2026-07-03,pdf_text,operating,,,IPC kits delivered to the facility,CTE CME kit PIC 11 colis de 70 kg,high,CTE CME
cte-istm,CTE ISTM,50,1,2026-07-03,pdf_text,operating,,,Three patients recovered at the facility,"(3 au CTE ISTM, 3 au CTE Mongbwalu",high,CTE ISTM
cte-katwa,CTE Katwa (HGR),50,1,2026-07-03,pdf_text,operating,,,Two deaths among patients at the facility,(2 au CTE Katwa),high,CTE Katwa
cte-mongbwalu,CTE Mongbwalu,50,1,2026-07-03,pdf_text,operating,,,Three deaths among patients at the facility,"(3 au CTE de Mongbwalu,2 au CTE ISTM",high,CTE de Mongbwalu
cte-nyankunde,CTE Nyankunde (HGR),50,1,2026-07-03,pdf_text,operating,,,One patient recovered at the facility,1 au CTE Nyakunde),high,CTE Nyakunde
cte-rwampara,CTE Rwampara (HGR),50,1,2026-07-03,pdf_text,under_construction,,,Fitting-out works continue at the facility,Poursuite de travaux d'aménagement se poursuivent au : CTE RWAMPARA,high,CTE RWAMPARA
ct-musienene,CT Musienene,51,1,2026-07-04,pdf_text,operating,,,A confirmed health-worker case was transferred from this transit centre,Transfère d’un cas confirmé (PPL) du CT Musienene,high,CT Musienene
cte-beni,CTE Beni,51,1,2026-07-04,pdf_text,opened,,20,Official opening of the facility with 20 beds,Ouverture officielle du CTE Beni avec une capacité de 20 lits,high,CTE Beni
cte-bunia,CTE Bunia (HGR),51,1,2026-07-04,pdf_text,operating,,,Two deaths among patients at the facility,"(2 au CTE Bunia, 2 au CTE de Mongbwalu",high,CTE Bunia
cte-cme-bunia,CTE CME Bunia,51,1,2026-07-04,pdf_text,operating,,,Clinical trials started at the facility,Début des essais cliniques au CTE CME dans la zone de santé de Rwampara,high,CTE CME
cte-elikya,CTE Elikya,51,1,2026-07-04,pdf_text,operating,,,Two deaths among patients at the facility,2 au CTE Elikya et 1 au CTE Komanda,high,CTE Elikya
cte-elikya,CTE Elikya,51,1,2026-07-04,pdf_text,expanded,,,Fitting-out works at the facility continue,aménagement du CTE Elikya,high,CTE Elikya
cte-katwa,CTE Katwa (HGR),51,1,2026-07-04,pdf_text,operating,,,A confirmed health-worker case was transferred to the facility,du CT Musienene vers le CTE Katwa,high,CTE Katwa
cte-komanda,CTE Komanda,51,1,2026-07-04,pdf_text,operating,,,Two patients recovered at the facility,"2 au CTE Komanda, 1 au CTE CME",high,CTE Komanda
cte-mongbwalu,CTE Mongbwalu,51,1,2026-07-04,pdf_text,operating,,,Two deaths among patients at the facility,"2 au CTE de Mongbwalu, 2 au CTE Elikya",high,CTE de Mongbwalu
cte-mongbwalu,CTE Mongbwalu,51,1,2026-07-04,pdf_text,expanded,,,Extension of the facility by at least 50 beds under way,extension du CTE de Mongbwalu d’au moins 50 lits,high,CTE de Mongbwalu
cte-nyankunde,CTE Nyankunde (HGR),51,1,2026-07-04,pdf_text,operating,,,One patient recovered at the facility,1 au CTE Nyankunde),high,CTE Nyankunde
cte-rwampara,CTE Rwampara (HGR),51,1,2026-07-04,pdf_text,operating,,,"A premature baby was born at the facility, where a pregnant woman was also admitted",Un enfant prématuré de 2 300 g est né au CTE Rwampara,high,CTE Rwampara
ct-bambu,CT Bambu,52,1,2026-07-05,pdf_text,operating,,,One death among patients at the facility,1 au CT Bambu). Trois (3) décès,high,CT Bambu
ct-musienene,CT Musienene,52,1,2026-07-05,pdf_text,operating,,,A confirmed health-worker case was transferred from this transit centre,Transfère d’un cas confirmé (PPL) du CT Musienene vers le CTE Katwa,high,CT Musienene
ct-sota,CT Sota,52,1,2026-07-05,pdf_text,operating,,,Three patients recovered at the facility,3 au CT SOTA),high,CT SOTA
cte-bunia,CTE Bunia (HGR),52,1,2026-07-05,pdf_text,operating,,,One death among patients at the facility,1 au CTE Bunia et 1 au CT Bambu,high,CTE Bunia
cte-cme-bunia,CTE CME Bunia,52,1,2026-07-05,pdf_text,operating,,,Four patients recovered at the facility including a 3-month-old child,dont un enfant de 3 mois au CTE CME,high,CTE CME
cte-elikya,CTE Elikya,52,1,2026-07-05,pdf_text,operating,,,Four patients recovered at the facility,"4 au CTE Elikya, 1 au CT Bambu",high,CTE Elikya
cte-elikya,CTE Elikya,52,1,2026-07-05,pdf_text,expanded,,,Fitting-out works at the facility,aménagement du CTE Elikya/Bunia,high,CTE Elikya
cte-katwa,CTE Katwa (HGR),52,1,2026-07-05,pdf_text,operating,,,A confirmed health-worker case was transferred to the facility,du CT Musienene vers le CTE Katwa,high,CTE Katwa
cte-mongbwalu,CTE Mongbwalu,52,1,2026-07-05,pdf_text,operating,,,Two deaths among patients at the facility,"2 au CTE de Mongbwalu, 1 au CTE CME",high,CTE de Mongbwalu
cte-nyankunde,CTE Nyankunde (HGR),52,1,2026-07-05,pdf_text,operating,,,Two deaths among patients at the facility,"(2 au CTE Nyankunde, 2 au CTE de Mongbwalu",high,CTE Nyankunde
cte-rwampara,CTE Rwampara (HGR),52,1,2026-07-05,pdf_text,operating,,,Two patients recovered at the facility,"(2 au CTE Rwampara,",high,CTE Rwampara
cte-rwampara,CTE Rwampara (HGR),52,1,2026-07-05,pdf_text,expanded,,,New building of the facility is operational,nouveau bâtiment du CTE Rwampara opérationnel,high,CTE Rwampara
ct-logo,CT Logo,53,1,2026-07-06,pdf_text,operating,,,Two patients recovered at the facility,2 au CT Logo),high,CT Logo
ct-sota,CT Sota,53,1,2026-07-06,pdf_text,operating,,,One death among patients at the facility,1 au CT Sota),high,CT Sota
cte-beni,CTE Beni,53,1,2026-07-06,pdf_text,operating,,,Two deaths among patients at the facility,"(2 au CTE Beni, 1 au CTE Butembo",high,CTE Beni
cte-bunia,CTE Bunia (HGR),53,1,2026-07-06,pdf_text,operating,,,One death among patients at the facility,1 au CTE Bunia et 1 au CT Sota,high,CTE Bunia
cte-butembo,CTE Butembo,53,1,2026-07-06,pdf_text,operating,,,One death among patients at the facility,1 au CTE Butembo et 1 au CTE Katwa,high,CTE Butembo
cte-cme-bunia,CTE CME Bunia,53,1,2026-07-06,pdf_text,operating,,,One patient recovered at the facility,"(1 au CTE CME, 3 au CTE Mongbwalu",high,CTE CME
cte-istm,CTE ISTM,53,1,2026-07-06,pdf_text,operating,,,Two deaths among patients at the facility,"(2 au CTE ISTM, 1 au CTE de Mongbwalu",high,CTE ISTM
cte-katwa,CTE Katwa (HGR),53,1,2026-07-06,pdf_text,operating,,,A confirmed case escaped before transfer to the facility,Un (1) cas confirmé s’est évadé dans la ZS de Musienene avant son transfert vers le CTE Katwa,high,CTE Katwa
cte-kitatumba,CTE Kitatumba,53,1,2026-07-06,pdf_text,incident,,,Arson at the facility with damage limited by police intervention,Incendie criminelle au CTE Kitatumba (dégâts réduits grâce à l’intervention de la police),high,CTE Kitatumba
cte-mongbwalu,CTE Mongbwalu,53,1,2026-07-06,pdf_text,operating,,,Three patients recovered at the facility,"3 au CTE Mongbwalu, 1 au CTE ISTM",high,CTE Mongbwalu
ct-nizi,CT Nizi,54,1,2026-07-07,pdf_text,operating,,,Four deaths among patients at the facility,(4 au CT Nizi,high,CT Nizi
ct-sota,CT Sota,54,1,2026-07-07,pdf_text,operating,,,Two patients recovered at the facility,(2 au CT SOTA,high,CT SOTA
cte-bunia,CTE Bunia (HGR),54,1,2026-07-07,pdf_text,operating,,,Two deaths among patients at the facility,2 au CTE de Bunia,high,CTE de Bunia
cte-istm,CTE ISTM,54,1,2026-07-07,pdf_text,operating,,,One death among patients at the facility,1 au CTE ISTM et 1 au CTE Rwampara,high,CTE ISTM
cte-mongbwalu,CTE Mongbwalu,54,1,2026-07-07,pdf_text,operating,,,One death among patients at the facility,"1 au CTE Mongbwalu, 1 au CTE ISTM",high,CTE Mongbwalu
cte-nyankunde,CTE Nyankunde (HGR),54,1,2026-07-07,pdf_text,operating,,,One patient recovered at the facility,1 au CTE Nyakunde),high,CTE Nyakunde
cte-rwampara,CTE Rwampara (HGR),54,1,2026-07-07,pdf_text,operating,,,One death among patients at the facility,1 au CTE Rwampara).,high,CTE Rwampara
ct-nizi,CT Nizi,55,1,2026-07-08,pdf_text,operating,,,Three patients at the facility in a sentence that mixes deaths and recoveries,"3 au CT Nizi, 2 au CTE Mongbwalu",low,CT Nizi
ct-sota,CT Sota,55,1,2026-07-08,pdf_text,operating,,,Two patients recovered at the facility,"(2 au CT SOTA, 1 au CTE",high,CT SOTA
cte-bunia,CTE Bunia (HGR),55,1,2026-07-08,pdf_text,operating,,,Three patients at the facility in a sentence that mixes deaths and recoveries,(3 au CTE Bunia,low,CTE Bunia
cte-cme-bunia,CTE CME Bunia,55,1,2026-07-08,pdf_text,operating,,,One patient at the facility in a sentence that mixes deaths and recoveries,"1 au CTE CME, et 1 au CT Sota",low,CTE CME
cte-mongbwalu,CTE Mongbwalu,55,1,2026-07-08,pdf_text,operating,,,Two patients at the facility in a sentence that mixes deaths and recoveries,"2 au CTE Mongbwalu, 1 au CTE Nyakunde",low,CTE Mongbwalu
cte-nyankunde,CTE Nyankunde (HGR),55,1,2026-07-08,pdf_text,operating,,,One patient at the facility in a sentence that mixes deaths and recoveries,"1 au CTE Nyakunde, 1 au CTE CME",low,CTE Nyakunde
cte-rwampara,CTE Rwampara (HGR),55,1,2026-07-08,pdf_text,operating,,,Three patients at the facility in a sentence that mixes deaths and recoveries,"3 au CTE Rwampara, 3 au CT Nizi",low,CTE Rwampara
cte-istm,CTE ISTM,56,1,2026-07-09,pdf_text,operating,,,Two patients recovered at the facility,(2 au CTE ISTM,high,CTE ISTM
cte-katwa,CTE Katwa (HGR),56,1,2026-07-09,pdf_text,operating,,,One patient recovered at the facility,(1 au CTE Katwa),high,CTE Katwa
cte-kitatumba,CTE Kitatumba,56,1,2026-07-09,pdf_text,mention_only,,,Police assigned to the site briefed on barrier measures,"Au CTE Kitatumba, les éléments de la PNC affectés au site ont été briefés",high,CTE Kitatumba
cte-mongbwalu,CTE Mongbwalu,56,1,2026-07-09,pdf_text,operating,,,Two deaths among patients at the facility,2 au CTE Mongbwalu),high,CTE Mongbwalu
ct-kigonze,CT Kigonze (IDP site),57,1,2026-07-10,pdf_text,opened,,,Inaugurated by the Minister of Public Health alongside the HGR Bunia CTE extension,et CT du camp de déplacés de Kingoze en Ituri,high,CT du camp de déplacés de Kingoze
ct-nizi,CT Nizi,57,1,2026-07-10,pdf_text,operating,,,One death among patients at the facility,1 au CT Nizi).,high,CT Nizi
ct-sota,CT Sota,57,1,2026-07-10,pdf_text,operating,,,One death among patients at the facility,1 au CT Sota et 1 au CT Nizi,high,CT Sota
cte-bunia,CTE Bunia (HGR),57,1,2026-07-10,pdf_text,operating,,,Four patients recovered at the facility,"(4 au CTE Bunia, 1 au CTE Mongbwalu",high,CTE Bunia
cte-bunia,CTE Bunia (HGR),57,1,2026-07-10,pdf_text,expanded,,,Extension of the CTE at HGR Bunia inaugurated by the Minister of Public Health,Inauguration de l’extension CTE à l’HGR Bunia,high,CTE à l’HGR Bunia
cte-cme-bunia,CTE CME Bunia,57,1,2026-07-10,pdf_text,operating,,,Three deaths among patients at the facility,"(3 au CTE CME, 2 au CTE Elikya",high,CTE CME
cte-elikya,CTE Elikya,57,1,2026-07-10,pdf_text,operating,,,Two deaths among patients at the facility,"2 au CTE Elikya, 1 au CTE Bunia",high,CTE Elikya
cte-istm,CTE ISTM,57,1,2026-07-10,pdf_text,operating,,,One death among patients at the facility,"1 au CTE ISTM, 1 au CT Sota",high,CTE ISTM
cte-mongbwalu,CTE Mongbwalu,57,1,2026-07-10,pdf_text,operating,,,One patient recovered at the facility,1 au CTE Mongbwalu et 1 au CTE ISTM,high,CTE Mongbwalu
ct-nia-nia,CT Nia-Nia (HGR),58,1,2026-07-11,pdf_text,operating,,,One death among patients at the facility,1 au CT HGR Nia-Nia),high,CT HGR Nia-Nia
ct-sota,CT Sota,58,1,2026-07-11,pdf_text,operating,,,Four patients recovered at the facility,4 au CT Sota) ont été déclarés guéris,high,CT Sota
cte-butembo,CTE Butembo,58,1,2026-07-11,pdf_text,operating,,,One death among patients at the facility,(1 au CTE Butembo),high,CTE Butembo
cte-cme-bunia,CTE CME Bunia,58,1,2026-07-11,pdf_text,operating,,,Patients recovered at the facility including one enrolled in a clinical trial,un patient qui était sous essai clinique au CTE CME,high,CTE CME
cte-elikya,CTE Elikya,58,1,2026-07-11,pdf_text,operating,,,Two deaths among patients at the facility,"2 au CTE Elikya, 1 au CTE Rwampara",high,CTE Elikya
cte-istm,CTE ISTM,58,1,2026-07-11,pdf_text,operating,,,Two ambulance transfers to the facility,dont deux de Lopa vers le CTE ISTM Nyankunde,high,CTE ISTM
cte-mongbwalu,CTE Mongbwalu,58,1,2026-07-11,pdf_text,operating,,,Four deaths among patients at the facility,"(4 au CTE Mongbwalu, 2 au CTE Elikya",high,CTE Mongbwalu
cte-rwampara,CTE Rwampara (HGR),58,1,2026-07-11,pdf_text,operating,,,One death among patients at the facility,"1 au CTE Rwampara, 1 au CT Sota",high,CTE Rwampara
ct-nizi,CT Nizi,60,1,2026-07-13,pdf_text,operating,,,Five patients discharged after negative results,5 patients déchargés du CTE de Nizi,high,CTE de Nizi
cte-bunia,CTE Bunia (HGR),60,1,2026-07-13,pdf_text,operating,,,Two deaths among confirmed cases at the facility,"2 au CTE Bunia, 2 au CTE ISTE",high,CTE Bunia
cte-cme-bunia,CTE CME Bunia,60,1,2026-07-13,pdf_text,operating,,,Three deaths among confirmed cases at the facility,"3 au CTC CME, 2 au CTE Bunia",high,CTC CME
cte-elikya,CTE Elikya,60,1,2026-07-13,pdf_text,operating,,,One death among confirmed cases at the facility,"1 au CTE Elikya, 1 au CTE Nyankunde",high,CTE Elikya
cte-istm,CTE ISTM,60,1,2026-07-13,pdf_text,operating,,,Two deaths among confirmed cases at the facility,"2 au CTE ISTE, 2 au CTE",low,CTE ISTE
cte-nyankunde,CTE Nyankunde (HGR),60,1,2026-07-13,pdf_text,operating,,,One death among confirmed cases at the facility,"1 au CTE Nyankunde, 1 au CTE",high,CTE Nyankunde
ct-bambu,CT Bambu,62,1,2026-07-15,pdf_text,strained,,,Persistent saturation at 316 percent occupancy,saturation persistante au CT de Bambu (316 %),high,CT de Bambu
ct-bambu,CT Bambu,62,1,2026-07-15,pdf_text,operating,,,One patient recovered at the facility,1 au CT Bambu taux,low,CT Bambu
ct-sota,CT Sota,62,1,2026-07-15,pdf_text,operating,,,Two patients recovered at the facility,Résistance et 2 au CT Sota) et 8 décès,low,CT Sota
cte-bunia,CTE Bunia (HGR),62,1,2026-07-15,pdf_text,operating,,,Seven patients recovered at the facility,"(7 au CTE Bunia, 3 au CTE ISTM",high,CTE Bunia
cte-cme-bunia,CTE CME Bunia,62,1,2026-07-15,pdf_text,strained,,,Persistent saturation at 157 percent occupancy,au CTE CME de Rwampara (157 %),high,CTE CME
cte-istm,CTE ISTM,62,1,2026-07-15,pdf_text,operating,,,Three patients recovered at the facility,"3 au CTE ISTM, 1 au CT Bambu",high,CTE ISTM
ct-nia-nia,CT Nia-Nia (HGR),64,1,2026-07-17,pdf_text,under_construction,,,Two tents being installed at the facility,CTE de Nia-Nia et finition du CTE de Rwankole,low,CTE de Nia-Nia
cte-rwankole,CTE Rwankole,64,1,2026-07-17,pdf_text,under_construction,,,Finishing works on the facility,finition du CTE de Rwankole,high,CTE de Rwankole
cte-bunia,CTE Bunia (HGR),65,1,2026-07-18,pdf_text,operating,,,Kits delivered for clinical trials at the facility,"Essaies cliniques CTE HGR Bunia, LITA, CME Bunia",low,CTE HGR Bunia
cte-cinquantenaire,CTE Cinquantenaire,65,1,2026-07-18,pdf_text,operating,,,A suspected case was transported to the facility,Transport du suspect vers le CTE Cinquantenaire,high,CTE Cinquantenaire
cte-hc-kisangani,CTE HC Kisangani,65,1,2026-07-18,pdf_text,operating,,,"One suspected case admitted, result negative",1 cas suspect admis au CTE HC Kisangani,high,CTE HC
cte-katwa,CTE Katwa (HGR),65,1,2026-07-18,pdf_text,operating,,,One death at the facility,dont un au CTE de Katwa,high,CTE de Katwa
cte-katwa,CTE Katwa (HGR),66,1,2026-07-19,pdf_text,operating,,,One death at the facility,1 au CTE de Katwa,high,CTE de Katwa
cte-hc-kisangani,CTE HC Kisangani,69,1,2026-07-22,pdf_text,mention_only,,,IPC scorecard assessment of the facility scored 82 percent,CTE HCKis (82 %),high,CTE HCKis
cte-rwampara,CTE Rwampara (HGR),69,1,2026-07-22,pdf_text,operating,,,27 facility hygienists trained on sexual exploitation and abuse prevention,Formation de 27 hygiénistes dont 15 hommes et 12 femmes du CTE de Rwampara,high,CTE de Rwampara
cte-hc-kisangani,CTE HC Kisangani,70,1,2026-07-23,pdf_text,operating,,,Four suspected cases currently hospitalised at the facility,actuellement hospitalisés au CTE HC Kisangani,high,CTE HC Kisangani
cte-rwampara,CTE Rwampara (HGR),72,1,2026-07-25,pdf_text,operating,,100,100 operational beds at the facility,CTE de Rwampara (100 lits opérationnels),high,CTE de Rwampara
cte-rwampara,CTE Rwampara (HGR),72,1,2026-07-25,pdf_text,mention_only,,,Guided visit by religious leaders,Visite guidée de leaders religieux de l’AS RWAMPARA au CTE RWAMPARA,high,CTE RWAMPARA
cte-foner,CTE Foner,73,1,2026-07-26,pdf_text,operating,,,One validated alert was referred to the facility,Une seule a été référée au CTE de Foner Mambasa,high,CTE de Foner
cte-beni,CTE Beni,74,1,2026-07-27,pdf_text,operating,,,Discharge ceremony for a recovered soldier,Cérémonie de déchargement d’un guéri militaire au CTE-Beni,high,CTE-Beni
cte-bunia,CTE Bunia (HGR),74,1,2026-07-27,pdf_text,operating,,,A live alert from a point of control was referred to the facility,référée au CTE de Bunia,high,CTE de Bunia
cte-rwampara,CTE Rwampara (HGR),74,1,2026-07-27,pdf_text,operating,,,Biochemistry equipment received at the facility,Accessoires) au CTE Rwampara en Ituri,high,CTE Rwampara
ct-kigonze,CT Kigonze (IDP site),77,1,2026-07-30,pdf_text,strained,,,Transit centre saturated for suspected cases at 113 percent,Kigonze (113 %),high,
ct-kilo,CT Kilo (HGR),77,1,2026-07-30,pdf_text,strained,,,Transit centre saturated for suspected cases at 100 percent,HGR Kilo (100 %),high,HGR Kilo
ct-logo,CT Logo,77,1,2026-07-30,pdf_text,strained,,,Transit centre saturated for suspected cases at 125 percent,Logo (125 %),high,
ct-nia-nia,CT Nia-Nia (HGR),77,1,2026-07-30,pdf_text,expanded,,,Expansion tents being put up,tentes d'élargissement au CTE de Nia-Nia,high,CTE de Nia-Nia
ct-nia-nia,CT Nia-Nia (HGR),77,1,2026-07-30,pdf_text,operating,,,IPC kits delivered to the facility,"CTE de Nia-Nia, et d'équipements PECH",low,CTE de Nia-Nia
ct-nizi,CT Nizi,77,1,2026-07-30,pdf_text,strained,,,Beyond capacity for confirmed cases at 322 percent,CTE Nizi (322 %),high,CTE Nizi
cte-bunia,CTE Bunia (HGR),77,1,2026-07-30,pdf_text,strained,,,Beyond capacity for confirmed cases at 105 percent,CTE Bunia (105 %),high,CTE Bunia
cte-cme-bunia,CTE CME Bunia,77,1,2026-07-30,pdf_text,strained,,,At capacity for confirmed cases,CTE CME (100 %),high,CTE CME
cte-cme-bunia,CTE CME Bunia,77,1,2026-07-30,pdf_text,operating,,,Case management equipment delivered,d'équipements PECH au CTE CME de,low,CTE CME
cte-fataki,CTE Fataki,77,1,2026-07-30,pdf_text,strained,,,At capacity for confirmed cases,CTE Fataki (100 %),high,CTE Fataki
cte-isiro,CTE Isiro,77,1,2026-07-30,pdf_text,operating,,,A confirmed health worker is hospitalised at the facility,dont un hospitalisé au CTE d'Isiro,high,CTE d'Isiro
cte-istm,CTE ISTM,77,1,2026-07-30,pdf_text,strained,,,Beyond capacity for confirmed cases at 107 percent,CTE ISTM (107 %),high,CTE ISTM
cte-lita,CTE Lita,77,1,2026-07-30,pdf_text,strained,,,Beyond capacity for confirmed cases at 140 percent,CTE Lita (140 %),high,CTE Lita
cte-rwankole,CTE Rwankole,77,1,2026-07-30,pdf_text,under_construction,,,"Works under way: tiling, paving and electrical installation","Travaux en cours au CTE de Rwankole (carrelage,",high,CTE de Rwankole
cte-wamba,CTE Wamba,77,1,2026-07-30,pdf_text,strained,,,Over capacity for confirmed cases at 125 percent,le CTE de Wamba dépassant sa capacité en confirmés (125 %),high,CTE de Wamba
ct-kigonze,CT Kigonze (IDP site),78,1,2026-07-31,pdf_text,strained,,,Transit centre saturated for suspected cases at 113 percent,Kigonze (113 %),high,
ct-kilo,CT Kilo (HGR),78,1,2026-07-31,pdf_text,strained,,,Transit centre saturated for suspected cases at 100 percent,HGR Kilo (100 %),high,HGR Kilo
ct-logo,CT Logo,78,1,2026-07-31,pdf_text,strained,,,Transit centre saturated for suspected cases at 125 percent,Logo (125 %),high,
ct-nia-nia,CT Nia-Nia (HGR),78,1,2026-07-31,pdf_text,operating,,,IPC kits delivered to the facility,SGI et au CTE de Nia-Nia,high,CTE de Nia-Nia
ct-nizi,CT Nizi,78,1,2026-07-31,pdf_text,strained,,,Beyond capacity for confirmed cases at 322 percent,CTE Nizi (322 %),high,CTE Nizi
cte-boma-mangbetu,CTE Boma Mangbetu,78,1,2026-07-31,pdf_text,strained,,,Facility short of staff,(125 %) et le CTE de Boma,low,CTE de Boma
cte-bunia,CTE Bunia (HGR),78,1,2026-07-31,pdf_text,strained,,,Beyond capacity for confirmed cases at 105 percent,CTE Bunia (105 %),high,CTE Bunia
cte-cme-bunia,CTE CME Bunia,78,1,2026-07-31,pdf_text,strained,,,At capacity for confirmed cases,CTE CME (100 %),high,CTE CME
cte-fataki,CTE Fataki,78,1,2026-07-31,pdf_text,strained,,,At capacity for confirmed cases,CTE Fataki (100 %),high,CTE Fataki
cte-isiro,CTE Isiro,78,1,2026-07-31,pdf_text,operating,,,A confirmed health worker is hospitalised at the facility,dont un hospitalisé au CTE d'Isiro,high,CTE d'Isiro
cte-istm,CTE ISTM,78,1,2026-07-31,pdf_text,strained,,,Beyond capacity for confirmed cases at 107 percent,CTE ISTM (107 %),high,CTE ISTM
cte-lita,CTE Lita,78,1,2026-07-31,pdf_text,strained,,,Beyond capacity for confirmed cases at 140 percent,CTE Lita (140 %),high,CTE Lita
cte-wamba,CTE Wamba,78,1,2026-07-31,pdf_text,strained,,,Over capacity for confirmed cases at 125 percent,le CTE de Wamba dépassant sa capacité en confirmés (125 %),high,CTE de Wamba
ct-nizi,CT Nizi,79,1,2026-08-01,pdf_text,strained,,,Over overall capacity at 144 percent,les CTE de Nizi (144 %),high,CTE de Nizi
cte-aru,CTE Aru (HGR),79,1,2026-08-01,pdf_text,strained,,,Over overall capacity at 112 percent,d'Aru (112 %),high,
cte-fataki,CTE Fataki,79,1,2026-08-01,pdf_text,strained,,,Over overall capacity at 125 percent,de Fataki (125 %),high,
cte-istm,CTE ISTM,79,1,2026-08-01,pdf_text,strained,,,Beyond capacity for confirmed cases at 110 percent,le CTE ISTM à 110 %,high,CTE ISTM
cte-pawa,CTE Pawa,79,1,2026-08-01,pdf_text,operating,,,Two confirmed deaths validated at the facility,2 décès confirmés ont été validés au CTE de Pawa,high,CTE de Pawa
cte-rwankole,CTE Rwankole,79,1,2026-08-01,pdf_text,operating,,,Training of facility staff continues,formation des prestataires du CTE de Rwankole,high,CTE de Rwankole
cte-wamba,CTE Wamba,79,1,2026-08-01,pdf_text,strained,,,Over capacity for confirmed cases at 125 percent,le CTE de Wamba dépassant sa capacité en confirmés (125 %),high,CTE de Wamba
ct-nizi,CT Nizi,80,1,2026-08-02,pdf_text,strained,,,Beyond capacity for confirmed cases at 278 percent,CTE de Nizi à 278 %,high,CTE de Nizi
cte-isiro,CTE Isiro,80,1,2026-08-02,pdf_text,opened,,,"Service started at the facility, with fitting-out works",démarrage du service au CTE d'Isiro,high,CTE d'Isiro
cte-isiro,CTE Isiro,80,1,2026-08-02,pdf_text,operating,,,A confirmed health worker is hospitalised at the facility,hospitalisé au CTE d'Isiro,high,CTE d'Isiro
cte-istm,CTE ISTM,80,1,2026-08-02,pdf_text,strained,,,Beyond capacity for confirmed cases at 110 percent,le CTE ISTM à 110 %,high,CTE ISTM
cte-wamba,CTE Wamba,80,1,2026-08-02,pdf_text,strained,,,Still over capacity for confirmed cases at 125 percent,Le CTE de Wamba dépasse,high,CTE de Wamba
ct-beni,CT Beni,81,1,2026-08-03,pdf_text,under_construction,,,Construction of the Beni transit centre by MSF Holland continues,France) et de Beni (MSF Hollande),high,
ct-musienene,CT Musienene,81,1,2026-08-03,pdf_text,under_construction,,,Construction by MSF France continues,travaux de construction des CT de Musienene (MSF,high,CT de Musienene
ct-nia-nia,CT Nia-Nia (HGR),81,1,2026-08-03,pdf_text,under_construction,,,Seven tents installed at the facility,CTE de Nia-Nia. décontaminées,low,CTE de Nia-Nia
cte-rwankole,CTE Rwankole,81,1,2026-08-03,pdf_text,under_construction,,,Works finished; launch postponed to 4 August,"Fin des travaux du CTE de Rwankole, dont le",high,CTE de Rwankole
ct-bambu,CT Bambu,82,1,2026-08-04,pdf_text,strained,,,Saturated for confirmed cases at 140 percent,et Bambu (140 %),high,
ct-beni,CT Beni,82,1,2026-08-04,pdf_text,under_construction,,,Construction by MSF Holland continues,France) et de Beni (MSF Hollande),high,
ct-logo,CT Logo,82,1,2026-08-04,pdf_text,strained,,,Saturated for suspected cases at 150 percent,"(Logo, 150 %)",high,
ct-musienene,CT Musienene,82,1,2026-08-04,pdf_text,under_construction,,,Construction by MSF France continues,travaux de construction des CT de Musienene (MSF,high,CT de Musienene
ct-nizi,CT Nizi,82,1,2026-08-04,pdf_text,strained,,,Saturated for confirmed cases at 233 percent,"Nizi (233 %), ISTM (147 %)",high,
cte-bunia,CTE Bunia (HGR),82,1,2026-08-04,pdf_text,operating,,,Six live alerts from a point of control referred to the facility,validées et référées au CTE de Bunia,high,CTE de Bunia
cte-cme-bunia,CTE CME Bunia,82,1,2026-08-04,pdf_text,operating,,,IPC kits delivered to the facility,chirurgicales) au CTE CME de Bunia,high,CTE CME
cte-cme-bunia,CTE CME Bunia,82,1,2026-08-04,pdf_text,incident,,,Strike with a protest by facility staff; admissions disrupted by hygienists demanding unpaid bonuses,manifestation des prestataires du CTE CME dans la,high,CTE CME
cte-isiro,CTE Isiro,82,1,2026-08-04,pdf_text,operating,,,Functional; the province's first recovery was recorded there,Le CTE d'Isiro est,high,CTE d'Isiro
cte-isiro,CTE Isiro,82,1,2026-08-04,pdf_text,strained,,,"Insufficiently equipped: equipment, water and electricity",Le CTE d'Isiro est,low,CTE d'Isiro
cte-istm,CTE ISTM,82,1,2026-08-04,pdf_text,strained,,,Saturated for confirmed cases at 147 percent,ISTM (147 %),high,
cte-musienene,CTE Musienene,82,1,2026-08-04,pdf_text,operating,,,A confirmed patient refused transfer to the facility and escaped,transfert d'une patiente confirmée au CTE de Musienene a,high,CTE de Musienene
cte-rwankole,CTE Rwankole,82,1,2026-08-04,pdf_text,opened,,120,"Official launch by the provincial governor, with 120 beds",lancement officiel du CTE de Rwankole par le,high,CTE de Rwankole
ct-bambu,CT Bambu,85,1,2026-08-07,pdf_text,strained,,,Extension requested because of saturation,"l'extension des CTE de Bambu, Nizi et Logo est demandée face à la saturation",high,CTE de Bambu
ct-logo,CT Logo,85,1,2026-08-07,pdf_text,strained,,,Extension requested because of saturation,"l'extension des CTE de Bambu, Nizi et Logo est demandée",high,
ct-nizi,CT Nizi,85,1,2026-08-07,pdf_text,strained,,,Saturated,"saturation des CTE de Rwampara, ISTM et Nizi",high,
cte-istm,CTE ISTM,85,1,2026-08-07,pdf_text,strained,,,Saturated,"saturation des CTE de Rwampara, ISTM et Nizi",high,
cte-kitatumba,CTE Kitatumba,85,1,2026-08-07,pdf_text,operating,,,A safe burial failed at the facility because of community resistance,"1 échec au Nord-Kivu (CTE de Kitatumba, Butembo)",low,CTE de Kitatumba
cte-rwampara,CTE Rwampara (HGR),85,1,2026-08-07,pdf_text,strained,,,Saturated,"saturation des CTE de Rwampara, ISTM et Nizi",high,CTE de Rwampara
ct-bambu,CT Bambu,89,1,2026-08-11,pdf_text,strained,,,Saturated for confirmed cases,"saturation des CTE de Rwampara, Bambu et Nizi",high,
ct-nizi,CT Nizi,89,1,2026-08-11,pdf_text,strained,,,Saturated for confirmed cases,Bambu et Nizi du côté des confirmés,high,
cte-rwampara,CTE Rwampara (HGR),89,1,2026-08-11,pdf_text,strained,,,Saturated for confirmed cases,"saturation des CTE de Rwampara, Bambu et Nizi du côté des confirmés",high,CTE de Rwampara
ct-bambu,CT Bambu,93,1,2026-08-15,pdf_text,strained,,,Saturated for confirmed and suspected cases,Les CTE de Bambu (confirmés et suspects),high,CTE de Bambu
ct-bambu,CT Bambu,93,1,2026-08-15,pdf_text,expanded,,,Extension works to be completed,"extensions des CTE de Nizi, ISTM et Bambu",high,
ct-kigonze,CT Kigonze (IDP site),93,1,2026-08-15,pdf_text,strained,,,Saturated for suspected cases,Logo et Kigonze (suspects) sont saturés,high,
ct-kilo,CT Kilo (HGR),93,1,2026-08-15,pdf_text,strained,,,Saturated for suspected cases,"ainsi que d’Aru, Kilo, Logo et Kigonze (suspects) sont saturés",high,
ct-logo,CT Logo,93,1,2026-08-15,pdf_text,strained,,,Saturated for suspected cases,"ainsi que d’Aru, Kilo, Logo et Kigonze (suspects) sont saturés",high,
ct-nizi,CT Nizi,93,1,2026-08-15,pdf_text,strained,,,Saturated for confirmed cases,de Fataki et de Nizi (confirmés),high,
ct-nizi,CT Nizi,93,1,2026-08-15,pdf_text,expanded,,,Extension works to be completed,"achèvement des extensions des CTE de Nizi, ISTM et Bambu",high,CTE de Nizi
ct-sota,CT Sota,93,1,2026-08-15,pdf_text,operating,,,Staff training continues,la formation des prestataires du CTE de Sota se poursuit,high,CTE de Sota
cte-aru,CTE Aru (HGR),93,1,2026-08-15,pdf_text,strained,,,Saturated for suspected cases,"ainsi que d’Aru, Kilo, Logo et Kigonze (suspects) sont saturés",high,
cte-fataki,CTE Fataki,93,1,2026-08-15,pdf_text,strained,,,Saturated for confirmed cases,de Fataki et de Nizi (confirmés),high,
cte-hc-kisangani,CTE HC Kisangani,93,1,2026-08-15,pdf_text,operating,,12,Eight patients in isolation for 12 beds,isolement au CTE HC de Kisangani (3 confirmés et 5 suspects) pour 12,high,CTE HC
cte-hc-kisangani,CTE HC Kisangani,93,1,2026-08-15,pdf_text,strained,,,Reduced capacity of 12 beds listed as a challenge,capacité réduite du CTE HC de Kisangani (12 lits),high,CTE HC
cte-istm,CTE ISTM,93,1,2026-08-15,pdf_text,expanded,,,Extension works to be completed,"achèvement des extensions des CTE de Nizi, ISTM et Bambu",high,
cte-katwa,CTE Katwa (HGR),93,1,2026-08-15,pdf_text,operating,,,One confirmed admission,1 confirmé au CTE de Katwa,high,CTE de Katwa
cte-katwa,CTE Katwa (HGR),93,1,2026-08-15,pdf_text,mention_only,,,Police assigned to the facility mentioned under security challenges,éléments de la police affectés aux CTE de Katwa et de Kitatumba,low,CTE de Katwa
cte-kitatumba,CTE Kitatumba,93,1,2026-08-15,pdf_text,mention_only,,,Police assigned to the facility mentioned under security challenges,affectés aux CTE de Katwa et de Kitatumba,low,
ct-bambu,CT Bambu,94,1,2026-08-17,pdf_text,strained,,,Saturated for confirmed cases,Les CTE de Bambu et de Nizi (confirmés),high,CTE de Bambu
ct-kigonze,CT Kigonze (IDP site),94,1,2026-08-17,pdf_text,strained,,,Saturated for suspected cases,Nia- Nia et Kigonze (suspects) sont saturés,high,
ct-kilo,CT Kilo (HGR),94,1,2026-08-17,pdf_text,strained,,,Saturated for suspected cases,"de Fataki, Kilo, Logo, Nia- Nia et Kigonze (suspects) sont saturés",high,
ct-logo,CT Logo,94,1,2026-08-17,pdf_text,strained,,,Saturated for suspected cases,"de Fataki, Kilo, Logo, Nia- Nia et Kigonze (suspects) sont saturés",high,
ct-musienene,CT Musienene,94,1,2026-08-17,pdf_text,under_construction,,,Rehabilitation continues,la réhabilitation du CT de Musienene se poursuivent,high,CT de Musienene
ct-nia-nia,CT Nia-Nia (HGR),94,1,2026-08-17,pdf_text,strained,,,Saturated for suspected cases,Nia- Nia et Kigonze (suspects) sont saturés,high,
ct-nia-nia,CT Nia-Nia (HGR),94,1,2026-08-17,pdf_text,under_construction,,,Works continue,les travaux du CTE de Nia-Nia se poursuivent,high,CTE de Nia-Nia
ct-nizi,CT Nizi,94,1,2026-08-17,pdf_text,strained,,,Saturated for confirmed cases,Les CTE de Bambu et de Nizi (confirmés),high,
cte-fataki,CTE Fataki,94,1,2026-08-17,pdf_text,strained,,,Saturated for suspected cases,"de Fataki, Kilo, Logo, Nia- Nia et Kigonze (suspects) sont saturés",high,
cte-isiro,CTE Isiro,94,1,2026-08-17,pdf_text,operating,,,An intercepted body was returned to the facility,assuré le retour vers le CTE d’Isiro du corps intercepté,high,CTE d’Isiro
cte-itav,CTE ITAV,94,1,2026-08-17,pdf_text,planned,,,Site evaluated for a future CTE,Evaluation du site pour le futur CTE à l’ITAV,high,CTE à l’ITAV
cte-katwa,CTE Katwa (HGR),94,1,2026-08-17,pdf_text,operating,,,Two confirmed admissions,2 confirmés au CTE de Katwa,high,CTE de Katwa
cte-kitatumba,CTE Kitatumba,94,1,2026-08-17,pdf_text,operating,,,Case management evaluation visit with the Ugandan team,visite d’évaluation de la prise en charge au CTE de Kitatumba,high,CTE de Kitatumba
cte-mongbwalu,CTE Mongbwalu,94,1,2026-08-17,pdf_text,expanded,,,New building operational with 60 beds,le nouveau bâtiment du CTE de Mongbwalu est opérationnel avec 60 lits,high,CTE de Mongbwalu
ct-beni,CT Beni,96,1,2026-08-19,pdf_text,operating,,,Two confirmed admissions,2 au CT de Beni,high,CT de Beni
ct-vuhovi,CT Vuhovi,96,1,2026-08-19,pdf_text,operating,,,One recovery,1 guéri au CT de Vuhovi,high,CT de Vuhovi
cte-hc-kisangani,CTE HC Kisangani,96,1,2026-08-19,pdf_text,operating,,14,Five patients isolated for 14 beds,admission d’un suspect au CTE HC Kisangani porte à 5,high,CTE HC Kisangani
cte-isiro,CTE Isiro,96,1,2026-08-19,pdf_text,expanded,,,"Hospital beds allocated to the CTE, raising provincial capacity to 130 beds",52 lits des HGR de Wamba et d’Isiro ont été affectés aux CTE,high,
cte-katwa,CTE Katwa (HGR),96,1,2026-08-19,pdf_text,operating,,,Two confirmed admissions,dont 2 au CTE de Katwa,high,CTE de Katwa
cte-kitatumba,CTE Kitatumba,96,1,2026-08-19,pdf_text,mention_only,,,Coordination meetings on the reception capacity of the facility,capacité d’accueil des CTE de Kitatumba et de Katwa,high,CTE de Kitatumba
cte-wamba,CTE Wamba,96,1,2026-08-19,pdf_text,expanded,,,"Hospital beds allocated to the CTE and a pavilion fitted out, raising provincial capacity to 130 beds",52 lits des HGR de Wamba et d’Isiro ont été affectés aux CTE,high,
ct-limba,CT Limba,97,1,2026-08-20,pdf_text,operating,,3,One patient in isolation for 3 beds; no ambulance available,1 patient est en isolement au centre de transit de Limba (ZS de Viadana),high,centre de transit de Limba
cte-hc-kisangani,CTE HC Kisangani,97,1,2026-08-20,pdf_text,operating,,12,Six patients isolated for 12 beds; one confirmed death,au CTE HC Kisangani portent à 6,high,CTE HC Kisangani
cte-kitatumba,CTE Kitatumba,97,1,2026-08-20,pdf_text,operating,,,Two recoveries,dont 2 guéris au CTE de Kitatumba,high,CTE de Kitatumba
ct-bambu,CT Bambu,99,1,2026-08-22,pdf_text,strained,,,Saturated for confirmed cases,des CTE de Nizi et de Bambu (confirmés),high,
ct-kigonze,CT Kigonze (IDP site),99,1,2026-08-22,pdf_text,strained,,,Saturated for suspected cases,"et de Kilo, Logo et Kigonze (suspects)",high,
ct-kilo,CT Kilo (HGR),99,1,2026-08-22,pdf_text,strained,,,Saturated for suspected cases,"et de Kilo, Logo et Kigonze (suspects)",high,
ct-logo,CT Logo,99,1,2026-08-22,pdf_text,strained,,,Saturated for suspected cases,"et de Kilo, Logo et Kigonze (suspects)",high,
ct-nizi,CT Nizi,99,1,2026-08-22,pdf_text,strained,,,Saturated for confirmed cases,des CTE de Nizi et de Bambu (confirmés),high,CTE de Nizi
cte-beni,CTE Beni,99,1,2026-08-22,pdf_text,operating,,,Three recoveries,3 guéris au CTE de Beni,high,CTE de Beni
cte-buta,CTE Buta,99,1,2026-08-22,pdf_text,under_construction,,,Construction needs to be accelerated,la construction du CTE de Buta doit être accélérée,high,CTE de Buta
cte-hc-kisangani,CTE HC Kisangani,99,1,2026-08-22,pdf_text,operating,,14,Four patients isolated for 14 beds after one admission and one recovery,admission de cas suspect au CTE HC Kisangani,high,CTE HC Kisangani
cte-isiro,CTE Isiro,99,1,2026-08-22,pdf_text,strained,,,Over capacity for confirmed cases at 120 percent; insufficiently equipped,l’occupation dépasse la capacité à Isiro (120 % confirmés),high,
cte-wamba,CTE Wamba,99,1,2026-08-22,pdf_text,strained,,,Over capacity for suspected cases at 140 percent; insufficiently equipped,Wamba (140 % suspects),high,
ct-bambu,CT Bambu,101,1,2026-08-24,pdf_text,strained,,,Saturated for confirmed cases,"des CTE de Bambu (confirmés), Kilo et Kigonze (suspects)",high,CTE de Bambu
ct-kigonze,CT Kigonze (IDP site),101,1,2026-08-24,pdf_text,strained,,,Saturated for suspected cases,Kilo et Kigonze (suspects),high,
ct-kilo,CT Kilo (HGR),101,1,2026-08-24,pdf_text,strained,,,Saturated for suspected cases,"des CTE de Bambu (confirmés), Kilo et Kigonze (suspects)",high,
cte-katwa,CTE Katwa (HGR),101,1,2026-08-24,pdf_text,operating,,,Three patients recovered at the facility gave community testimony,3 guéris du CTE de Katwa ont témoigné,high,CTE de Katwa
cte-matanda,CTE Matanda,101,1,2026-08-24,pdf_text,under_construction,,,Construction continues,poursuite des travaux de construction du CT de Matanda,high,CT de Matanda
ct-bambu,CT Bambu,102,1,2026-08-25,pdf_text,strained,,,Saturated for confirmed cases,des CTE de Bambu (confirmés) et de Kilo (suspects),high,CTE de Bambu
ct-kilo,CT Kilo (HGR),102,1,2026-08-25,pdf_text,strained,,,Saturated for suspected cases,des CTE de Bambu (confirmés) et de Kilo (suspects),high,
cte-wamba,CTE Wamba,102,1,2026-08-25,pdf_text,strained,,,Oversaturated for suspected beds,CTE Wamba en sursaturation chez les lits suspects,high,CTE Wamba
ct-bambu,CT Bambu,104,1,2026-08-26,pdf_text,strained,,,Saturated for confirmed cases,CTE de Bambu (confirmés),high,CTE de Bambu
ct-bunia,CT Bunia,104,1,2026-08-26,pdf_text,operating,,,Alerts from a point of control referred to the facility,référées au CT Bunia et au CT Elikia,high,CT Bunia
ct-kigonze,CT Kigonze (IDP site),104,1,2026-08-26,pdf_text,strained,,,Saturated for suspected cases,du CT Kigonze (suspects),high,CT Kigonze
cte-bunia,CTE Bunia (HGR),104,1,2026-08-26,pdf_text,operating,,,Recovered patients discharged,"10 guéris des CTE Bunia, CME et Elikya",high,CTE Bunia
cte-cme-bunia,CTE CME Bunia,104,1,2026-08-26,pdf_text,operating,,,Recovered patients discharged,"10 guéris des CTE Bunia, CME et Elikya",high,
cte-elikya,CTE Elikya,104,1,2026-08-26,pdf_text,operating,,,Alerts from a point of control referred to the facility,au CT Elikia,high,CT Elikia
cte-rwankole,CTE Rwankole,104,1,2026-08-26,pdf_text,operating,,,Nine recovered patients discharged,sortie de 9 guéris du CTE Rwankole,high,CTE Rwankole
cte-tuluba,CTE Tuluba,104,1,2026-08-26,pdf_text,operating,,,A validated live alert was referred to the facility,référée au CTE Tuluba,high,CTE Tuluba
cte-matanda,CTE Matanda,106,1,2026-08-28,pdf_text,under_construction,,,Roofing and partitioning continue,cloisonnement du CTE de Matanda,high,CTE de Matanda
cte-musienene,CTE Musienene,106,1,2026-08-28,pdf_text,under_construction,,,Erection works finished,fin des travaux d’érection du CTE de Musienene,high,CTE de Musienene
ct-bambu,CT Bambu,108,1,2026-08-30,pdf_text,strained,,,Saturated for confirmed cases,les CTE de Bambu (confirmés),high,CTE de Bambu
ct-kigonze,CT Kigonze (IDP site),108,1,2026-08-30,pdf_text,strained,,,Saturated for suspected cases,les CT de Kigonze et de Lolwa (suspects) sont saturés,high,CT de Kigonze
ct-lolwa,CT Lolwa,108,1,2026-08-30,pdf_text,strained,,,Saturated for suspected cases,les CT de Kigonze et de Lolwa (suspects) sont saturés,high,
ct-nizi,CT Nizi,108,1,2026-08-30,pdf_text,strained,,,Saturated for suspected cases,et de Nizi (suspects),high,
cte-isiro,CTE Isiro,108,1,2026-08-30,pdf_text,strained,,,No facility meeting standards,absence de CTE aux normes à Isiro et Wamba,low,
cte-pawa,CTE Pawa,108,1,2026-08-30,pdf_text,incident,,,A body taken from the facility was intercepted by police,un corps sans vie arraché au CTE de Pawa,high,CTE de Pawa
cte-wamba,CTE Wamba,108,1,2026-08-30,pdf_text,strained,,,No facility meeting standards,absence de CTE aux normes à Isiro et Wamba,low,
ct-bambu,CT Bambu,109,1,2026-08-31,pdf_text,strained,,,Saturated for confirmed cases,les CTE de Bambu (confirmés),high,CTE de Bambu
ct-kigonze,CT Kigonze (IDP site),109,1,2026-08-31,pdf_text,strained,,,Saturated for suspected cases,les CT de Kigonze et de Lolwa (suspects) sont saturés,high,CT de Kigonze
ct-lolwa,CT Lolwa,109,1,2026-08-31,pdf_text,strained,,,Saturated for suspected cases,les CT de Kigonze et de Lolwa (suspects) sont saturés,high,
ct-nizi,CT Nizi,109,1,2026-08-31,pdf_text,strained,,,Saturated for suspected cases,et de Nizi (suspects),high,
ct-bambu,CT Bambu,110,1,2026-09-01,pdf_text,strained,,,Saturated for confirmed cases,les CTE de Bambu (confirmés),high,CTE de Bambu
ct-kigonze,CT Kigonze (IDP site),110,1,2026-09-01,pdf_text,strained,,,Saturated for suspected cases,les CT de Kigonze et Lolwa (suspects) sont saturés,high,CT de Kigonze
ct-lolwa,CT Lolwa,110,1,2026-09-01,pdf_text,strained,,,Saturated for suspected cases,les CT de Kigonze et Lolwa (suspects) sont saturés,high,
ct-nizi,CT Nizi,110,1,2026-09-01,pdf_text,strained,,,Saturated for suspected cases,et de Nizi (suspects),high,
cte-beni,CTE Beni,110,1,2026-09-01,pdf_text,mention_only,,,Visited with WHO and WFP,mission de visite des CTE de Katwa et Beni,high,
cte-bunia,CTE Bunia (HGR),110,1,2026-09-01,pdf_text,operating,,,Alerts isolated and referred to the facility,référés aux CTE de Bunia et de Nyankunde,high,CTE de Bunia
cte-katwa,CTE Katwa (HGR),110,1,2026-09-01,pdf_text,mention_only,,,Visited with WHO and WFP,mission de visite des CTE de Katwa et Beni,high,CTE de Katwa
cte-nyankunde,CTE Nyankunde (HGR),110,1,2026-09-01,pdf_text,operating,,,Alerts isolated and referred to the facility,référés aux CTE de Bunia et de Nyankunde,high,
ct-nizi,CT Nizi,111,1,2026-09-02,pdf_text,strained,,,Saturated for suspected cases,le CTE de Nizi est saturé pour les suspects,high,CTE de Nizi
cte-beni,CTE Beni,111,1,2026-09-02,pdf_text,mention_only,,,Joint visit,"visite conjointe des CTE de Katwa, Beni et Matanda",high,
cte-katwa,CTE Katwa (HGR),111,1,2026-09-02,pdf_text,mention_only,,,Joint visit,"visite conjointe des CTE de Katwa, Beni et Matanda",high,CTE de Katwa
cte-mangala,CTE Mangala,111,1,2026-09-02,pdf_text,under_construction,,,Site levelling started,début des travaux d’aplanissement du site du CTE de Mangala,high,CTE de Mangala
cte-matanda,CTE Matanda,111,1,2026-09-02,pdf_text,mention_only,,,Joint visit,"visite conjointe des CTE de Katwa, Beni et Matanda",high,
cte-musienene,CTE Musienene,111,1,2026-09-02,pdf_text,planned,,,"Land prospected for a future treatment centre, with WHO, WFP and UNICEF",prospection du terrain destiné au futur centre de traitement de Musienene,high,centre de traitement de Musienene
ct-bambu,CT Bambu,112,1,2026-09-03,pdf_text,expanded,,,Extension delayed,retard d’extension des sites de Nizi et de Bambu,high,
ct-nizi,CT Nizi,112,1,2026-09-03,pdf_text,expanded,,,Extension delayed,retard d’extension des sites de Nizi et de Bambu,high,
cte-isiro,CTE Isiro,112,1,2026-09-03,pdf_text,operating,,,19 recovered patients discharged without a kit,19 guéris sortis du CTE d’Isiro sans kit,high,CTE d’Isiro
cte-lita,CTE Lita,112,1,2026-09-03,pdf_text,strained,,,Saturated for suspected cases,le CTE de Lita est saturé pour les suspects,high,CTE de Lita
cte-mangala,CTE Mangala,112,1,2026-09-03,pdf_text,under_construction,,,Site levelling continues,poursuite des travaux d’aplanissement du site du CTE de Mangala,high,CTE de Mangala
cte-nyankunde,CTE Nyankunde (HGR),112,1,2026-09-03,pdf_text,operating,,,A live alert from a point of control was transferred to the facility,transférée au CTE de Nyankunde,high,CTE de Nyankunde
ct-bambu,CT Bambu,113,1,2026-09-04,pdf_text,expanded,,,Extension delayed,un retard d’extension à Nizi et Bambu,high,
ct-logo,CT Logo,113,1,2026-09-04,pdf_text,strained,,,Saturated for suspected cases,"les sites de Nizi, Lita, Mambasa et Logo pour les suspects",high,
ct-mambasa,CT Mambasa,113,1,2026-09-04,pdf_text,strained,,,Saturated for suspected cases,"les sites de Nizi, Lita, Mambasa et Logo pour les suspects",high,
ct-mayogo,CT Mayogo,113,1,2026-09-04,pdf_text,operating,,,A validated live alert was referred to the facility,référée au CT de Mayogo,high,CT de Mayogo
ct-nizi,CT Nizi,113,1,2026-09-04,pdf_text,strained,,,Saturated for suspected cases,"les sites de Nizi, Lita, Mambasa et Logo pour les suspects",high,
ct-nizi,CT Nizi,113,1,2026-09-04,pdf_text,expanded,,,Extension delayed,un retard d’extension à Nizi et Bambu,high,
cte-cme-bunia,CTE CME Bunia,113,1,2026-09-04,pdf_text,strained,,,Saturated for confirmed cases,le CTE du CME est saturé pour les confirmés,high,CTE du CME
cte-lita,CTE Lita,113,1,2026-09-04,pdf_text,strained,,,Saturated for suspected cases,"les sites de Nizi, Lita, Mambasa et Logo pour les suspects",high,
ct-nizi,CT Nizi,114,1,2026-09-05,pdf_text,operating,,,Inter-facility transfer to the facility,"2 transferts inter-CTE, vers le CTE de Nizi",high,CTE de Nizi
cte-mongbwalu,CTE Mongbwalu,114,1,2026-09-05,pdf_text,operating,,,A live alert was isolated and transferred to the facility,transféré au CTE de Mongbwalu,high,CTE de Mongbwalu
ct-buta,CT Buta (HGR),115,1,2026-09-06,pdf_text,planned,,,Site evaluated for a transit centre at HGR Buta,évaluation du site devant abriter un centre de transit à l’HGR de Buta,high,centre de transit à l’HGR
cte-beni,CTE Beni,115,1,2026-09-06,pdf_text,operating,,,Three unstable confirmed patients on a specific diet,régime alimentaire spécifique au CTE de Beni,high,CTE de Beni
ct-kilo,CT Kilo (HGR),116,1,2026-09-07,pdf_text,strained,,,Saturated for suspected cases,"Mambasa, Lolwa et Kilo sont saturés",high,
ct-lolwa,CT Lolwa,116,1,2026-09-07,pdf_text,strained,,,Saturated for suspected cases,"les CTE/CT de Nizi, Mambasa, Lolwa et Kilo sont saturés",high,
ct-mambasa,CT Mambasa,116,1,2026-09-07,pdf_text,strained,,,Saturated for suspected cases,"les CTE/CT de Nizi, Mambasa, Lolwa et Kilo sont saturés",high,
ct-nizi,CT Nizi,116,1,2026-09-07,pdf_text,strained,,,Saturated for suspected cases,"les CTE/CT de Nizi, Mambasa, Lolwa et Kilo sont saturés",high,
cte-bafwasende,CTE Bafwasende,116,1,2026-09-07,pdf_text,under_construction,,,Construction followed up,suivi de la construction des CTE de Météo et de Bafwasende,high,
cte-beni,CTE Beni,116,1,2026-09-07,pdf_text,operating,,,Two unstable confirmed patients on a specific diet,régime alimentaire spécifique au CTE de Beni,high,CTE de Beni
cte-isiro,CTE Isiro,116,1,2026-09-07,pdf_text,operating,,,Discharge ceremony for 22 recovered patients,Cérémonie de déchargement de 22 guéris du CTE d’Isiro,high,CTE d’Isiro
cte-isiro,CTE Isiro,116,1,2026-09-07,pdf_text,strained,,,"Short of space, water and permanent electricity","celui d’Isiro d’espace, d’eau et d’électricité en permanence",high,
cte-meteo,CTE Météo,116,1,2026-09-07,pdf_text,under_construction,,,Under construction,autour du CTE de Météo en construction,high,CTE de Météo
cte-pawa,CTE Pawa,116,1,2026-09-07,pdf_text,strained,,,Lacks sanitation facilities,le CTE de Pawa manque d’installations hygiéniques,high,CTE de Pawa
ct-kigonze,CT Kigonze (IDP site),117,1,2026-09-08,pdf_text,operating,,,Six patients transferred out of this transit centre,6 du CT de Kigonze,high,CT de Kigonze
ct-kilo,CT Kilo (HGR),117,1,2026-09-08,pdf_text,strained,,,Saturated for suspected cases,"Nizi, Mambasa Lolwa, Kilo, Mangala et Mandima",high,
ct-lolwa,CT Lolwa,117,1,2026-09-08,pdf_text,strained,,,Saturated for suspected cases,"Nizi, Mambasa Lolwa, Kilo, Mangala et Mandima",high,
ct-mambasa,CT Mambasa,117,1,2026-09-08,pdf_text,strained,,,Saturated for suspected cases,"Nizi, Mambasa Lolwa, Kilo, Mangala et Mandima",high,
ct-mandima,CT Mandima,117,1,2026-09-08,pdf_text,strained,,,Saturated for suspected cases,"Nizi, Mambasa Lolwa, Kilo, Mangala et Mandima",high,
ct-mangala,CT Mangala,117,1,2026-09-08,pdf_text,operating,,,A patient transferred out of this transit centre,1 du CT de Mangala vers le CTE de Nizi,high,CT de Mangala
ct-mangala,CT Mangala,117,1,2026-09-08,pdf_text,strained,,,Saturated for suspected cases,"Nizi, Mambasa Lolwa, Kilo, Mangala et Mandima",high,
ct-nizi,CT Nizi,117,1,2026-09-08,pdf_text,operating,,,A patient transferred in from CT Mangala,1 du CT de Mangala vers le CTE de Nizi,high,CTE de Nizi
ct-nizi,CT Nizi,117,1,2026-09-08,pdf_text,strained,,,Saturated for suspected cases,"CTE/CT saturés du côté des suspects : Nizi, Mambasa Lolwa, Kilo, Mangala et Mandima",high,
cte-bafwasende,CTE Bafwasende,117,1,2026-09-08,pdf_text,under_construction,,,Construction followed up,suivi de la construction des CTE de Météo et de Bafwasende,high,
cte-beni,CTE Beni,117,1,2026-09-08,pdf_text,operating,,,One unstable confirmed patient on a specific diet,régime alimentaire spécifique au CTE de Beni,high,CTE de Beni
cte-bunia,CTE Bunia (HGR),117,1,2026-09-08,pdf_text,operating,,,Six patients transferred in from CT Kigonze,vers le CTE de l’HGR de Bunia,high,
cte-isiro,CTE Isiro,117,1,2026-09-08,pdf_text,strained,,,"Short of space, water and permanent electricity","celui d’Isiro d’espace, d’eau et d’électricité en permanence",high,
cte-isiro,CTE Isiro,117,1,2026-09-08,pdf_text,operating,,,Mattresses and hospital beds delivered,lits d’hospitalisation au CTE d’Isiro,high,CTE d’Isiro
cte-meteo,CTE Météo,117,1,2026-09-08,pdf_text,under_construction,,,Construction followed up,suivi de la construction des CTE de Météo et de Bafwasende,high,CTE de Météo
cte-pawa,CTE Pawa,117,1,2026-09-08,pdf_text,strained,,,Lacks sanitation facilities,le CTE de Pawa manque,high,CTE de Pawa
ct-kilo,CT Kilo (HGR),118,1,2026-09-09,pdf_text,strained,,,Saturated for suspected cases,"Nizi, Mambasa Lolwa, Kilo, Mangala et Mandima",high,
ct-lolwa,CT Lolwa,118,1,2026-09-09,pdf_text,strained,,,Saturated for suspected cases,"Nizi, Mambasa Lolwa, Kilo, Mangala et Mandima",high,
ct-mambasa,CT Mambasa,118,1,2026-09-09,pdf_text,strained,,,Saturated for suspected cases,"Nizi, Mambasa Lolwa, Kilo, Mangala et Mandima",high,
ct-mandima,CT Mandima,118,1,2026-09-09,pdf_text,strained,,,Saturated for suspected cases,"Nizi, Mambasa Lolwa, Kilo, Mangala et Mandima",high,
ct-mangala,CT Mangala,118,1,2026-09-09,pdf_text,strained,,,Saturated for suspected cases,"Nizi, Mambasa Lolwa, Kilo, Mangala et Mandima",high,
ct-nizi,CT Nizi,118,1,2026-09-09,pdf_text,strained,,,Saturated for suspected cases,"CTE/CT saturés du côté des suspects : Nizi, Mambasa Lolwa, Kilo, Mangala et Mandima",high,
cte-bafwasende,CTE Bafwasende,118,1,2026-09-09,pdf_text,under_construction,,,Construction followed up,suivi de la construction du CTE de Bafwasende,high,CTE de Bafwasende
cte-isiro,CTE Isiro,118,1,2026-09-09,pdf_text,strained,,,"Short of space, water and permanent electricity","celui d’Isiro d’espace, d’eau et d’électricité en permanence",high,
cte-isiro,CTE Isiro,118,1,2026-09-09,pdf_text,expanded,,,Office installed and installation works followed up,d’un bureau au CTE d’Isiro et suivi des travaux d’installation de ce CTE,high,CTE d’Isiro
cte-nyankunde,CTE Nyankunde (HGR),118,1,2026-09-09,pdf_text,operating,,,A live alert was validated and transferred to the facility,transférée au CTE de Nyankunde,high,CTE de Nyankunde
cte-pawa,CTE Pawa,118,1,2026-09-09,pdf_text,strained,,,Lacks sanitation facilities,le CTE de Pawa manque,high,CTE de Pawa
cte-wamba,CTE Wamba,118,1,2026-09-09,pdf_text,operating,,,Five recovered patients awaiting discharge,5 guéris du CTE de Wamba attendent le déchargement,high,CTE de Wamba
ct-kilo,CT Kilo (HGR),119,1,2026-09-10,pdf_text,strained,,,Saturated for suspected cases,"Nizi, Mambasa, Lolwa, Kilo, Mangala et Mandima",high,
ct-lolwa,CT Lolwa,119,1,2026-09-10,pdf_text,strained,,,Saturated for suspected cases,"Nizi, Mambasa, Lolwa, Kilo, Mangala et Mandima",high,
ct-mambasa,CT Mambasa,119,1,2026-09-10,pdf_text,strained,,,Saturated for suspected cases,"Nizi, Mambasa, Lolwa, Kilo, Mangala et Mandima",high,
ct-mandima,CT Mandima,119,1,2026-09-10,pdf_text,strained,,,Saturated for suspected cases,"Nizi, Mambasa, Lolwa, Kilo, Mangala et Mandima",high,
ct-mangala,CT Mangala,119,1,2026-09-10,pdf_text,strained,,,Saturated for suspected cases,"Nizi, Mambasa, Lolwa, Kilo, Mangala et Mandima",high,
ct-nizi,CT Nizi,119,1,2026-09-10,pdf_text,strained,,,Saturated for suspected cases,"CTE/CT saturés du côté des suspects : Nizi, Mambasa, Lolwa, Kilo, Mangala et Mandima",high,
cte-bafwasende,CTE Bafwasende,119,1,2026-09-10,pdf_text,under_construction,,,Construction followed up,suivi de la construction du CTE de Bafwasende,high,CTE de Bafwasende
cte-isiro,CTE Isiro,119,1,2026-09-10,pdf_text,strained,,,"Short of space, water and permanent electricity","celui d’Isiro d’espace, d’eau et d’électricité en permanence",high,
cte-meteo,CTE Météo,119,1,2026-09-10,pdf_text,opened,,,Official launch by the Minister of Public Health; handed over by logistics to the case management pillar,lancement officiel du CTE Météo par Son Excellence Monsieur le Ministre de la Santé Publique,high,CTE Météo
cte-pawa,CTE Pawa,119,1,2026-09-10,pdf_text,strained,,,Lacks sanitation facilities,le CTE de Pawa manque d’installations hygiéniques,high,CTE de Pawa
cte-wamba,CTE Wamba,119,1,2026-09-10,pdf_text,operating,,,Five recovered patients awaiting discharge,5 guéris du CTE de Wamba attendent le déchargement,high,CTE de Wamba
cte-meteo,CTE Météo,122,1,2026-09-13,pdf_text,mention_only,,,Initial IPC assessment scored 90.6 percent,"évaluation initiale PCI du CTE Météo (90,6 %)",high,CTE Météo
cte-nyankunde,CTE Nyankunde (HGR),122,1,2026-09-13,pdf_text,operating,,,A validated suspected case was transferred to the facility,il a été transféré au CTE de Nyankunde,high,CTE de Nyankunde
