source,doc_id,report_date,as_of_date,indicator,level,country,place,place_raw,value,unit,period,ambiguous_key,confidence,evidence_quote,publisher,licence,url
who_afro,afro-01,2026-05-18,2026-05-18,patients_in_isolation,facility,Uganda,Mulago Isolation Treatment Unit,Mulago Isolation Treatment Unit,1,patients,point,FALSE,high,One case is admitted in Uganda at the Mulago Isolation Treatment Unit.,World Health Organization Regional Office for Africa,CC BY-NC-SA 3.0 IGO,https://iris.who.int/handle/10665/385886
who_afro,afro-01,2026-05-18,2026-05-18,patients_in_isolation,health_zone,Democratic Republic of the Congo,Bunia,Bunia,4,patients,point,FALSE,high,"A total of 72 suspected cases are in isolation and treatment facilities across Ituri, including 12 currently admitted
across key affected health zones (Mongbwalu: 3; Rwampara: 5; Bunia: 4).",World Health Organization Regional Office for Africa,CC BY-NC-SA 3.0 IGO,https://iris.who.int/handle/10665/385886
who_afro,afro-01,2026-05-18,2026-05-18,patients_in_isolation,health_zone,Democratic Republic of the Congo,Mongbwalu,Mongbwalu,3,patients,point,FALSE,high,"A total of 72 suspected cases are in isolation and treatment facilities across Ituri, including 12 currently admitted
across key affected health zones (Mongbwalu: 3; Rwampara: 5; Bunia: 4).",World Health Organization Regional Office for Africa,CC BY-NC-SA 3.0 IGO,https://iris.who.int/handle/10665/385886
who_afro,afro-01,2026-05-18,2026-05-18,patients_in_isolation,health_zone,Democratic Republic of the Congo,Rwampara,Rwampara,5,patients,point,FALSE,high,"A total of 72 suspected cases are in isolation and treatment facilities across Ituri, including 12 currently admitted
across key affected health zones (Mongbwalu: 3; Rwampara: 5; Bunia: 4).",World Health Organization Regional Office for Africa,CC BY-NC-SA 3.0 IGO,https://iris.who.int/handle/10665/385886
who_afro,afro-01,2026-05-18,2026-05-18,patients_in_isolation,province,Democratic Republic of the Congo,Ituri,Ituri,72,patients,point,FALSE,high,"A total of 72 suspected cases are in isolation and treatment facilities across Ituri, including 12 currently admitted
across key affected health zones (Mongbwalu: 3; Rwampara: 5; Bunia: 4).",World Health Organization Regional Office for Africa,CC BY-NC-SA 3.0 IGO,https://iris.who.int/handle/10665/385886
who_afro,afro-02,2026-05-24,2026-05-24,admissions,national,Democratic Republic of the Congo,"","",281,patients,cumulative,FALSE,high,"As of 24 May 2026, the Democratic Republic of the Congo had admitted a cumulative total of 281 patients",World Health Organization Regional Office for Africa,CC BY-NC-SA 3.0 IGO,https://iris.who.int/handle/10665/386242
who_afro,afro-02,2026-05-24,2026-05-24,escapes,health_zone,Democratic Republic of the Congo,Mongbwalu,Mongbwalu,18,patients,cumulative,FALSE,high,"In Mongbwalu, 18 suspected patients left the treatment centre following a security incident",World Health Organization Regional Office for Africa,CC BY-NC-SA 3.0 IGO,https://iris.who.int/handle/10665/386242
who_afro,afro-02,2026-05-24,2026-05-24,patients_in_isolation,national,Democratic Republic of the Congo,"","",133,patients,point,FALSE,high,with 133 patients currently in isolation centres,World Health Organization Regional Office for Africa,CC BY-NC-SA 3.0 IGO,https://iris.who.int/handle/10665/386242
who_afro,afro-03,2026-05-31,2026-05-31,beds_capacity,facility,"",Centre Médical Évangélique (CME) Ebola Treatment Centre in Bunia,Centre Médical Évangélique (CME) Ebola Treatment Centre in Bunia,100,beds,point,FALSE,high,"Rehabilitation of the Centre Médical Évangélique (CME) Ebola Treatment Centre in Bunia has been
completed, providing capacity for 100 beds",World Health Organization Regional Office for Africa,CC BY-NC-SA 3.0 IGO,https://iris.who.int/handle/10665/386347
who_afro,afro-03,2026-05-31,2026-05-31,beds_capacity,facility,"",ETC in Goma,ETC in Goma,80,beds,point,FALSE,high,"including a 65-bed ETC in Ituri, an 80-bed ETC in
Goma",World Health Organization Regional Office for Africa,CC BY-NC-SA 3.0 IGO,https://iris.who.int/handle/10665/386347
who_afro,afro-03,2026-05-31,2026-05-31,beds_capacity,facility,"",ETC in Ituri,ETC in Ituri,65,beds,point,FALSE,high,"including a 65-bed ETC in Ituri, an 80-bed ETC in
Goma",World Health Organization Regional Office for Africa,CC BY-NC-SA 3.0 IGO,https://iris.who.int/handle/10665/386347
who_afro,afro-03,2026-05-31,2026-05-31,discharges_recovered,national,Democratic Republic of the Congo,"","",6,patients,cumulative,TRUE,high,"Across the two affected countries, ten patients (six in the Democratic Republic of the Congo and four in
Uganda) have recovered and been discharged from care",World Health Organization Regional Office for Africa,CC BY-NC-SA 3.0 IGO,https://iris.who.int/handle/10665/386347
who_afro,afro-03,2026-05-31,2026-05-31,discharges_recovered,national,Uganda,"","",4,patients,cumulative,TRUE,high,"Across the two affected countries, ten patients (six in the Democratic Republic of the Congo and four in
Uganda) have recovered and been discharged from care",World Health Organization Regional Office for Africa,CC BY-NC-SA 3.0 IGO,https://iris.who.int/handle/10665/386347
who_afro,afro-03,2026-05-31,2026-05-31,escapes,facility,"",HGR Bambu,HGR Bambu,11,patients,7d,FALSE,high,"During
the reporting period, 15 patients left treatment centres, including 11 from HGR Bambu",World Health Organization Regional Office for Africa,CC BY-NC-SA 3.0 IGO,https://iris.who.int/handle/10665/386347
who_afro,afro-03,2026-05-31,2026-05-31,escapes,national,"","","",15,patients,7d,FALSE,high,"During
the reporting period, 15 patients left treatment centres, including 11 from HGR Bambu",World Health Organization Regional Office for Africa,CC BY-NC-SA 3.0 IGO,https://iris.who.int/handle/10665/386347
who_afro,afro-03,2026-05-31,2026-05-31,patients_in_isolation,facility,Uganda,Mulago Ebola Treatment Unit in Kampala,Mulago Ebola Treatment Unit in Kampala,5,patients,point,FALSE,high,"In Uganda, five confirmed cases remain under treatment at the Mulago Ebola Treatment Unit in Kampala.",World Health Organization Regional Office for Africa,CC BY-NC-SA 3.0 IGO,https://iris.who.int/handle/10665/386347
who_afro,afro-03,2026-05-31,2026-05-31,patients_in_isolation,national,Democratic Republic of the Congo,"","",342,patients,point,FALSE,high,"As of 31 May, 342 persons were being managed in isolation and treatment facilities across affected
provinces in the Democratic Republic of the Congo",World Health Organization Regional Office for Africa,CC BY-NC-SA 3.0 IGO,https://iris.who.int/handle/10665/386347
who_afro,afro-04,2026-06-07,2026-06-07,discharges_recovered,national,"","","",24,patients,cumulative,TRUE,high,"Across the two affected countries, a total of 24 patients (19 in the Democratic Republic of the Congo and five in Uganda) have recovered.",World Health Organization Regional Office for Africa,CC BY-NC-SA 3.0 IGO,https://iris.who.int/handle/10665/386364
who_afro,afro-04,2026-06-07,2026-06-07,discharges_recovered,national,Democratic Republic of the Congo,"","",19,patients,cumulative,TRUE,high,"Across the two affected countries, a total of 24 patients (19 in the Democratic Republic of the Congo and five in Uganda) have recovered.",World Health Organization Regional Office for Africa,CC BY-NC-SA 3.0 IGO,https://iris.who.int/handle/10665/386364
who_afro,afro-04,2026-06-07,2026-06-07,discharges_recovered,national,Uganda,"","",5,patients,cumulative,TRUE,high,"Across the two affected countries, a total of 24 patients (19 in the Democratic Republic of the Congo and five in Uganda) have recovered.",World Health Organization Regional Office for Africa,CC BY-NC-SA 3.0 IGO,https://iris.who.int/handle/10665/386364
who_afro,afro-04,2026-06-07,2026-06-07,escapes,national,Democratic Republic of the Congo,"","",6,patients,7d,TRUE,high,"During the reporting period, six suspected and four confirmed cases reportedly absconded from care facilities",World Health Organization Regional Office for Africa,CC BY-NC-SA 3.0 IGO,https://iris.who.int/handle/10665/386364
who_afro,afro-04,2026-06-07,2026-06-07,escapes,national,Democratic Republic of the Congo,"","",4,patients,7d,TRUE,high,"During the reporting period, six suspected and four confirmed cases reportedly absconded from care facilities",World Health Organization Regional Office for Africa,CC BY-NC-SA 3.0 IGO,https://iris.who.int/handle/10665/386364
who_afro,afro-04,2026-06-07,2026-06-07,facilities_operational,national,Democratic Republic of the Congo,"","",14,facilities,point,FALSE,high,A total of 14 operational BVD treatment and transit facilities were functional across nine health zones.,World Health Organization Regional Office for Africa,CC BY-NC-SA 3.0 IGO,https://iris.who.int/handle/10665/386364
who_afro,afro-04,2026-06-07,2026-06-07,laboratories_testing,national,Uganda,"","",4,laboratories,point,FALSE,high,"In Uganda, four laboratories are activated to test for Bundibugyo virus.",World Health Organization Regional Office for Africa,CC BY-NC-SA 3.0 IGO,https://iris.who.int/handle/10665/386364
who_afro,afro-04,2026-06-07,2026-06-07,patients_in_isolation,facility,Uganda,Mulago Ebola Treatment Unit,Mulago Ebola Treatment Unit,5,patients,point,FALSE,high,"In Uganda, five confirmed cases remained under treatment at the Mulago Ebola Treatment Unit in Kampala.",World Health Organization Regional Office for Africa,CC BY-NC-SA 3.0 IGO,https://iris.who.int/handle/10665/386364
who_afro,afro-04,2026-06-07,2026-06-07,patients_in_isolation,national,Democratic Republic of the Congo,"","",309,patients,point,TRUE,high,"As of 7 June 2026, a total of 309 patients were in isolation across treatment and transit centres in the Democratic Republic of the Congo, including 116 confirmed and 193 suspected cases.",World Health Organization Regional Office for Africa,CC BY-NC-SA 3.0 IGO,https://iris.who.int/handle/10665/386364
who_afro,afro-04,2026-06-07,2026-06-07,patients_in_isolation,national,Democratic Republic of the Congo,"","",116,patients,point,TRUE,high,"As of 7 June 2026, a total of 309 patients were in isolation across treatment and transit centres in the Democratic Republic of the Congo, including 116 confirmed and 193 suspected cases.",World Health Organization Regional Office for Africa,CC BY-NC-SA 3.0 IGO,https://iris.who.int/handle/10665/386364
who_afro,afro-04,2026-06-07,2026-06-07,patients_in_isolation,national,Democratic Republic of the Congo,"","",193,patients,point,TRUE,high,"As of 7 June 2026, a total of 309 patients were in isolation across treatment and transit centres in the Democratic Republic of the Congo, including 116 confirmed and 193 suspected cases.",World Health Organization Regional Office for Africa,CC BY-NC-SA 3.0 IGO,https://iris.who.int/handle/10665/386364
who_afro,afro-05,2026-06-14,2026-06-14,bed_occupancy_pct,national,Democratic Republic of the Congo,"","",83.8,percent,point,FALSE,high,"Overall bed occupancy reached 83.8%, including 94.8% in Ituri Province,",World Health Organization Regional Office for Africa,CC BY-NC-SA 3.0 IGO,https://iris.who.int/handle/10665/386445
who_afro,afro-05,2026-06-14,2026-06-14,bed_occupancy_pct,province,Democratic Republic of the Congo,Ituri,Ituri Province,94.8,percent,point,FALSE,high,"Overall bed occupancy reached 83.8%, including 94.8% in Ituri Province,",World Health Organization Regional Office for Africa,CC BY-NC-SA 3.0 IGO,https://iris.who.int/handle/10665/386445
who_afro,afro-05,2026-06-14,2026-06-14,beds_capacity,facility,Uganda,Entebbe isolation facility,Entebbe isolation facility,56,beds,point,FALSE,high,"facility in Kampala; 56 beds, including four critical care beds, at the Entebbe isolation facility;",World Health Organization Regional Office for Africa,CC BY-NC-SA 3.0 IGO,https://iris.who.int/handle/10665/386445
who_afro,afro-05,2026-06-14,2026-06-14,beds_capacity,facility,Uganda,Mulago Field Isolation Facility,Mulago Field Isolation Facility,32,beds,point,FALSE,high,"at the Entebbe isolation facility; and an
additional 32 beds at the Mulago Field Isolation Facility.",World Health Organization Regional Office for Africa,CC BY-NC-SA 3.0 IGO,https://iris.who.int/handle/10665/386445
who_afro,afro-05,2026-06-14,2026-06-14,beds_capacity,facility,Uganda,Mulago isolation facility,Mulago isolation facility,84,beds,point,FALSE,high,"In Uganda, treatment capacity included 84 beds, including 10 critical care beds, at the Mulago isolation
facility in Kampala;",World Health Organization Regional Office for Africa,CC BY-NC-SA 3.0 IGO,https://iris.who.int/handle/10665/386445
who_afro,afro-05,2026-06-14,2026-06-14,discharges_recovered,national,Democratic Republic of the Congo,"","",48,patients,cumulative,TRUE,high,"A total of 48
patients had recovered as of 14 June 2026.",World Health Organization Regional Office for Africa,CC BY-NC-SA 3.0 IGO,https://iris.who.int/handle/10665/386445
who_afro,afro-05,2026-06-14,2026-06-14,discharges_recovered,national,Uganda,"","",5,patients,cumulative,TRUE,high,"A total of five cases had recovered while 12 were
still in admission.",World Health Organization Regional Office for Africa,CC BY-NC-SA 3.0 IGO,https://iris.who.int/handle/10665/386445
who_afro,afro-05,2026-06-14,2026-06-14,laboratories_testing,national,Uganda,"","",4,laboratories,point,FALSE,high,"In Uganda, Bundibugyo virus testing is being conducted through four operational laboratories,",World Health Organization Regional Office for Africa,CC BY-NC-SA 3.0 IGO,https://iris.who.int/handle/10665/386445
who_afro,afro-05,2026-06-14,2026-06-14,patients_in_isolation,national,Democratic Republic of the Congo,"","",363,patients,point,TRUE,high,"As of 14 June 2026, a total of 363 patients
were in isolation and treatment centres",World Health Organization Regional Office for Africa,CC BY-NC-SA 3.0 IGO,https://iris.who.int/handle/10665/386445
who_afro,afro-05,2026-06-14,2026-06-14,patients_in_isolation,national,Uganda,"","",12,patients,point,TRUE,high,"A total of five cases had recovered while 12 were
still in admission.",World Health Organization Regional Office for Africa,CC BY-NC-SA 3.0 IGO,https://iris.who.int/handle/10665/386445
who_afro,afro-06,2026-06-21,2026-06-21,admissions,national,Democratic Republic of the Congo,"","",67,patients,7d,FALSE,high,"During the reporting period, 67 new admissions were recorded across treatment and isolation facilities, while
75 patients were discharged, including 21 deaths, 40 non-cases, and eight recoveries.",World Health Organization Regional Office for Africa,CC BY-NC-SA 3.0 IGO,https://iris.who.int/handle/10665/386544
who_afro,afro-06,2026-06-21,2026-06-21,bed_occupancy_pct,national,Democratic Republic of the Congo,"","",82.8,percent,point,FALSE,high,"As of 21 June 2026, a total of 371 patients were in isolation or hospitalization, including 196
confirmed cases and 175 suspected cases, with a national bed occupancy rate of 82.8%.",World Health Organization Regional Office for Africa,CC BY-NC-SA 3.0 IGO,https://iris.who.int/handle/10665/386544
who_afro,afro-06,2026-06-21,2026-06-21,bed_occupancy_pct,province,Democratic Republic of the Congo,Ituri,Ituri Province,89.3,percent,point,FALSE,high,"Occupancy remained
highest in Ituri Province (89.3%), reflecting sustained pressure on treatment capacity.",World Health Organization Regional Office for Africa,CC BY-NC-SA 3.0 IGO,https://iris.who.int/handle/10665/386544
who_afro,afro-06,2026-06-21,2026-06-21,beds_capacity,facility,Uganda,Entebbe isolation facility,Entebbe isolation facility,56,beds,point,FALSE,high,"facility in Kampala; 56 beds, including four critical care beds, at the Entebbe isolation facility;",World Health Organization Regional Office for Africa,CC BY-NC-SA 3.0 IGO,https://iris.who.int/handle/10665/386544
who_afro,afro-06,2026-06-21,2026-06-21,beds_capacity,facility,Uganda,Mulago Field Isolation Facility,Mulago Field Isolation Facility,32,beds,point,FALSE,high,"at the Entebbe isolation facility; and an
additional 32 beds at the Mulago Field Isolation Facility.",World Health Organization Regional Office for Africa,CC BY-NC-SA 3.0 IGO,https://iris.who.int/handle/10665/386544
who_afro,afro-06,2026-06-21,2026-06-21,beds_capacity,facility,Uganda,Mulago isolation facility,Mulago isolation facility,84,beds,point,FALSE,high,"In Uganda, treatment capacity included 84 beds, including 10 critical care beds, at the Mulago isolation
facility in Kampala;",World Health Organization Regional Office for Africa,CC BY-NC-SA 3.0 IGO,https://iris.who.int/handle/10665/386544
who_afro,afro-06,2026-06-21,2026-06-21,deaths_in_facility,national,Democratic Republic of the Congo,"","",21,patients,7d,FALSE,high,"During the reporting period, 67 new admissions were recorded across treatment and isolation facilities, while
75 patients were discharged, including 21 deaths, 40 non-cases, and eight recoveries.",World Health Organization Regional Office for Africa,CC BY-NC-SA 3.0 IGO,https://iris.who.int/handle/10665/386544
who_afro,afro-06,2026-06-21,2026-06-21,discharges_recovered,national,Democratic Republic of the Congo,"","",8,patients,7d,FALSE,high,"During the reporting period, 67 new admissions were recorded across treatment and isolation facilities, while
75 patients were discharged, including 21 deaths, 40 non-cases, and eight recoveries.",World Health Organization Regional Office for Africa,CC BY-NC-SA 3.0 IGO,https://iris.who.int/handle/10665/386544
who_afro,afro-06,2026-06-21,2026-06-21,discharges_recovered,national,Democratic Republic of the Congo,"","",12,patients,24h,FALSE,high,Twelve patients were declared recovered on 21 June 2026 after obtaining two negative control tests,World Health Organization Regional Office for Africa,CC BY-NC-SA 3.0 IGO,https://iris.who.int/handle/10665/386544
who_afro,afro-06,2026-06-21,2026-06-21,discharges_recovered,national,Democratic Republic of the Congo,"","",112,patients,cumulative,TRUE,high,"bringing the cumulative number of recoveries to 112
nationally.",World Health Organization Regional Office for Africa,CC BY-NC-SA 3.0 IGO,https://iris.who.int/handle/10665/386544
who_afro,afro-06,2026-06-21,2026-06-21,discharges_recovered,national,Uganda,"","",14,patients,cumulative,TRUE,high,A total of 14 cases had recovered while four were still in admission.,World Health Organization Regional Office for Africa,CC BY-NC-SA 3.0 IGO,https://iris.who.int/handle/10665/386544
who_afro,afro-06,2026-06-21,2026-06-21,discharges_recovered,province,Democratic Republic of the Congo,Ituri,Ituri,9,patients,24h,FALSE,high,including nine in Ituri and three in North Kivu,World Health Organization Regional Office for Africa,CC BY-NC-SA 3.0 IGO,https://iris.who.int/handle/10665/386544
who_afro,afro-06,2026-06-21,2026-06-21,discharges_recovered,province,Democratic Republic of the Congo,Nord-Kivu,North Kivu,3,patients,24h,FALSE,high,including nine in Ituri and three in North Kivu,World Health Organization Regional Office for Africa,CC BY-NC-SA 3.0 IGO,https://iris.who.int/handle/10665/386544
who_afro,afro-06,2026-06-21,2026-06-21,escapes,province,Democratic Republic of the Congo,Ituri,Ituri Province,6,patients,7d,FALSE,high,"Six patient
abscondments were also reported in Ituri Province, highlighting persistent challenges related to patient
retention",World Health Organization Regional Office for Africa,CC BY-NC-SA 3.0 IGO,https://iris.who.int/handle/10665/386544
who_afro,afro-06,2026-06-21,2026-06-21,laboratories_testing,national,Uganda,"","",4,laboratories,point,FALSE,high,"In Uganda, Bundibugyo virus testing is being conducted through four operational laboratories",World Health Organization Regional Office for Africa,CC BY-NC-SA 3.0 IGO,https://iris.who.int/handle/10665/386544
who_afro,afro-06,2026-06-21,2026-06-21,patients_in_isolation,national,Democratic Republic of the Congo,"","",371,patients,point,TRUE,high,"As of 21 June 2026, a total of 371 patients were in isolation or hospitalization, including 196
confirmed cases and 175 suspected cases, with a national bed occupancy rate of 82.8%.",World Health Organization Regional Office for Africa,CC BY-NC-SA 3.0 IGO,https://iris.who.int/handle/10665/386544
who_afro,afro-06,2026-06-21,2026-06-21,patients_in_isolation,national,Uganda,"","",4,patients,point,TRUE,high,A total of 14 cases had recovered while four were still in admission.,World Health Organization Regional Office for Africa,CC BY-NC-SA 3.0 IGO,https://iris.who.int/handle/10665/386544
who_afro,afro-07,2026-06-28,2026-06-28,bed_occupancy_pct,national,Democratic Republic of the Congo,"","",96.2,percent,point,FALSE,high,"As of 28 June 2026, a total of 615 patients remained in isolation or hospitalization across treatment facilities, including 229 confirmed and 386 suspected cases, with an overall bed occupancy rate of 96.2%.",World Health Organization Regional Office for Africa,CC BY-NC-SA 3.0 IGO,https://iris.who.int/handle/10665/386596
who_afro,afro-07,2026-06-28,2026-06-28,bed_occupancy_pct,province,Democratic Republic of the Congo,Ituri,Ituri,91.7,percent,point,FALSE,high,Occupancy remained particularly high in North Kivu (138.8%) and Ituri (91.7%),World Health Organization Regional Office for Africa,CC BY-NC-SA 3.0 IGO,https://iris.who.int/handle/10665/386596
who_afro,afro-07,2026-06-28,2026-06-28,bed_occupancy_pct,province,Democratic Republic of the Congo,Nord-Kivu,North Kivu,138.8,percent,point,FALSE,high,Occupancy remained particularly high in North Kivu (138.8%) and Ituri (91.7%),World Health Organization Regional Office for Africa,CC BY-NC-SA 3.0 IGO,https://iris.who.int/handle/10665/386596
who_afro,afro-07,2026-06-28,2026-06-28,beds_capacity,facility,Uganda,Entebbe isolation facility,Entebbe isolation facility,56,beds,point,FALSE,high,"In Uganda, treatment capacity includes 84 beds at the Mulago isolation facility in Kampala, 56 beds at the Entebbe isolation facility, and an additional 32 beds at the Mulago Field Isolation Facility.",World Health Organization Regional Office for Africa,CC BY-NC-SA 3.0 IGO,https://iris.who.int/handle/10665/386596
who_afro,afro-07,2026-06-28,2026-06-28,beds_capacity,facility,Uganda,Mulago Field Isolation Facility,Mulago Field Isolation Facility,32,beds,point,FALSE,high,"In Uganda, treatment capacity includes 84 beds at the Mulago isolation facility in Kampala, 56 beds at the Entebbe isolation facility, and an additional 32 beds at the Mulago Field Isolation Facility.",World Health Organization Regional Office for Africa,CC BY-NC-SA 3.0 IGO,https://iris.who.int/handle/10665/386596
who_afro,afro-07,2026-06-28,2026-06-28,beds_capacity,facility,Uganda,Mulago isolation facility,Mulago isolation facility,84,beds,point,FALSE,high,"In Uganda, treatment capacity includes 84 beds at the Mulago isolation facility in Kampala, 56 beds at the Entebbe isolation facility, and an additional 32 beds at the Mulago Field Isolation Facility.",World Health Organization Regional Office for Africa,CC BY-NC-SA 3.0 IGO,https://iris.who.int/handle/10665/386596
who_afro,afro-07,2026-06-28,2026-06-28,beds_capacity,national,Democratic Republic of the Congo,"","",654,beds,point,FALSE,high,with 654 beds established across 35 affected health zones in the Democratic Republic of the Congo.,World Health Organization Regional Office for Africa,CC BY-NC-SA 3.0 IGO,https://iris.who.int/handle/10665/386596
who_afro,afro-07,2026-06-28,2026-06-28,discharges_recovered,national,Democratic Republic of the Congo,"","",180,patients,cumulative,TRUE,high,"The cumulative number of recoveries has increased to 180, including 170 in Ituri, eight in North Kivu, and two in South Kivu.",World Health Organization Regional Office for Africa,CC BY-NC-SA 3.0 IGO,https://iris.who.int/handle/10665/386596
who_afro,afro-07,2026-06-28,2026-06-28,discharges_recovered,national,Uganda,"","",15,patients,cumulative,TRUE,high,"A total of 15 patients have recovered and been discharged, while three remain admitted for care.",World Health Organization Regional Office for Africa,CC BY-NC-SA 3.0 IGO,https://iris.who.int/handle/10665/386596
who_afro,afro-08,2026-07-05,2026-06-28,discharges_recovered,national,Democratic Republic of the Congo,"","",180,patients,cumulative,FALSE,high,cumulative recoveries increasing from 180 on 28 June to 273 by 05 July 2026.,World Health Organization Regional Office for Africa,CC BY-NC-SA 3.0 IGO,https://iris.who.int/handle/10665/386672
who_afro,afro-07,2026-06-28,2026-06-28,discharges_recovered,province,Democratic Republic of the Congo,Ituri,Ituri,170,patients,cumulative,FALSE,high,"The cumulative number of recoveries has increased to 180, including 170 in Ituri, eight in North Kivu, and two in South Kivu.",World Health Organization Regional Office for Africa,CC BY-NC-SA 3.0 IGO,https://iris.who.int/handle/10665/386596
who_afro,afro-07,2026-06-28,2026-06-28,discharges_recovered,province,Democratic Republic of the Congo,Nord-Kivu,North Kivu,8,patients,cumulative,FALSE,high,"The cumulative number of recoveries has increased to 180, including 170 in Ituri, eight in North Kivu, and two in South Kivu.",World Health Organization Regional Office for Africa,CC BY-NC-SA 3.0 IGO,https://iris.who.int/handle/10665/386596
who_afro,afro-07,2026-06-28,2026-06-28,discharges_recovered,province,Democratic Republic of the Congo,Sud-Kivu,South Kivu,2,patients,cumulative,FALSE,high,"The cumulative number of recoveries has increased to 180, including 170 in Ituri, eight in North Kivu, and two in South Kivu.",World Health Organization Regional Office for Africa,CC BY-NC-SA 3.0 IGO,https://iris.who.int/handle/10665/386596
who_afro,afro-07,2026-06-28,2026-06-28,laboratories_testing,national,Uganda,"","",4,laboratories,point,FALSE,high,"In Uganda, Bundibugyo virus testing is being conducted through four operational laboratories",World Health Organization Regional Office for Africa,CC BY-NC-SA 3.0 IGO,https://iris.who.int/handle/10665/386596
who_afro,afro-07,2026-06-28,2026-06-28,patients_in_isolation,national,Democratic Republic of the Congo,"","",615,patients,point,TRUE,high,"As of 28 June 2026, a total of 615 patients remained in isolation or hospitalization across treatment facilities",World Health Organization Regional Office for Africa,CC BY-NC-SA 3.0 IGO,https://iris.who.int/handle/10665/386596
who_afro,afro-07,2026-06-28,2026-06-28,patients_in_isolation,national,Uganda,"","",3,patients,point,TRUE,high,"A total of 15 patients have recovered and been discharged, while three remain admitted for care.",World Health Organization Regional Office for Africa,CC BY-NC-SA 3.0 IGO,https://iris.who.int/handle/10665/386596
who_afro,afro-08,2026-07-05,2026-07-05,bed_occupancy_pct,national,Democratic Republic of the Congo,"","",94.2,percent,point,FALSE,high,Official isolation occupancy remained critically high at approximately 94.2% nationally,World Health Organization Regional Office for Africa,CC BY-NC-SA 3.0 IGO,https://iris.who.int/handle/10665/386672
who_afro,afro-08,2026-07-05,2026-07-05,beds_capacity,national,Democratic Republic of the Congo,"","",700,beds,point,FALSE,high,approximately 700 treatment and isolation beds available nationally,World Health Organization Regional Office for Africa,CC BY-NC-SA 3.0 IGO,https://iris.who.int/handle/10665/386672
who_afro,afro-08,2026-07-05,2026-07-05,deaths_in_facility,national,Democratic Republic of the Congo,"","",33,patients,cumulative,FALSE,high,Only 33 deaths (7.7%) occurred after patients had been admitted to treatment centres or healthcare facilities.,World Health Organization Regional Office for Africa,CC BY-NC-SA 3.0 IGO,https://iris.who.int/handle/10665/386672
who_afro,afro-09,2026-07-12,2026-07-05,deaths_in_facility,national,Democratic Republic of the Congo,"","",33,patients,cumulative,FALSE,high,Only 33 deaths (7.7%) occurred after patients had been admitted to treatment centres or healthcare facilities.,World Health Organization Regional Office for Africa,CC BY-NC-SA 3.0 IGO,https://iris.who.int/handle/10665/386714
who_afro,afro-08,2026-07-05,2026-07-05,discharges_recovered,national,Uganda,"","",16,patients,cumulative,TRUE,high,16 patients had recovered and been discharged from care.,World Health Organization Regional Office for Africa,CC BY-NC-SA 3.0 IGO,https://iris.who.int/handle/10665/386672
who_afro,afro-08,2026-07-05,2026-07-05,discharges_recovered,national,Democratic Republic of the Congo,"","",273,patients,cumulative,TRUE,high,cumulative recoveries increasing from 180 on 28 June to 273 by 05 July 2026.,World Health Organization Regional Office for Africa,CC BY-NC-SA 3.0 IGO,https://iris.who.int/handle/10665/386672
who_afro,afro-08,2026-07-05,2026-07-05,facilities_operational,national,Democratic Republic of the Congo,"","",22,facilities,point,FALSE,low,across more than 22 Ebola treatment centres (ETCs) and care facilities.,World Health Organization Regional Office for Africa,CC BY-NC-SA 3.0 IGO,https://iris.who.int/handle/10665/386672
who_afro,afro-08,2026-07-05,2026-07-05,laboratories_testing,province,Democratic Republic of the Congo,Ituri and North Kivu provinces,Ituri and North Kivu provinces,12,laboratories,point,FALSE,low,"As of 05 July 2026, 12 diagnostic laboratories and testing units were operational across Ituri and North Kivu provinces",World Health Organization Regional Office for Africa,CC BY-NC-SA 3.0 IGO,https://iris.who.int/handle/10665/386672
who_afro,afro-08,2026-07-05,2026-07-05,patients_in_isolation,national,Uganda,"","",2,patients,point,TRUE,high,Two patients remained hospitalised.,World Health Organization Regional Office for Africa,CC BY-NC-SA 3.0 IGO,https://iris.who.int/handle/10665/386672
who_afro,afro-08,2026-07-05,2026-07-05,patients_in_isolation,national,Democratic Republic of the Congo,"","",646,patients,point,TRUE,high,"As of 05 July 2026, 646 patients were in isolation nationally, including 477 in Ituri, 148 in North Kivu, and 21 in South Kivu, with treatment facilities operating at or near full capacity.",World Health Organization Regional Office for Africa,CC BY-NC-SA 3.0 IGO,https://iris.who.int/handle/10665/386672
who_afro,afro-08,2026-07-05,2026-07-05,patients_in_isolation,province,Democratic Republic of the Congo,Ituri,Ituri,477,patients,point,FALSE,high,"As of 05 July 2026, 646 patients were in isolation nationally, including 477 in Ituri, 148 in North Kivu, and 21 in South Kivu, with treatment facilities operating at or near full capacity.",World Health Organization Regional Office for Africa,CC BY-NC-SA 3.0 IGO,https://iris.who.int/handle/10665/386672
who_afro,afro-08,2026-07-05,2026-07-05,patients_in_isolation,province,Democratic Republic of the Congo,Nord-Kivu,North Kivu,148,patients,point,FALSE,high,"As of 05 July 2026, 646 patients were in isolation nationally, including 477 in Ituri, 148 in North Kivu, and 21 in South Kivu, with treatment facilities operating at or near full capacity.",World Health Organization Regional Office for Africa,CC BY-NC-SA 3.0 IGO,https://iris.who.int/handle/10665/386672
who_afro,afro-08,2026-07-05,2026-07-05,patients_in_isolation,province,Democratic Republic of the Congo,Sud-Kivu,South Kivu,21,patients,point,FALSE,high,"As of 05 July 2026, 646 patients were in isolation nationally, including 477 in Ituri, 148 in North Kivu, and 21 in South Kivu, with treatment facilities operating at or near full capacity.",World Health Organization Regional Office for Africa,CC BY-NC-SA 3.0 IGO,https://iris.who.int/handle/10665/386672
who_afro,afro-09,2026-07-12,2026-07-12,beds_occupied,national,Uganda,"","",1,patients,point,FALSE,high,"Seventeen patients have recovered and been discharged from care, leaving one confirmed patient currently admitted to a treatment facility.",World Health Organization Regional Office for Africa,CC BY-NC-SA 3.0 IGO,https://iris.who.int/handle/10665/386714
who_afro,afro-09,2026-07-12,2026-07-12,discharges_recovered,national,Uganda,"","",17,patients,cumulative,FALSE,high,"Seventeen patients have recovered and been discharged from care, leaving one confirmed patient currently admitted to a treatment facility.",World Health Organization Regional Office for Africa,CC BY-NC-SA 3.0 IGO,https://iris.who.int/handle/10665/386714
who_afro,afro-10,2026-07-19,2026-07-19,bed_occupancy_pct,national,Democratic Republic of the Congo,"","",87.3,percent,point,FALSE,high,"national bed occupancy of 87.3%,",World Health Organization Regional Office for Africa,CC BY-NC-SA 3.0 IGO,https://iris.who.int/handle/10665/386780
who_afro,afro-10,2026-07-19,2026-07-19,beds_capacity,national,Democratic Republic of the Congo,"","",841,beds,point,FALSE,high,providing approximately 841 isolation and treatment beds.,World Health Organization Regional Office for Africa,CC BY-NC-SA 3.0 IGO,https://iris.who.int/handle/10665/386780
who_afro,afro-10,2026-07-19,2026-07-19,deaths_in_facility,national,Democratic Republic of the Congo,"","",273,patients,cumulative,FALSE,high,and 273 (40.6%) occurred within designated treatment centres.,World Health Organization Regional Office for Africa,CC BY-NC-SA 3.0 IGO,https://iris.who.int/handle/10665/386780
who_afro,afro-10,2026-07-19,2026-07-19,discharges_recovered,national,Democratic Republic of the Congo,"","",469,patients,cumulative,TRUE,high,"with cumulative recoveries increasing to 469 by 19 July 2026,",World Health Organization Regional Office for Africa,CC BY-NC-SA 3.0 IGO,https://iris.who.int/handle/10665/386780
who_afro,afro-10,2026-07-19,2026-07-19,discharges_recovered,national,Uganda,"","",18,patients,cumulative,TRUE,high,"All 18 recovered patients have now been discharged from care,",World Health Organization Regional Office for Africa,CC BY-NC-SA 3.0 IGO,https://iris.who.int/handle/10665/386780
who_afro,afro-10,2026-07-19,2026-07-19,facilities_operational,national,Democratic Republic of the Congo,"","",22,facilities,point,FALSE,high,"with 22
operational Ebola treatment and care facilities",World Health Organization Regional Office for Africa,CC BY-NC-SA 3.0 IGO,https://iris.who.int/handle/10665/386780
who_afro,afro-10,2026-07-19,2026-07-19,laboratories_testing,national,Democratic Republic of the Congo,"","",18,laboratories,point,FALSE,low,"734 121 36 841 18
Active Health Worker Health Worker Bed Testing
Cases Cases Cases Capacity Laboratories",World Health Organization Regional Office for Africa,CC BY-NC-SA 3.0 IGO,https://iris.who.int/handle/10665/386780
who_afro,afro-10,2026-07-19,2026-07-19,laboratories_testing,province,Democratic Republic of the Congo,Ituri and North Kivu provinces,Ituri and North Kivu provinces,16,laboratories,point,FALSE,high,"As of 19 July 2026, 16 diagnostic laboratories and testing units were operational across Ituri and North Kivu provinces,",World Health Organization Regional Office for Africa,CC BY-NC-SA 3.0 IGO,https://iris.who.int/handle/10665/386780
who_afro,afro-10,2026-07-19,2026-07-19,patients_in_isolation,national,Democratic Republic of the Congo,"","",734,patients,point,FALSE,high,"734 patients were in isolation as of 19 July 2026,",World Health Organization Regional Office for Africa,CC BY-NC-SA 3.0 IGO,https://iris.who.int/handle/10665/386780
who_afro,afro-11,2026-07-26,2026-07-26,bed_occupancy_pct,national,Democratic Republic of the Congo,"","",76.8,percent,point,FALSE,high,"As of 26 July 2026, 723
patients were in isolation, corresponding to an overall bed occupancy rate of 76.8%.",World Health Organization Regional Office for Africa,CC BY-NC-SA 3.0 IGO,https://iris.who.int/handle/10665/386797
who_afro,afro-11,2026-07-26,2026-07-26,bed_occupancy_pct,province,Democratic Republic of the Congo,Ituri,Ituri,66.4,percent,point,FALSE,high,while Ituri reported an occupancy rate of 66.4%.,World Health Organization Regional Office for Africa,CC BY-NC-SA 3.0 IGO,https://iris.who.int/handle/10665/386797
who_afro,afro-11,2026-07-26,2026-07-26,bed_occupancy_pct,province,Democratic Republic of the Congo,Nord-Kivu,North Kivu,136.2,percent,point,FALSE,high,"Bed occupancy
remained particularly high in North Kivu (136.2%)",World Health Organization Regional Office for Africa,CC BY-NC-SA 3.0 IGO,https://iris.who.int/handle/10665/386797
who_afro,afro-11,2026-07-26,2026-07-26,beds_capacity,national,Democratic Republic of the Congo,"","",941,beds,point,FALSE,high,"Case management capacity continued across the Democratic Republic of the Congo, with operational
treatment centres and care facilities providing 941 isolation and treatment beds.",World Health Organization Regional Office for Africa,CC BY-NC-SA 3.0 IGO,https://iris.who.int/handle/10665/386797
who_afro,afro-11,2026-07-26,2026-07-26,deaths_in_facility,national,Democratic Republic of the Congo,"","",110,patients,7d,FALSE,high,"During the last seven reporting days (20
– 26 July 2026), 296 confirmed deaths were reported, of which 186 (62.8%) were classified as community deaths and
110 (37.2%) occurred in designated treatment or care centres.",World Health Organization Regional Office for Africa,CC BY-NC-SA 3.0 IGO,https://iris.who.int/handle/10665/386797
who_afro,afro-11,2026-07-26,2026-07-26,discharges_recovered,national,Democratic Republic of the Congo,"","",583,patients,cumulative,TRUE,high,"5 Provinces 4 Provinces 583 76.8% 15 498
48 Health Zones 42 Health Zones Cases Bed Contacts
Affected Active Transmission Recovered Occupancy to follow",World Health Organization Regional Office for Africa,CC BY-NC-SA 3.0 IGO,https://iris.who.int/handle/10665/386797
who_afro,afro-11,2026-07-26,2026-07-26,discharges_recovered,national,Democratic Republic of the Congo,"","",568,patients,cumulative,TRUE,high,"Clinical outcomes continued to improve, with cumulative recoveries increasing to 568 by 26 July 2026",World Health Organization Regional Office for Africa,CC BY-NC-SA 3.0 IGO,https://iris.who.int/handle/10665/386797
who_afro,afro-11,2026-07-26,2026-07-26,facilities_operational,national,Democratic Republic of the Congo,"","",8,facilities,point,FALSE,high,IPC/WASH assessments were also completed at all eight Ebola treatment centres (ETCs).,World Health Organization Regional Office for Africa,CC BY-NC-SA 3.0 IGO,https://iris.who.int/handle/10665/386797
who_afro,afro-11,2026-07-26,2026-07-26,laboratories_testing,national,Democratic Republic of the Congo,"","",18,laboratories,point,FALSE,high,"723 123 37 941 18
Active Health Worker Health Worker Bed Testing
Cases in Isolation Cases Deaths Capacity Laboratories",World Health Organization Regional Office for Africa,CC BY-NC-SA 3.0 IGO,https://iris.who.int/handle/10665/386797
who_afro,afro-11,2026-07-26,2026-07-26,patients_in_isolation,national,Democratic Republic of the Congo,"","",723,patients,point,FALSE,high,"As of 26 July 2026, 723
patients were in isolation, corresponding to an overall bed occupancy rate of 76.8%.",World Health Organization Regional Office for Africa,CC BY-NC-SA 3.0 IGO,https://iris.who.int/handle/10665/386797
who_afro,afro-11,2026-07-26,2026-07-29,laboratories_testing,national,Democratic Republic of the Congo,"","",19,laboratories,point,FALSE,high,"As of 29 July
2026, 19 diagnostic laboratories and testing units were operational across Ituri, South Kivu, Tshopo, Haut-
Uélé and North Kivu provinces",World Health Organization Regional Office for Africa,CC BY-NC-SA 3.0 IGO,https://iris.who.int/handle/10665/386797
who_afro,afro-12,2026-08-02,2026-08-02,bed_occupancy_pct,national,Democratic Republic of the Congo,"","",72.4,percent,point,TRUE,low,"5 Provinces 4 Provinces 727 72.4% 18 276
51 Health Zones 42 Health Zones Cases Bed Contacts
Affected Active Transmission Recovered Occupancy to follow",World Health Organization Regional Office for Africa,CC BY-NC-SA 3.0 IGO,https://iris.who.int/handle/10665/386882
who_afro,afro-12,2026-08-02,2026-08-02,bed_occupancy_pct,national,Democratic Republic of the Congo,"","",67.3,percent,point,TRUE,high,"As of 2 August 2026, 707 patients were in isolation, corresponding to an overall bed occupancy rate of 67.3%.",World Health Organization Regional Office for Africa,CC BY-NC-SA 3.0 IGO,https://iris.who.int/handle/10665/386882
who_afro,afro-12,2026-08-02,2026-08-02,bed_occupancy_pct,province,Democratic Republic of the Congo,Nord-Kivu,North Kivu,131.9,percent,point,FALSE,high,"However, bed occupancy is not uniformed and remained particularly high in North Kivu (131.9%).",World Health Organization Regional Office for Africa,CC BY-NC-SA 3.0 IGO,https://iris.who.int/handle/10665/386882
who_afro,afro-12,2026-08-02,2026-08-02,beds_capacity,national,Democratic Republic of the Congo,"","",1050,beds,point,FALSE,high,"Case management capacity expansion continued to expand across the Democratic Republic of the Congo, with bed capacity increasing to 1050 across 33 treatment facilities.",World Health Organization Regional Office for Africa,CC BY-NC-SA 3.0 IGO,https://iris.who.int/handle/10665/386882
who_afro,afro-12,2026-08-02,2026-08-02,discharges_recovered,national,Democratic Republic of the Congo,"","",727,patients,cumulative,FALSE,high,"Clinical outcomes continued to improve, with cumulative recoveries increasing to 727 by 2 August 2026",World Health Organization Regional Office for Africa,CC BY-NC-SA 3.0 IGO,https://iris.who.int/handle/10665/386882
who_afro,afro-12,2026-08-02,2026-08-02,facilities_operational,national,Democratic Republic of the Congo,"","",33,facilities,point,TRUE,high,"Case management capacity expansion continued to expand across the Democratic Republic of the Congo, with bed capacity increasing to 1050 across 33 treatment facilities.",World Health Organization Regional Office for Africa,CC BY-NC-SA 3.0 IGO,https://iris.who.int/handle/10665/386882
who_afro,afro-12,2026-08-02,2026-08-02,facilities_operational,national,Democratic Republic of the Congo,"","",8,facilities,point,TRUE,high,IPC/WASH assessments were also completed at all eight Ebola treatment centres (ETCs).,World Health Organization Regional Office for Africa,CC BY-NC-SA 3.0 IGO,https://iris.who.int/handle/10665/386882
who_afro,afro-12,2026-08-02,2026-08-02,patients_in_isolation,national,Democratic Republic of the Congo,"","",707,patients,point,FALSE,high,"As of 2 August 2026, 707 patients were in isolation, corresponding to an overall bed occupancy rate of 67.3%.",World Health Organization Regional Office for Africa,CC BY-NC-SA 3.0 IGO,https://iris.who.int/handle/10665/386882
who_afro,afro-13,2026-08-09,2026-08-04,beds_capacity,facility,Democratic Republic of the Congo,Rwankole,Rwankole,100,beds,point,FALSE,high,inauguration of a new 100-bed Ebola Treatment Centre in Rwankole,World Health Organization Regional Office for Africa,CC BY-NC-SA 3.0 IGO,https://iris.who.int/handle/10665/386915
who_afro,afro-13,2026-08-09,2026-08-09,admissions,national,Democratic Republic of the Congo,"","",124,patients,24h,FALSE,high,124 were transferred to Ebola treatment or transit centres for isolation,World Health Organization Regional Office for Africa,CC BY-NC-SA 3.0 IGO,https://iris.who.int/handle/10665/386915
who_afro,afro-13,2026-08-09,2026-08-09,bed_occupancy_pct,national,Democratic Republic of the Congo,"","",67,percent,point,FALSE,low,"869 67.0% 16 183
53 Health Zones 44 Health Zones Cases Bed Contacts
Affected Active Transmission* Recovered Occupancy",World Health Organization Regional Office for Africa,CC BY-NC-SA 3.0 IGO,https://iris.who.int/handle/10665/386915
who_afro,afro-13,2026-08-09,2026-08-09,discharges_recovered,national,Democratic Republic of the Congo,"","",869,patients,cumulative,FALSE,high,cumulative recoveries reaching 869 by 9 August 2026,World Health Organization Regional Office for Africa,CC BY-NC-SA 3.0 IGO,https://iris.who.int/handle/10665/386915
who_afro,afro-13,2026-08-09,2026-08-09,discharges_recovered,national,Democratic Republic of the Congo,"","",18,patients,24h,FALSE,high,"During the previous 24 hours, 18 patients were declared recovered",World Health Organization Regional Office for Africa,CC BY-NC-SA 3.0 IGO,https://iris.who.int/handle/10665/386915
who_afro,afro-14,2026-08-16,2026-08-09,discharges_recovered,national,"","","",869,patients,cumulative,FALSE,high,"Cumulative recoveries increased from 869 on 9 August 2026 to 1061 on 16 August 2026, representing an additional 192 recoveries during the reporting period",World Health Organization Regional Office for Africa,CC BY-NC-SA 3.0 IGO,https://iris.who.int/handle/10665/386952
who_afro,afro-13,2026-08-09,2026-08-09,discharges_recovered,province,Democratic Republic of the Congo,Ituri,Ituri,14,patients,24h,FALSE,high,"18 patients were declared recovered after two negative Ebola test results, including 14 in Ituri",World Health Organization Regional Office for Africa,CC BY-NC-SA 3.0 IGO,https://iris.who.int/handle/10665/386915
who_afro,afro-13,2026-08-09,2026-08-09,laboratories_testing,national,Democratic Republic of the Congo,"","",19,laboratories,point,FALSE,high,The network includes 19 operational laboratories and testing units,World Health Organization Regional Office for Africa,CC BY-NC-SA 3.0 IGO,https://iris.who.int/handle/10665/386915
who_afro,afro-13,2026-08-09,2026-08-09,patients_in_isolation,national,Democratic Republic of the Congo,"","",704,patients,point,FALSE,high,"As of 9 August 2026, 704 patients were in isolation and receiving care nationally",World Health Organization Regional Office for Africa,CC BY-NC-SA 3.0 IGO,https://iris.who.int/handle/10665/386915
who_afro,afro-14,2026-08-16,2026-08-12,facilities_operational,national,"","","",33,facilities,point,FALSE,high,"The latest consolidated capacity assessment, conducted on 12 August 2026, identified 33 operational treatment and transit facilities with 1184 active beds",World Health Organization Regional Office for Africa,CC BY-NC-SA 3.0 IGO,https://iris.who.int/handle/10665/386952
who_afro,afro-14,2026-08-16,2026-08-16,admissions,national,"","","",134,patients,24h,FALSE,high,"with 99.3% (270/272) of validated suspected cases investigated on 16 August 2026. Of those investigated, 134 (49.6%) were transferred to treatment centres.",World Health Organization Regional Office for Africa,CC BY-NC-SA 3.0 IGO,https://iris.who.int/handle/10665/386952
who_afro,afro-14,2026-08-16,2026-08-16,bed_occupancy_pct,national,Democratic Republic of the Congo,"","",63.4,percent,point,FALSE,low,"6 Provinces 5 Provinces 1 061 63.4% 19 630
55 Health Zones 47 Health Zones Cases Bed Contacts
Affected Active Transmission* Recovered Occupancy under follow up",World Health Organization Regional Office for Africa,CC BY-NC-SA 3.0 IGO,https://iris.who.int/handle/10665/386952
who_afro,afro-14,2026-08-16,2026-08-16,beds_capacity,national,Democratic Republic of the Congo,"","",1184,beds,point,FALSE,low,"751 155 45 1 184 22
Active Health Worker Health Worker Bed Testing
Cases in Isolation Cases Deaths Capacity Laboratories",World Health Organization Regional Office for Africa,CC BY-NC-SA 3.0 IGO,https://iris.who.int/handle/10665/386952
who_afro,afro-14,2026-08-16,2026-08-16,discharges_recovered,national,Democratic Republic of the Congo,"","",1061,patients,cumulative,FALSE,low,"6 Provinces 5 Provinces 1 061 63.4% 19 630
55 Health Zones 47 Health Zones Cases Bed Contacts
Affected Active Transmission* Recovered Occupancy under follow up",World Health Organization Regional Office for Africa,CC BY-NC-SA 3.0 IGO,https://iris.who.int/handle/10665/386952
who_afro,afro-14,2026-08-16,2026-08-16,discharges_recovered,national,"","","",192,patients,7d,FALSE,high,"Cumulative recoveries increased from 869 on 9 August 2026 to 1061 on 16 August 2026, representing an additional 192 recoveries during the reporting period",World Health Organization Regional Office for Africa,CC BY-NC-SA 3.0 IGO,https://iris.who.int/handle/10665/386952
who_afro,afro-15,2026-08-23,2026-08-16,discharges_recovered,national,Democratic Republic of the Congo,"","",1061,patients,cumulative,FALSE,high,"Cumulative recoveries increased from 1 061 on 16 August 2026 to 1 215 on 23 August 2026, representing an
additional 154 recoveries during the reporting period",World Health Organization Regional Office for Africa,CC BY-NC-SA 3.0 IGO,https://iris.who.int/handle/10665/386996
who_afro,afro-14,2026-08-16,2026-08-16,laboratories_testing,national,Democratic Republic of the Congo,"","",22,laboratories,point,FALSE,low,"751 155 45 1 184 22
Active Health Worker Health Worker Bed Testing
Cases in Isolation Cases Deaths Capacity Laboratories",World Health Organization Regional Office for Africa,CC BY-NC-SA 3.0 IGO,https://iris.who.int/handle/10665/386952
who_afro,afro-14,2026-08-16,2026-08-16,patients_in_isolation,national,Democratic Republic of the Congo,"","",751,patients,point,FALSE,low,"751 155 45 1 184 22
Active Health Worker Health Worker Bed Testing
Cases in Isolation Cases Deaths Capacity Laboratories",World Health Organization Regional Office for Africa,CC BY-NC-SA 3.0 IGO,https://iris.who.int/handle/10665/386952
who_afro,afro-15,2026-08-23,2026-08-23,bed_occupancy_pct,national,Democratic Republic of the Congo,"","",64.7,percent,point,FALSE,low,"6 Provinces 5 Provinces 1 215 64.7% 22 015
57 Health Zones 47 Health Zones Cases Bed Contacts
Affected Active Transmission* Recovered Occupancy under follow up",World Health Organization Regional Office for Africa,CC BY-NC-SA 3.0 IGO,https://iris.who.int/handle/10665/386996
who_afro,afro-15,2026-08-23,2026-08-23,bed_occupancy_pct,province,Democratic Republic of the Congo,Nord-Kivu,Nord-Kivu,100,percent,point,FALSE,high,beds designated for suspected cases in Nord-Kivu reached 100% occupancy.,World Health Organization Regional Office for Africa,CC BY-NC-SA 3.0 IGO,https://iris.who.int/handle/10665/386996
who_afro,afro-15,2026-08-23,2026-08-23,beds_capacity,national,Democratic Republic of the Congo,"","",1184,beds,point,TRUE,high,Bed capacity also increased from 1 184 to 1 308 active beds,World Health Organization Regional Office for Africa,CC BY-NC-SA 3.0 IGO,https://iris.who.int/handle/10665/386996
who_afro,afro-15,2026-08-23,2026-08-23,beds_capacity,national,Democratic Republic of the Congo,"","",1308,beds,point,TRUE,high,Bed capacity also increased from 1 184 to 1 308 active beds,World Health Organization Regional Office for Africa,CC BY-NC-SA 3.0 IGO,https://iris.who.int/handle/10665/386996
who_afro,afro-15,2026-08-23,2026-08-23,deaths_in_facility,national,Democratic Republic of the Congo,"","",131,patients,7d,FALSE,high,"Mortality remains high, with 302 confirmed deaths reported during the last seven days, including 171 (56.6%) in the
community and 131 (43.4%) in BVD treatment facilities.",World Health Organization Regional Office for Africa,CC BY-NC-SA 3.0 IGO,https://iris.who.int/handle/10665/386996
who_afro,afro-15,2026-08-23,2026-08-23,discharges_recovered,national,Democratic Republic of the Congo,"","",1215,patients,cumulative,FALSE,high,"Cumulative recoveries increased from 1 061 on 16 August 2026 to 1 215 on 23 August 2026, representing an
additional 154 recoveries during the reporting period",World Health Organization Regional Office for Africa,CC BY-NC-SA 3.0 IGO,https://iris.who.int/handle/10665/386996
who_afro,afro-15,2026-08-23,2026-08-23,discharges_recovered,national,Democratic Republic of the Congo,"","",154,patients,7d,FALSE,high,"Cumulative recoveries increased from 1 061 on 16 August 2026 to 1 215 on 23 August 2026, representing an
additional 154 recoveries during the reporting period",World Health Organization Regional Office for Africa,CC BY-NC-SA 3.0 IGO,https://iris.who.int/handle/10665/386996
who_afro,afro-15,2026-08-23,2026-08-23,facilities_operational,national,Democratic Republic of the Congo,"","",33,facilities,point,TRUE,high,"The operational treatment and transit facilities
consolidated capacity has increased from 33 to 49.",World Health Organization Regional Office for Africa,CC BY-NC-SA 3.0 IGO,https://iris.who.int/handle/10665/386996
who_afro,afro-15,2026-08-23,2026-08-23,facilities_operational,national,Democratic Republic of the Congo,"","",49,facilities,point,TRUE,high,"The operational treatment and transit facilities
consolidated capacity has increased from 33 to 49.",World Health Organization Regional Office for Africa,CC BY-NC-SA 3.0 IGO,https://iris.who.int/handle/10665/386996
who_afro,afro-15,2026-08-23,2026-08-23,laboratories_testing,national,Democratic Republic of the Congo,"","",2,laboratories,point,TRUE,high,"Diagnostic capacity continued to expand and decentralize, increasing from 2 laboratories at outbreak onset to
22 active laboratories",World Health Organization Regional Office for Africa,CC BY-NC-SA 3.0 IGO,https://iris.who.int/handle/10665/386996
who_afro,afro-15,2026-08-23,2026-08-23,laboratories_testing,national,Democratic Republic of the Congo,"","",22,laboratories,point,TRUE,high,"Diagnostic capacity continued to expand and decentralize, increasing from 2 laboratories at outbreak onset to
22 active laboratories",World Health Organization Regional Office for Africa,CC BY-NC-SA 3.0 IGO,https://iris.who.int/handle/10665/386996
who_afro,afro-15,2026-08-23,2026-08-23,patients_in_isolation,national,Democratic Republic of the Congo,"","",846,patients,point,FALSE,high,"As of 23 August
2026, 846 patients were in isolation or receiving care nationally.",World Health Organization Regional Office for Africa,CC BY-NC-SA 3.0 IGO,https://iris.who.int/handle/10665/386996
who_afro,afro-16,2026-08-30,2026-08-30,beds_capacity,national,Democratic Republic of the Congo,"","",1308,beds,point,FALSE,high,"814 160 45 1 308 22
Active Health Worker Health Worker Bed Testing
Cases in Isolation Cases Deaths Capacity Laboratories",World Health Organization Regional Office for Africa,CC BY-NC-SA 3.0 IGO,https://iris.who.int/handle/10665/387061
who_afro,afro-16,2026-08-30,2026-08-30,deaths_in_facility,national,Democratic Republic of the Congo,"","",99,patients,7d,FALSE,high,"270 confirmed deaths reported during the last seven days, including 171 (63.3%) in the
community and 99 (36.7%) in BVD treatment facilities.",World Health Organization Regional Office for Africa,CC BY-NC-SA 3.0 IGO,https://iris.who.int/handle/10665/387061
who_afro,afro-16,2026-08-30,2026-08-30,facilities_operational,national,Democratic Republic of the Congo,"","",49,facilities,point,FALSE,high,"A total of 49 treatment facilities are active,",World Health Organization Regional Office for Africa,CC BY-NC-SA 3.0 IGO,https://iris.who.int/handle/10665/387061
who_afro,afro-16,2026-08-30,2026-08-30,laboratories_testing,national,Democratic Republic of the Congo,"","",22,laboratories,point,FALSE,high,"814 160 45 1 308 22
Active Health Worker Health Worker Bed Testing
Cases in Isolation Cases Deaths Capacity Laboratories",World Health Organization Regional Office for Africa,CC BY-NC-SA 3.0 IGO,https://iris.who.int/handle/10665/387061
who_afro,afro-16,2026-08-30,2026-08-30,patients_in_isolation,national,Democratic Republic of the Congo,"","",814,patients,point,FALSE,high,"814 160 45 1 308 22
Active Health Worker Health Worker Bed Testing
Cases in Isolation Cases Deaths Capacity Laboratories",World Health Organization Regional Office for Africa,CC BY-NC-SA 3.0 IGO,https://iris.who.int/handle/10665/387061
who_afro,afro-17,2026-09-06,2026-09-06,bed_occupancy_pct,national,Democratic Republic of the Congo,"","",62,percent,point,FALSE,high,"with 49 treatment centres/units providing 1366 active beds, of which 819 were occupied by confirmed cases (62.0% occupancy) as of 6 September.",World Health Organization Regional Office for Africa,CC BY-NC-SA 3.0 IGO,https://iris.who.int/handle/10665/387440
who_afro,afro-17,2026-09-06,2026-09-06,beds_capacity,national,Democratic Republic of the Congo,"","",1366,beds,point,FALSE,high,"with 49 treatment centres/units providing 1366 active beds, of which 819 were occupied by confirmed cases (62.0% occupancy) as of 6 September.",World Health Organization Regional Office for Africa,CC BY-NC-SA 3.0 IGO,https://iris.who.int/handle/10665/387440
who_afro,afro-17,2026-09-06,2026-09-06,beds_occupied,national,Democratic Republic of the Congo,"","",819,beds,point,FALSE,high,"with 49 treatment centres/units providing 1366 active beds, of which 819 were occupied by confirmed cases (62.0% occupancy) as of 6 September.",World Health Organization Regional Office for Africa,CC BY-NC-SA 3.0 IGO,https://iris.who.int/handle/10665/387440
who_afro,afro-17,2026-09-06,2026-09-06,deaths_in_facility,national,Democratic Republic of the Congo,"","",99,patients,7d,TRUE,high,deaths occurring in treatment facilities continued to decline from 99 to 69 (−30.3%).,World Health Organization Regional Office for Africa,CC BY-NC-SA 3.0 IGO,https://iris.who.int/handle/10665/387440
who_afro,afro-17,2026-09-06,2026-09-06,deaths_in_facility,national,Democratic Republic of the Congo,"","",69,patients,7d,TRUE,high,deaths occurring in treatment facilities continued to decline from 99 to 69 (−30.3%).,World Health Organization Regional Office for Africa,CC BY-NC-SA 3.0 IGO,https://iris.who.int/handle/10665/387440
who_afro,afro-18,2026-09-13,2026-09-06,deaths_in_facility,national,Democratic Republic of the Congo,"","",69,patients,7d,FALSE,high,while deaths in treatment facilities increased from 69 to 91 (+31.9%).,World Health Organization Regional Office for Africa,CC BY-NC-SA 3.0 IGO,https://iris.who.int/handle/10665/387547
who_afro,afro-17,2026-09-06,2026-09-06,discharges_recovered,national,Democratic Republic of the Congo,"","",1563,patients,cumulative,FALSE,high,Cumulative recoveries increased to 1563 as of 6 September 2026.,World Health Organization Regional Office for Africa,CC BY-NC-SA 3.0 IGO,https://iris.who.int/handle/10665/387440
who_afro,afro-18,2026-09-13,2026-09-06,discharges_recovered,national,Democratic Republic of the Congo,"","",1563,patients,cumulative,FALSE,high,"Cumulative recoveries increased to 1726 as of 13 September 2026, up from 1563 on 6 September",World Health Organization Regional Office for Africa,CC BY-NC-SA 3.0 IGO,https://iris.who.int/handle/10665/387547
who_afro,afro-17,2026-09-06,2026-09-06,facilities_operational,national,Democratic Republic of the Congo,"","",49,facilities,point,FALSE,high,"with 49 treatment centres/units providing 1366 active beds, of which 819 were occupied by confirmed cases (62.0% occupancy) as of 6 September.",World Health Organization Regional Office for Africa,CC BY-NC-SA 3.0 IGO,https://iris.who.int/handle/10665/387440
who_afro,afro-17,2026-09-06,2026-09-06,laboratories_testing,national,Democratic Republic of the Congo,"","",2,laboratories,point,TRUE,high,increasing from two laboratories at the onset of the outbreak to 25 active laboratories.,World Health Organization Regional Office for Africa,CC BY-NC-SA 3.0 IGO,https://iris.who.int/handle/10665/387440
who_afro,afro-17,2026-09-06,2026-09-06,laboratories_testing,national,Democratic Republic of the Congo,"","",25,laboratories,point,TRUE,high,increasing from two laboratories at the onset of the outbreak to 25 active laboratories.,World Health Organization Regional Office for Africa,CC BY-NC-SA 3.0 IGO,https://iris.who.int/handle/10665/387440
who_afro,afro-18,2026-09-13,2026-09-13,admissions,national,Democratic Republic of the Congo,"","",1370,patients,7d,FALSE,high,"Among those investigated, 1370 (50.4%) were isolated and transferred to treatment centres within 24 hours of investigation",World Health Organization Regional Office for Africa,CC BY-NC-SA 3.0 IGO,https://iris.who.int/handle/10665/387547
who_afro,afro-18,2026-09-13,2026-09-13,bed_occupancy_pct,national,Democratic Republic of the Congo,"","",66.3,percent,point,FALSE,high,"with 905 patients hospitalized or in isolation as of 13 September, corresponding to a national bed occupancy of 66.3%.",World Health Organization Regional Office for Africa,CC BY-NC-SA 3.0 IGO,https://iris.who.int/handle/10665/387547
who_afro,afro-18,2026-09-13,2026-09-13,bed_occupancy_pct,province,Democratic Republic of the Congo,Haut-Uele,Haut-Uélé,51.5,percent,point,FALSE,high,"with Nord-Kivu operating at 145.6% occupancy, compared
with 68.0% in Sud-Kivu, 51.5% in Haut-Uélé, 46.5% in Ituri and 25.8% in Tshopo.",World Health Organization Regional Office for Africa,CC BY-NC-SA 3.0 IGO,https://iris.who.int/handle/10665/387547
who_afro,afro-18,2026-09-13,2026-09-13,bed_occupancy_pct,province,Democratic Republic of the Congo,Ituri,Ituri,46.5,percent,point,FALSE,high,"with Nord-Kivu operating at 145.6% occupancy, compared
with 68.0% in Sud-Kivu, 51.5% in Haut-Uélé, 46.5% in Ituri and 25.8% in Tshopo.",World Health Organization Regional Office for Africa,CC BY-NC-SA 3.0 IGO,https://iris.who.int/handle/10665/387547
who_afro,afro-18,2026-09-13,2026-09-13,bed_occupancy_pct,province,Democratic Republic of the Congo,Nord-Kivu,Nord-Kivu,145.6,percent,point,FALSE,high,"with Nord-Kivu operating at 145.6% occupancy, compared
with 68.0% in Sud-Kivu, 51.5% in Haut-Uélé, 46.5% in Ituri and 25.8% in Tshopo.",World Health Organization Regional Office for Africa,CC BY-NC-SA 3.0 IGO,https://iris.who.int/handle/10665/387547
who_afro,afro-18,2026-09-13,2026-09-13,bed_occupancy_pct,province,Democratic Republic of the Congo,Sud-Kivu,Sud-Kivu,68,percent,point,FALSE,high,"with Nord-Kivu operating at 145.6% occupancy, compared
with 68.0% in Sud-Kivu, 51.5% in Haut-Uélé, 46.5% in Ituri and 25.8% in Tshopo.",World Health Organization Regional Office for Africa,CC BY-NC-SA 3.0 IGO,https://iris.who.int/handle/10665/387547
who_afro,afro-18,2026-09-13,2026-09-13,bed_occupancy_pct,province,Democratic Republic of the Congo,Tshopo,Tshopo,25.8,percent,point,FALSE,high,"with Nord-Kivu operating at 145.6% occupancy, compared
with 68.0% in Sud-Kivu, 51.5% in Haut-Uélé, 46.5% in Ituri and 25.8% in Tshopo.",World Health Organization Regional Office for Africa,CC BY-NC-SA 3.0 IGO,https://iris.who.int/handle/10665/387547
who_afro,afro-18,2026-09-13,2026-09-13,beds_capacity,national,Democratic Republic of the Congo,"","",1390,beds,point,TRUE,high,Case-management capacity includes 49 treatment centres/units providing 1390 active beds,World Health Organization Regional Office for Africa,CC BY-NC-SA 3.0 IGO,https://iris.who.int/handle/10665/387547
who_afro,afro-18,2026-09-13,2026-09-13,beds_capacity,national,Democratic Republic of the Congo,"","",1366,beds,point,TRUE,low,"905 167 47 1 366 26
Active Health Worker Health Worker Bed Testing
Cases in Isolation Cases Deaths Capacity Laboratories",World Health Organization Regional Office for Africa,CC BY-NC-SA 3.0 IGO,https://iris.who.int/handle/10665/387547
who_afro,afro-18,2026-09-13,2026-09-13,deaths_in_facility,national,Democratic Republic of the Congo,"","",91,patients,7d,FALSE,high,while deaths in treatment facilities increased from 69 to 91 (+31.9%).,World Health Organization Regional Office for Africa,CC BY-NC-SA 3.0 IGO,https://iris.who.int/handle/10665/387547
who_afro,afro-19,2026-09-20,2026-09-13,deaths_in_facility,national,Democratic Republic of the Congo,"","",91,patients,7d,FALSE,high,deaths in treatment facilities declining from 91 to 86 (−5.5%).,World Health Organization Regional Office for Africa,CC BY-NC-SA 3.0 IGO,https://iris.who.int/handle/10665/387652
who_afro,afro-18,2026-09-13,2026-09-13,discharges_recovered,national,Democratic Republic of the Congo,"","",1726,patients,cumulative,FALSE,high,Cumulative recoveries increased to 1726 as of 13 September 2026,World Health Organization Regional Office for Africa,CC BY-NC-SA 3.0 IGO,https://iris.who.int/handle/10665/387547
who_afro,afro-18,2026-09-13,2026-09-13,discharges_recovered,national,Democratic Republic of the Congo,"","",163,patients,7d,FALSE,high,"up from 1563 on 6 September, representing
163 additional recoveries over the reporting period.",World Health Organization Regional Office for Africa,CC BY-NC-SA 3.0 IGO,https://iris.who.int/handle/10665/387547
who_afro,afro-19,2026-09-20,2026-09-13,discharges_recovered,national,Democratic Republic of the Congo,"","",1726,patients,cumulative,FALSE,high,"Cumulative recoveries increased to 1902 as of 20 September 2026, up from 1726 on 13 September",World Health Organization Regional Office for Africa,CC BY-NC-SA 3.0 IGO,https://iris.who.int/handle/10665/387652
who_afro,afro-18,2026-09-13,2026-09-13,facilities_operational,national,Democratic Republic of the Congo,"","",49,facilities,point,FALSE,high,Case-management capacity includes 49 treatment centres/units providing 1390 active beds,World Health Organization Regional Office for Africa,CC BY-NC-SA 3.0 IGO,https://iris.who.int/handle/10665/387547
who_afro,afro-18,2026-09-13,2026-09-13,laboratories_testing,national,Democratic Republic of the Congo,"","",26,laboratories,point,FALSE,high,increasing from two laboratories at the onset of the outbreak to 26 active laboratories.,World Health Organization Regional Office for Africa,CC BY-NC-SA 3.0 IGO,https://iris.who.int/handle/10665/387547
who_afro,afro-18,2026-09-13,2026-09-13,patients_in_isolation,national,Democratic Republic of the Congo,"","",905,patients,point,FALSE,high,"providing 1390 active beds, with 905 patients hospitalized or in isolation as of 13 September",World Health Organization Regional Office for Africa,CC BY-NC-SA 3.0 IGO,https://iris.who.int/handle/10665/387547
who_afro,afro-19,2026-09-20,2026-09-20,admissions,national,Democratic Republic of the Congo,"","",1284,patients,7d,FALSE,high,only 1284 (35.0%) were isolated and transferred to treatment centres within 24 hours,World Health Organization Regional Office for Africa,CC BY-NC-SA 3.0 IGO,https://iris.who.int/handle/10665/387652
who_afro,afro-19,2026-09-20,2026-09-20,bed_occupancy_pct,national,Democratic Republic of the Congo,"","",59.1,percent,point,FALSE,high,"Case-management capacity includes 49 treatment centres/units providing 1535 active beds, with 821 patients hospitalized or in isolation as of 20 September, corresponding to a national bed occupancy of 59.1%.",World Health Organization Regional Office for Africa,CC BY-NC-SA 3.0 IGO,https://iris.who.int/handle/10665/387652
who_afro,afro-19,2026-09-20,2026-09-20,bed_occupancy_pct,province,Democratic Republic of the Congo,Haut-Uele,Haut-Uélé,32.6,percent,point,FALSE,high,"Haut-Uélé and Tshopo reported lower occupancy at 32.6% and 38.7%, respectively",World Health Organization Regional Office for Africa,CC BY-NC-SA 3.0 IGO,https://iris.who.int/handle/10665/387652
who_afro,afro-19,2026-09-20,2026-09-20,bed_occupancy_pct,province,Democratic Republic of the Congo,Ituri,Ituri,43.5,percent,point,FALSE,high,Ituri reported 442 hospitalized patients with 43.5% bed occupancy,World Health Organization Regional Office for Africa,CC BY-NC-SA 3.0 IGO,https://iris.who.int/handle/10665/387652
who_afro,afro-19,2026-09-20,2026-09-20,bed_occupancy_pct,province,Democratic Republic of the Congo,Nord-Kivu,Nord-Kivu,91.2,percent,point,FALSE,high,"Nord-Kivu remains under the greatest pressure, with 316 patients hospitalized and 91.2% occupancy",World Health Organization Regional Office for Africa,CC BY-NC-SA 3.0 IGO,https://iris.who.int/handle/10665/387652
who_afro,afro-19,2026-09-20,2026-09-20,bed_occupancy_pct,province,Democratic Republic of the Congo,Tshopo,Tshopo,38.7,percent,point,FALSE,high,"Haut-Uélé and Tshopo reported lower occupancy at 32.6% and 38.7%, respectively",World Health Organization Regional Office for Africa,CC BY-NC-SA 3.0 IGO,https://iris.who.int/handle/10665/387652
who_afro,afro-19,2026-09-20,2026-09-20,beds_capacity,national,Democratic Republic of the Congo,"","",1535,beds,point,FALSE,high,"Case-management capacity includes 49 treatment centres/units providing 1535 active beds, with 821 patients hospitalized or in isolation as of 20 September, corresponding to a national bed occupancy of 59.1%.",World Health Organization Regional Office for Africa,CC BY-NC-SA 3.0 IGO,https://iris.who.int/handle/10665/387652
who_afro,afro-19,2026-09-20,2026-09-20,beds_occupied,province,Democratic Republic of the Congo,Bas-Uele,Bas-Uélé,6,patients,point,FALSE,high,while six patients were hospitalized in health facilities in Bas-Uélé.,World Health Organization Regional Office for Africa,CC BY-NC-SA 3.0 IGO,https://iris.who.int/handle/10665/387652
who_afro,afro-19,2026-09-20,2026-09-20,beds_occupied,province,Democratic Republic of the Congo,Ituri,Ituri,442,patients,point,FALSE,high,Ituri reported 442 hospitalized patients with 43.5% bed occupancy,World Health Organization Regional Office for Africa,CC BY-NC-SA 3.0 IGO,https://iris.who.int/handle/10665/387652
who_afro,afro-19,2026-09-20,2026-09-20,beds_occupied,province,Democratic Republic of the Congo,Nord-Kivu,Nord-Kivu,316,patients,point,FALSE,high,"Nord-Kivu remains under the greatest pressure, with 316 patients hospitalized and 91.2% occupancy",World Health Organization Regional Office for Africa,CC BY-NC-SA 3.0 IGO,https://iris.who.int/handle/10665/387652
who_afro,afro-19,2026-09-20,2026-09-20,deaths_in_facility,national,Democratic Republic of the Congo,"","",86,patients,7d,FALSE,high,deaths in treatment facilities declining from 91 to 86 (−5.5%).,World Health Organization Regional Office for Africa,CC BY-NC-SA 3.0 IGO,https://iris.who.int/handle/10665/387652
who_afro,afro-19,2026-09-20,2026-09-20,discharges_recovered,national,Democratic Republic of the Congo,"","",1902,patients,cumulative,FALSE,high,"Cumulative recoveries increased to 1902 as of 20 September 2026, up from 1726 on 13 September",World Health Organization Regional Office for Africa,CC BY-NC-SA 3.0 IGO,https://iris.who.int/handle/10665/387652
who_afro,afro-19,2026-09-20,2026-09-20,facilities_operational,national,Democratic Republic of the Congo,"","",49,facilities,point,FALSE,high,"Case-management capacity includes 49 treatment centres/units providing 1535 active beds, with 821 patients hospitalized or in isolation as of 20 September, corresponding to a national bed occupancy of 59.1%.",World Health Organization Regional Office for Africa,CC BY-NC-SA 3.0 IGO,https://iris.who.int/handle/10665/387652
who_afro,afro-19,2026-09-20,2026-09-20,laboratories_testing,national,Democratic Republic of the Congo,"","",2,laboratories,point,TRUE,high,increasing from two laboratories at the onset of the outbreak to 26 active laboratories.,World Health Organization Regional Office for Africa,CC BY-NC-SA 3.0 IGO,https://iris.who.int/handle/10665/387652
who_afro,afro-19,2026-09-20,2026-09-20,laboratories_testing,national,Democratic Republic of the Congo,"","",26,laboratories,point,TRUE,high,increasing from two laboratories at the onset of the outbreak to 26 active laboratories.,World Health Organization Regional Office for Africa,CC BY-NC-SA 3.0 IGO,https://iris.who.int/handle/10665/387652
who_afro,afro-19,2026-09-20,2026-09-20,patients_in_isolation,national,Democratic Republic of the Congo,"","",821,patients,point,FALSE,high,"Case-management capacity includes 49 treatment centres/units providing 1535 active beds, with 821 patients hospitalized or in isolation as of 20 September, corresponding to a national bed occupancy of 59.1%.",World Health Organization Regional Office for Africa,CC BY-NC-SA 3.0 IGO,https://iris.who.int/handle/10665/387652
