facility_id,facility_name,site_kind,place_key,health_zone,province,date_first_mentioned,sitrep_first_mentioned,first_mention_after_gap,date_first_planned,date_opening_announced,sitrep_opening_announced,date_opening_stated,date_first_in_service,status_latest,status_latest_date,beds_latest,beds_latest_date,date_last_mentioned,n_sitreps,n_events,aliases,flags
hosp-bundji,Bundji,hospital_isolation,bundji,Beni,Nord-Kivu,2026-07-02,049,FALSE,,,,,2026-07-02,operating,2026-07-02,,,2026-07-02,1,1,Bundji,possible_host_variant;possible_same_site
hosp-bunia-ch-elikya,BUNIA CH ELIKYA,hospital_isolation,bunia,Bunia,Ituri,2026-05-20,006,FALSE,,,,,2026-05-20,operating,2026-05-20,6,2026-05-20,2026-05-20,2,2,BUNIA CH ELIKYA,""
hosp-bunia-clibnique-benedicte,BUNIA Clibnique Bénedicte,hospital_isolation,bunia,Bunia,Ituri,2026-05-20,006,FALSE,,,,,2026-05-20,operating,2026-05-20,0,2026-05-20,2026-05-20,2,2,BUNIA Clibnique Bénedicte,""
hosp-bunia-hgr,BUNIA HGR,hospital_isolation,bunia,Bunia,Ituri,2026-05-20,006,FALSE,,,,,2026-05-20,operating,2026-05-20,6,2026-05-20,2026-05-20,2,2,BUNIA HGR,possible_host_variant;possible_same_host;possible_word_order
hosp-bunia-rwaole,BUNIA RWAOLE,hospital_isolation,bunia,Bunia,Ituri,2026-05-20,006,FALSE,,,,,2026-05-20,operating,2026-05-20,12,2026-05-20,2026-05-20,2,2,BUNIA RWAOLE,""
hosp-bunia-sofepadi,BUNIA SOFEPADI,hospital_isolation,bunia,Bunia,Ituri,2026-05-20,006,FALSE,,,,,2026-05-20,operating,2026-05-20,4,2026-05-20,2026-05-20,2,2,BUNIA SOFEPADI,""
hosp-c-h-vukaka,C.H Vukaka,hospital_isolation,vukaka,Katwa,Nord-Kivu,2026-08-23,101,FALSE,,,,,2026-08-23,operating,2026-08-23,,,2026-08-23,1,1,C.H Vukaka,""
hosp-centre-hospitalier-pnc,centre hospitalier de la PNC,hospital_isolation,pnc,"","",2026-07-30,077,TRUE,,,,,2026-07-30,operating,2026-07-30,,,2026-07-30,1,1,centre hospitalier de la PNC,""
hosp-centre-hospitalier-tinge,centre hospitalier de Tinge,hospital_isolation,tinge,Kalunguta,Nord-Kivu,2026-09-11,120,FALSE,,,,,2026-09-11,operating,2026-09-11,,,2026-09-11,1,1,centre hospitalier de Tinge,""
hosp-centre-medical-evangelique-bunia,Centre Médical Évangélique de Bunia,hospital_isolation,bunia,Bunia,Ituri,2026-05-31,017,FALSE,,,,,2026-05-31,operating,2026-05-31,,,2026-05-31,1,1,Centre Médical Évangélique de Bunia,possible_host_variant
hosp-centre-medical-evangelique-rwampara,Centre médical Evangélique de Rwampara,hospital_isolation,rwampara,Rwampara,Ituri,2026-05-19,004,TRUE,,,,,2026-05-19,operating,2026-05-26,,,2026-05-26,9,9,Centre médical Evangélique de Rwampara,possible_host_variant
hosp-centre-sante-kyambogho,centre de santé de Kyambogho,hospital_isolation,kyambogho,Musienene,Nord-Kivu,2026-09-10,119,FALSE,,,,,2026-09-10,operating,2026-09-10,,,2026-09-10,1,1,centre de santé de Kyambogho,""
hosp-ch-cme,CH CME,hospital_isolation,"","","",2026-05-22,008,FALSE,,,,,2026-05-23,operating,2026-05-23,,,2026-05-23,2,2,CH CME,""
hosp-ch-elikya,CH Elikya,hospital_isolation,bunia,Bunia,Ituri,2026-05-24,010,FALSE,,,,,2026-05-24,operating,2026-05-24,,,2026-06-10,2,2,CH Elikya; CH ELIKYA,possible_host_variant
hosp-ch-felicite,CH Félicité,hospital_isolation,felicite,Butembo,Nord-Kivu,2026-06-16,033,FALSE,,,,,2026-06-16,operating,2026-06-16,,,2026-06-16,1,1,CH Félicité,""
hosp-ch-joie,CH La Joie,hospital_isolation,kanzulinzuli,Beni,Nord-Kivu,2026-08-03,081,FALSE,,,,,2026-08-03,operating,2026-08-03,,,2026-08-03,1,1,CH La Joie,""
hosp-ch-mutiri,CH MUTIRI,hospital_isolation,mutiri,Katwa,Nord-Kivu,2026-06-21,038,FALSE,,,,,2026-07-01,operating,2026-07-01,,,2026-07-01,3,3,CH Mutiri; CH MUTIRI,""
hosp-ch-providence,CH LA PROVIDENCE,hospital_isolation,bunia,Bunia,Ituri,2026-05-24,010,FALSE,,,,,2026-05-24,operating,2026-05-24,,,2026-05-24,1,1,CH LA PROVIDENCE,""
hosp-ch-sainte-rita,CH SAINTE RITA,hospital_isolation,sainte rita,"",Nord-Kivu,2026-07-05,052,FALSE,,,,,2026-07-05,operating,2026-07-05,,,2026-07-05,1,1,CH SAINTE RITA,""
hosp-ch-salama,CH SALAMA,hospital_isolation,salama,Rwampara,Ituri,2026-05-22,008,FALSE,,,,,2026-05-24,operating,2026-05-27,,,2026-05-27,3,3,CH Salama; CH SALAMA,""
hosp-ch-verite,CH La Vérité,hospital_isolation,verite,Butembo,Nord-Kivu,2026-06-11,028,FALSE,,,,,2026-06-14,operating,2026-06-16,,,2026-07-10,5,5,CH la VERITE; CH LA VERITE; CH La vérité; CH La Vérité,""
hosp-citadele,CITADELE,hospital_isolation,bunia,Bunia,Ituri,2026-05-24,010,FALSE,,,,,2026-05-24,operating,2026-05-24,,,2026-05-24,1,1,CITADELE,""
hosp-clinique-benedicte,Clinique Bénedicte,hospital_isolation,bunia,Bunia,Ituri,2026-05-24,010,FALSE,,,,,2026-05-24,operating,2026-05-24,,,2026-05-24,1,1,Clinique Bénedicte,""
hosp-clinique-citadelle,Clinique CITADELLE,hospital_isolation,bunia,Bunia,Ituri,2026-05-23,009,FALSE,,,,,2026-05-23,operating,2026-05-23,,,2026-05-23,1,1,Clinique CITADELLE,""
hosp-clinique-est,Clinique de l'Est,hospital_isolation,est,"",Haut-Uele,2026-08-03,081,FALSE,,,,,2026-08-03,operating,2026-08-03,,,2026-08-03,1,1,Clinique de l'Est,""
hosp-cliniques-universitaires-bukavu,Cliniques universitaires de Bukavu,hospital_isolation,bukavu,"",Sud-Kivu,2026-08-02,080,FALSE,,,,,2026-08-02,operating,2026-08-02,,,2026-08-02,1,1,Cliniques universitaires de Bukavu,""
hosp-cliniques-universitaires-uele,cliniques universitaires de l'Uélé,hospital_isolation,s universitaires uele,"","",2026-08-05,083,FALSE,,,,,2026-08-05,operating,2026-08-05,,,2026-08-05,1,1,cliniques universitaires de l'Uélé,""
hosp-cm-mathysen,CM MATHYSEN,hospital_isolation,bunia,Bunia,Ituri,2026-05-24,010,FALSE,,,,,2026-05-24,operating,2026-05-24,,,2026-05-24,1,1,CM MATHYSEN,""
hosp-cm-merites,CM LES MERITES,hospital_isolation,bunia,Bunia,Ituri,2026-05-24,010,FALSE,,,,,2026-05-24,operating,2026-05-24,,,2026-05-24,1,1,CM LES MERITES,""
hosp-cme-bunia,CME/BUNIA,hospital_isolation,bunia,Bunia,Ituri,2026-05-27,013,FALSE,2026-05-27,,,,2026-06-18,operating,2026-06-18,,,2026-06-18,3,3,CME de Bunia; CME/BUNIA,possible_host_variant;possible_same_site
hosp-cme-nyankunde,CME Nyankunde,hospital_isolation,nyankunde,Rwampara,Ituri,2026-05-19,004,TRUE,,,,,2026-05-19,operating,2026-06-07,,,2026-06-07,3,3,CME Nyankunde,possible_host_variant;possible_same_site
hosp-cme-zs-rwampara,CME/Zs Rwampara,hospital_isolation,rwampara,Rwampara,Ituri,2026-05-31,017,FALSE,,,,,2026-05-31,operating,2026-05-31,,,2026-05-31,1,1,CME/Zs Rwampara,""
hosp-cs-bundji,CS Bundji,hospital_isolation,bundji,Beni,Nord-Kivu,2026-07-11,058,FALSE,,,,,2026-07-11,operating,2026-07-11,,,2026-07-31,3,3,CS Bundji,possible_host_variant;possible_spelling_variant
hosp-cs-bunji,CS Bunji,hospital_isolation,bunji,"",Nord-Kivu,2026-06-27,044,TRUE,,,,,2026-06-27,operating,2026-06-27,,,2026-06-27,1,1,CS Bunji,possible_spelling_variant
hosp-cs-fedi,CS FEDI,hospital_isolation,fedi,Mangobo,Tshopo,2026-07-18,065,FALSE,,,,,2026-07-18,operating,2026-07-27,,,2026-09-13,4,4,CS Fedi; CS FEDI,""
hosp-cs-fedi-mangobo,CS FEDI de Mangobo,hospital_isolation,mangobo,Mangobo,Tshopo,2026-07-26,073,FALSE,,,,,2026-07-26,operating,2026-07-26,,,2026-07-26,1,1,CS FEDI de Mangobo,""
hosp-cs-hoho,CS Hoho,hospital_isolation,hoho,Rwampara,Ituri,2026-05-23,009,FALSE,,,,,2026-05-23,operating,2026-05-23,,,2026-06-30,3,3,CS hoho; CS Hoho,""
hosp-cs-kasindi,CS Kasindi,hospital_isolation,kasindi,Mutwanga,Nord-Kivu,2026-09-05,114,FALSE,,,,,2026-09-05,operating,2026-09-05,,,2026-09-05,1,1,CS Kasindi,""
hosp-cs-makerere,CS Makerere,hospital_isolation,makerere,"","",2026-06-19,036,FALSE,,,,,2026-06-19,operating,2026-06-19,,,2026-06-19,1,1,CS Makerere,""
hosp-csr-kyavonyonge,CSR Kyavonyonge,hospital_isolation,kyavonyonge,Kyondo,Nord-Kivu,2026-06-21,038,FALSE,,,,,2026-06-21,operating,2026-06-21,,,2026-06-21,1,1,CSR Kyavonyonge,""
hosp-cug-butembo,CUG de Butembo,hospital_isolation,butembo,Butembo,Nord-Kivu,2026-07-10,057,FALSE,,,,,2026-07-10,operating,2026-07-10,,,2026-07-10,1,1,CUG de Butembo,""
hosp-dispensaire-maman-regine,dispensaire Maman Régine,hospital_isolation,dispensaire maman regine,Lubunga,Tshopo,2026-08-03,081,FALSE,,,,,2026-08-03,operating,2026-08-03,,,2026-08-05,2,2,dispensaire Maman Régine,""
hosp-elikya,Elikya,hospital_isolation,elikya,Bunia,Ituri,2026-06-08,025,FALSE,,,,,2026-06-08,operating,2026-08-26,,,2026-08-26,2,2,Elikya,possible_host_variant;possible_same_site
hosp-fomulac,Fomulac,hospital_isolation,fomulac,Katana,Sud-Kivu,2026-07-12,059,FALSE,,,,,2026-07-12,operating,2026-07-12,,,2026-07-12,1,1,Fomulac,possible_same_host;possible_same_site
hosp-hckis,HCKis,hospital_isolation,kis,"",Tshopo,2026-07-18,065,FALSE,,,,,2026-07-18,operating,2026-07-18,,,2026-07-18,1,1,HCKis,possible_same_site
hosp-hgr-aru,HGR Aru,hospital_isolation,aru,Aru,Ituri,2026-05-24,010,FALSE,,,,,2026-05-24,operating,2026-05-31,,,2026-05-31,4,4,HGR Aru; HGR ARU,possible_same_site
hosp-hgr-bambu,HGR Bambu,hospital_isolation,bambu,Bambu,Ituri,2026-05-23,009,FALSE,,,,,2026-05-24,operating,2026-05-31,,,2026-06-20,6,6,HGR Bambu; HGR BAMBU,""
hosp-hgr-bunia,HGR Bunia,hospital_isolation,bunia,Bunia,Ituri,2026-05-19,004,TRUE,2026-05-20,2026-06-07,024,,2026-05-20,operating,2026-09-05,60,2026-07-04,2026-09-05,32,35,HGR Bunia; HGR BUNIA; HGR de Bunia; l’HGR de Bunia,possible_host_variant;possible_same_host;possible_same_site;possible_word_order
hosp-hgr-fomulac-katana,HGR FOMULAC Katana,hospital_isolation,katana,Katana,Sud-Kivu,2026-06-03,020,FALSE,,,,,2026-06-03,operating,2026-06-07,,,2026-06-07,2,2,HGR FOMULAC Katana; HGR FOMULAC KATANA,""
hosp-hgr-ganga,HGR de Ganga,hospital_isolation,ganga,Ganga,Bas-Uele,2026-08-24,102,FALSE,,,,,2026-08-24,operating,2026-09-13,,,2026-09-13,8,8,HGR de Ganga; HGR Ganga,""
hosp-hgr-katana,HGR Katana,hospital_isolation,katana,Katana,Sud-Kivu,2026-06-04,021,FALSE,,,,,2026-06-04,operating,2026-06-04,,,2026-06-08,3,3,HGR Katana; HGR KATANA,possible_host_variant;possible_same_host
hosp-hgr-kitatumba,HGR Kitatumba,hospital_isolation,kitatumba,Butembo,Nord-Kivu,2026-06-15,032,FALSE,,,,,2026-06-17,operating,2026-06-17,,,2026-07-24,4,4,HGR Kitatumba; HGR KITATUMBA,""
hosp-hgr-mabalako,HGR Mabalako,hospital_isolation,mabalako,Mabalako,Nord-Kivu,2026-07-08,055,FALSE,,,,,2026-07-08,operating,2026-07-08,,,2026-07-08,1,1,HGR Mabalako,""
hosp-hgr-mambasa,HGR Mambasa,hospital_isolation,mambasa,Mambasa,Ituri,2026-07-02,049,FALSE,,,,,2026-07-02,operating,2026-08-28,,,2026-08-28,2,2,HGR Mambasa,""
hosp-hgr-mongbwalu,HGR Mongbwalu,hospital_isolation,mongbwalu,Mongbwalu,Ituri,2026-05-14,001,FALSE,2026-05-14,,,,2026-05-14,under_construction,2026-06-30,12,2026-05-20,2026-06-30,15,17,HGR Mongbwalu; HGR MONGBWALU,possible_host_variant;possible_same_host;possible_same_site;possible_spelling_variant
hosp-hgr-mungbwalu,HGR MUNGBWALU,hospital_isolation,mungbwalu,Mongbwalu,Ituri,2026-05-26,012,FALSE,,,,,2026-05-27,operating,2026-05-28,40,2026-05-28,2026-05-28,3,3,HGR Mungbwalu; HGR MUNGBWALU,possible_spelling_variant
hosp-hgr-musienene,HGR MUSIENENE,hospital_isolation,musienene,Musienene,Nord-Kivu,2026-07-05,052,FALSE,,,,,2026-07-05,operating,2026-07-05,,,2026-07-05,1,1,HGR MUSIENENE,possible_same_site
hosp-hgr-nia-nia,HGR de Nia-Nia,hospital_isolation,nia nia,Nia-Nia,Ituri,2026-07-10,057,FALSE,,,,,2026-07-10,operating,2026-07-10,,,2026-07-10,1,1,HGR de Nia-Nia,possible_same_site
hosp-hgr-nyakunde,HGR NYAKUNDE,hospital_isolation,nyakunde,Nyakunde,Ituri,2026-05-26,012,FALSE,,,,,2026-05-27,operating,2026-05-28,,,2026-07-02,4,4,HGR Nyakunde; HGR NYAKUNDE,possible_spelling_variant
hosp-hgr-nyankunde,HGR Nyankunde,hospital_isolation,nyankunde,Nyankunde,Ituri,2026-05-20,006,FALSE,2026-06-13,,,,2026-05-20,operating,2026-08-30,11,2026-05-20,2026-08-30,9,9,HGR Nyankunde; HGR NYANKUNDE,possible_host_variant;possible_same_site;possible_spelling_variant
hosp-hgr-oicha,HGR Oicha,hospital_isolation,oicha,Oicha,Nord-Kivu,2026-07-08,055,FALSE,,,,,2026-07-08,operating,2026-07-08,,,2026-07-08,1,1,HGR Oicha,possible_same_site
hosp-hgr-pawa,HGR de Pawa,hospital_isolation,pawa,Pawa,Haut-Uele,2026-08-03,081,FALSE,,,,,2026-08-03,operating,2026-08-03,,,2026-08-03,1,1,HGR de Pawa,""
hosp-hgr-rwampara,HGR Rwampara,hospital_isolation,rwampara,Rwampara,Ituri,2026-05-24,010,FALSE,2026-05-24,2026-06-07,024,,2026-05-24,under_construction,2026-06-30,18,2026-05-28,2026-07-03,16,20,HGR Rwampara; HGR RWAMPARA; HGR zone de santé de Rwampara; l’HGR Rwampara,possible_host_variant;possible_same_host;possible_same_site;possible_word_order
hosp-hgr-tchomia,HGR de Tchomia,hospital_isolation,tchomia,Tchomia,Ituri,2026-08-13,091,FALSE,,,,,2026-08-13,operating,2026-08-13,,,2026-08-13,1,1,HGR de Tchomia,""
hosp-hgr-vuhovi,HGR de Vuhovi,hospital_isolation,vuhovi,Vuhovi,Nord-Kivu,2026-08-08,086,FALSE,2026-08-08,,,,,under_construction,2026-08-20,,,2026-08-21,11,11,HGR de Vuhovi; HGR Vuhovi,""
hosp-hgr-wamba,HGR de Wamba,hospital_isolation,wamba,Wamba,Haut-Uele,2026-08-18,096,FALSE,2026-08-18,,,,2026-08-18,under_construction,2026-08-19,,,2026-08-19,2,4,HGR de Wamba,""
hosp-hgr-zs-nyankunde,HGR de la ZS de Nyankunde,hospital_isolation,nyankunde,Nyankunde,Ituri,2026-06-07,024,FALSE,,,,,2026-06-07,operating,2026-06-07,,,2026-06-07,1,1,HGR de la ZS de Nyankunde,""
hosp-hopital-heal-africa,hopital Heal Africa,hospital_isolation,goma,Goma,Nord-Kivu,2026-06-04,021,FALSE,,,,,2026-06-04,operating,2026-06-04,,,2026-06-04,1,1,hopital Heal Africa,""
hosp-hopital-mambangu,Hôpital de Mambangu,hospital_isolation,mambangu,"","",2026-07-11,058,FALSE,,,,,2026-07-11,operating,2026-07-11,,,2026-07-11,1,1,Hôpital de Mambangu,""
hosp-hopital-matanda,Hôpital Matanda,hospital_isolation,matanda,Katwa,Nord-Kivu,2026-05-20,006,FALSE,,,,,2026-05-20,operating,2026-05-23,,,2026-05-23,5,5,Hôpital Matanda,possible_same_site
hosp-hopital-militaire-makiso-kisangani,hôpital militaire de Makiso-Kisangani,hospital_isolation,makiso kisangani,Makiso Kisangani,Tshopo,2026-08-12,090,FALSE,,,,,2026-08-12,operating,2026-08-12,,,2026-08-12,1,1,hôpital militaire de Makiso-Kisangani,""
hosp-hopital-mongbwalu,hôpital Mongbwalu,hospital_isolation,mongbwalu,Mongbwalu,Ituri,2026-05-14,001,FALSE,,,,,,mention_only,,,,2026-05-14,1,1,hôpital Mongbwalu,possible_host_variant;possible_same_host
hosp-katana,Katana,hospital_isolation,katana,Katana,Sud-Kivu,2026-08-02,080,FALSE,,,,,2026-08-02,operating,2026-08-02,,,2026-08-02,1,1,Katana,possible_host_variant;possible_same_host
hosp-lwiro,Lwiro,hospital_isolation,lwiro,Miti Murhesa,Sud-Kivu,2026-07-12,059,FALSE,,,,,2026-07-12,operating,2026-08-02,,,2026-08-02,2,2,Lwiro,possible_same_site
hosp-malepe,Malepe,hospital_isolation,malepe,Beni,Nord-Kivu,2026-07-02,049,FALSE,,,,,2026-07-02,operating,2026-07-02,,,2026-07-02,1,1,Malepe,""
hosp-ps-divine,PS Divine,hospital_isolation,divine,"","",2026-07-01,048,FALSE,,,,,2026-07-01,operating,2026-07-01,,,2026-07-01,1,1,PS Divine,""
hosp-rwakole,RWAKOLE,hospital_isolation,bunia,Bunia,Ituri,2026-05-24,010,FALSE,,,,,2026-05-24,operating,2026-05-24,,,2026-05-24,1,1,RWAKOLE,""
hosp-rwampara-ch-salama,RWAMPARA CH SALAMA,hospital_isolation,rwampara,Rwampara,Ituri,2026-05-20,006,FALSE,,,,,2026-05-20,operating,2026-05-20,10,2026-05-20,2026-05-20,2,2,RWAMPARA CH SALAMA,""
hosp-rwampara-cme,RWAMPARA CME,hospital_isolation,rwampara,Rwampara,Ituri,2026-05-20,006,FALSE,,,,,2026-05-20,operating,2026-05-20,100,2026-05-20,2026-05-20,2,2,RWAMPARA CME,possible_host_variant
hosp-rwampara-cs-hoho,RWAMPARA CS HOHO,hospital_isolation,rwampara,Rwampara,Ituri,2026-05-20,006,FALSE,,,,,2026-05-20,operating,2026-05-20,0,2026-05-20,2026-05-20,2,2,RWAMPARA CS HOHO,""
hosp-rwampara-hgr,RWAMPARA HGR,hospital_isolation,rwampara,Rwampara,Ituri,2026-05-20,006,FALSE,,,,,2026-05-20,operating,2026-05-20,16,2026-05-20,2026-05-20,2,2,RWAMPARA HGR,possible_host_variant;possible_same_host;possible_word_order
hosp-sofepadi,SOFEPADI,hospital_isolation,bunia,Bunia,Ituri,2026-05-23,009,FALSE,,,,,2026-05-23,operating,2026-05-24,,,2026-05-24,2,2,SOFEPADI,""
hosp-unibu,UNIBU,hospital_isolation,bunia,Bunia,Ituri,2026-05-24,010,FALSE,,,,,2026-05-24,operating,2026-05-24,,,2026-05-24,1,1,UNIBU,""
ci-cs-boikene,CS Boikene,isolation_centre,boikene,Beni,Nord-Kivu,2026-07-30,077,TRUE,,,,,,mention_only,,,,2026-07-31,2,2,CS Boikene,possible_same_site
ci-cs-lengabo,CS Lengabo,isolation_centre,lengabo,Rwampara,Ituri,2026-06-03,020,FALSE,2026-06-03,,,,,under_construction,2026-06-03,,,2026-07-01,2,2,CS Lengabo,""
ci-cs-makabo,CS Makabo,isolation_centre,makabo,Rwampara,Ituri,2026-06-03,020,FALSE,2026-06-03,,,,,under_construction,2026-06-03,,,2026-06-03,1,1,CS Makabo,""
ci-cs-shari,CS Shari,isolation_centre,shari,Rwampara,Ituri,2026-05-19,005,FALSE,2026-06-03,,,,,under_construction,2026-06-03,,,2026-06-03,2,2,CS Shari; CS SHARI,""
ci-hgr-bunia,bâtiment d'isolement de l’HGR-Bunia,isolation_centre,bunia,Bunia,Ituri,2026-05-21,007,FALSE,,,,,,mention_only,,,,2026-05-21,1,1,bâtiment d'isolement de l’HGR-Bunia,possible_same_site
ci-hgr-isiro,centre d’isolement de l’HGR d’Isiro,isolation_centre,isiro,Isiro,Haut-Uele,2026-08-12,090,FALSE,,,,,,mention_only,,,,2026-08-12,1,1,centre d’isolement de l’HGR d’Isiro,possible_same_site
ci-hgr-musienene,centre d'isolement à l'HGR de Musienene,isolation_centre,musienene,Musienene,Nord-Kivu,2026-08-03,081,FALSE,2026-08-03,,,,,under_construction,2026-08-03,,,2026-08-03,1,1,centre d'isolement à l'HGR de Musienene,possible_same_site
ci-isolement-hgr-vuhovi,isolement de l'HGR Vuhovi,isolation_centre,vuhovi,Vuhovi,Nord-Kivu,2026-08-07,085,FALSE,2026-08-07,,,,,under_construction,2026-08-07,,,2026-08-07,1,1,isolement de l'HGR Vuhovi,""
ci-isolement-madula,isolement de Madula,isolation_centre,madula,Wanierukula,Tshopo,2026-08-15,093,FALSE,2026-09-01,,,,,under_construction,2026-09-12,,,2026-09-12,4,4,isolement de Madula; isolements de Madula,""
ci-isolement-musienene,isolement de Musienene,isolation_centre,musienene,Musienene,Nord-Kivu,2026-08-17,095,FALSE,,,,,2026-08-17,strained,2026-08-17,,,2026-08-17,1,1,isolement de Musienene,""
ci-isolement-zs-katana,isolement de la ZS de Katana,isolation_centre,katana,Katana,Sud-Kivu,2026-08-13,091,FALSE,,,,,2026-08-13,operating,2026-08-13,,,2026-08-13,1,1,isolement de la ZS de Katana,""
ci-isolement-zs-katana-fomulac,isolement de la ZS de Katana (FOMULAC),isolation_centre,katana,Katana,Sud-Kivu,2026-08-14,092,FALSE,,,,,2026-08-14,operating,2026-08-15,,,2026-08-15,2,2,isolement de la ZS de Katana (FOMULAC),""
ci-isolements-hgr-beni,isolements de l'HGR de Beni,isolation_centre,beni,Beni,Nord-Kivu,2026-07-30,077,TRUE,,,,,,mention_only,,,,2026-07-31,2,2,isolements de l'HGR de Beni,""
ci-isolements-konga-konga,isolements (KONGA KONGA),isolation_centre,konga konga,Makiso Kisangani,Tshopo,2026-08-27,105,FALSE,2026-08-27,,,,,under_construction,2026-08-27,,,2026-08-27,1,1,isolements (KONGA KONGA),""
ci-kabondo,Kabondo,isolation_centre,kabondo,Kabondo,Tshopo,2026-08-12,090,FALSE,2026-08-12,,,,,under_construction,2026-09-04,,,2026-09-04,9,9,chantier d’isolement de Kabondo; Kabondo; unités d’isolement de Kabondo,""
ci-konga-konga,Konga-Konga,isolation_centre,konga konga,Makiso Kisangani,Tshopo,2026-08-29,107,FALSE,2026-08-29,,,,,under_construction,2026-09-04,,,2026-09-04,3,3,Konga-Konga; sites d’isolement de Kongakonga,""
ci-madula,unités d’isolement de Madula,isolation_centre,madula,Wanierukula,Tshopo,2026-08-12,090,FALSE,2026-08-12,,,,,under_construction,2026-09-04,,,2026-09-04,12,12,chantier d’isolement de Madula; Madula; site d’isolement de Madula; sites d’isolement de Madula; unités d’isolement de Madula,""
ci-rwampara,bloc d'isolement de Rwampara,isolation_centre,rwampara,Rwampara,Ituri,2026-05-21,007,FALSE,,,,,2026-05-27,strained,2026-05-30,,,2026-05-30,5,5,bloc d'isolement de Rwampara; salle d'isolement à l'HGR/Rwampara,possible_same_site
ci-sites-lita,sites de Lita,isolation_centre,lita,Lita,Ituri,2026-09-04,113,FALSE,,,,,2026-09-04,strained,2026-09-04,,,2026-09-04,1,1,sites de Lita,""
ci-sites-logo,sites de Logo,isolation_centre,logo,Logo,Ituri,2026-09-04,113,FALSE,,,,,2026-09-04,strained,2026-09-04,,,2026-09-04,1,1,sites de Logo,""
ci-sites-mambasa,sites de Mambasa,isolation_centre,mambasa,Mambasa,Ituri,2026-09-04,113,FALSE,,,,,2026-09-04,strained,2026-09-04,,,2026-09-04,1,1,sites de Mambasa,""
ci-sites-nizi,sites de Nizi,isolation_centre,nizi,Nizi,Ituri,2026-09-04,113,FALSE,,,,,2026-09-04,strained,2026-09-04,,,2026-09-04,1,1,sites de Nizi,""
ci-transitoire-wamba,centre d’isolement transitoire de Wamba,isolation_centre,wamba,Wamba,Haut-Uele,2026-08-12,090,FALSE,,,,,2026-08-12,strained,2026-08-14,,,2026-08-14,3,3,centre d’isolement transitoire de Wamba,""
site-abelkozo,Abelkozo,other,abelkozo,"","",2026-06-08,025,FALSE,,,,,,mention_only,,,,2026-06-08,1,1,Abelkozo,possible_host_variant
site-aero,Aéro,other,bunia,Bunia,Ituri,2026-08-04,082,FALSE,,,,,,mention_only,,,,2026-08-04,1,1,Aéro,possible_host_variant
site-as-birinyama,AS Birinyama,other,birinyama,Nyankunde,Ituri,2026-06-01,018,FALSE,,,,,,mention_only,,,,2026-06-01,1,1,AS Birinyama,""
site-bcz-bunia,Bcz/Bunia,other,bunia,Bunia,Ituri,2026-05-25,011,FALSE,,,,,,mention_only,,,,2026-05-25,1,1,Bcz/Bunia,""
site-bethsaida,Bethsaïda,other,bethsaida,Beni,Nord-Kivu,2026-09-05,114,FALSE,,,,,,mention_only,,,,2026-09-05,1,1,Bethsaïda,""
site-bundji,BUNDJI,other,beni,Beni,Nord-Kivu,2026-07-07,054,FALSE,,,,,,mention_only,,,,2026-07-07,1,1,BUNDJI,possible_same_site
site-bunia-cite,Bunia-Cite,other,bunia,Bunia,Ituri,2026-05-22,008,FALSE,,,,,,mention_only,,,,2026-05-22,1,1,Bunia-Cite,possible_host_variant
site-c-m-banalisasa,C.M Banalisasa,other,c m banalisasa,"",Nord-Kivu,2026-09-09,118,FALSE,,,,,,mention_only,,,,2026-09-09,1,1,C.M Banalisasa,""
site-c-m-emmanuel,C.M Emmanuel,other,c m emmanuel,"",Nord-Kivu,2026-09-09,118,FALSE,,,,,,mention_only,,,,2026-09-09,1,1,C.M Emmanuel,""
site-c-m-furaha,C.M Furaha,other,c m furaha,"",Nord-Kivu,2026-09-09,118,FALSE,,,,,,mention_only,,,,2026-09-09,1,1,C.M Furaha,""
site-carl-becker,Carl Becker,other,beni,Beni,Nord-Kivu,2026-06-13,030,TRUE,,,,,,mention_only,,,,2026-06-13,1,1,Carl Becker,""
site-cecca-20,CECCA-20,other,cecca 20,"","",2026-06-08,025,FALSE,,,,,,mention_only,,,,2026-06-08,1,1,CECCA-20,""
site-cem-nyankunde,CEM Nyankunde,other,nyankunde,Bunia,Ituri,2026-05-19,004,TRUE,,,,,,mention_only,,,,2026-05-19,1,1,CEM Nyankunde,possible_spelling_variant
site-central-soleniama,Central soleniama,other,central soleniama,"","",2026-06-18,035,FALSE,,,,,,mention_only,,,,2026-06-18,1,1,Central soleniama,""
site-centre-hospitalier-bugarula,Centre hospitalier Bugarula,other,bugarula,Idjwi,Sud-Kivu,2026-06-18,035,FALSE,,,,,,mention_only,,,,2026-06-18,1,1,Centre hospitalier Bugarula,""
site-centre-hospitalier-famille,Centre hospitalier La Famille,other,6 transversale,Kabondo,Tshopo,2026-08-20,098,FALSE,,,,,,mention_only,,,,2026-08-20,1,1,Centre hospitalier La Famille,possible_host_variant
site-centre-hospitalier-kavale,Centre Hospitalier Kavale,other,kavale,Musienene,"",2026-07-10,057,FALSE,,,,,,mention_only,,,,2026-07-10,1,1,Centre Hospitalier Kavale,""
site-centre-hospitalier-sainte-rita,Centre Hospitalier Sainte Rita,other,sainte rita,Musienene,"",2026-07-10,057,FALSE,,,,,,mention_only,,,,2026-07-10,1,1,Centre Hospitalier Sainte Rita,""
site-centre-hospitalier-tokobika,centre hospitalier TOKOBIKA,other,tokobika,"","",2026-06-20,037,FALSE,,,,,,mention_only,,,,2026-06-20,1,1,centre hospitalier TOKOBIKA,""
site-centre-hospitalier-unibu,Centre Hospitalier UNIBU,other,lumumba,Bunia,"",2026-05-24,010,FALSE,,,,,,mention_only,,,,2026-05-24,1,1,Centre Hospitalier UNIBU,possible_host_variant
site-centre-medical-dalson,centre médical Dalson,other,dalson,"",Nord-Kivu,2026-08-03,081,FALSE,,,,,,mention_only,,,,2026-08-03,1,1,centre médical Dalson,""
site-centre-medical-evangelique-nyakunde-cme-bunia,Centre Médical Evangélique Nyakunde (CME) de Bunia,other,bunia,Bunia,Ituri,2026-05-26,012,FALSE,,,,,2026-05-26,incident,2026-05-26,,,2026-05-26,1,1,Centre Médical Evangélique Nyakunde (CME) de Bunia,possible_host_variant
site-centre-medical-joie,centre médical La Joie,other,beni,Beni,Nord-Kivu,2026-08-01,079,FALSE,,,,,2026-08-01,incident,2026-08-01,,,2026-08-01,1,1,centre médical La Joie,possible_host_variant
site-centre-medical-prive-sodeseka,Centre médical privé Sodeseka,other,prive sodeseka,Katana,Sud-Kivu,2026-06-04,021,FALSE,,,,,,mention_only,,,,2026-06-04,1,1,Centre médical privé Sodeseka,""
site-centre-medical-tradimoderne,Centre médical Tradimoderne,other,tradimoderne,"",Tshopo,2026-08-21,099,FALSE,,,,,,mention_only,,,,2026-08-21,1,1,Centre médical Tradimoderne,""
site-centre-sante-naissance-desirable,centre de santé Naissance Désirable,other,butsili,Beni,Nord-Kivu,2026-08-09,087,FALSE,,,,,2026-08-09,incident,2026-08-09,,,2026-08-09,1,1,centre de santé Naissance Désirable,""
site-centre-tradi-yahwe-rapha,Centre Tradi Yahwe RAPHA,other,katwa,Katwa,Nord-Kivu,2026-06-17,034,FALSE,,,,,,mention_only,,,,2026-06-17,1,1,Centre Tradi Yahwe RAPHA,""
site-centres-sante-butsili,centres de santé de Butsili,other,butsili,Beni,Nord-Kivu,2026-06-05,022,FALSE,,,,,,mention_only,,,,2026-06-05,1,1,centres de santé de Butsili,""
site-centres-sante-ngongolio,centres de santé de Ngongolio,other,ngongolio,Beni,Nord-Kivu,2026-06-05,022,FALSE,,,,,,mention_only,,,,2026-06-05,1,1,centres de santé de Ngongolio,""
site-ch-afia-bora,CH AFIA BORA,other,afia bora,Butembo,Nord-Kivu,2026-07-24,071,FALSE,,,,,,mention_only,,,,2026-07-24,1,1,CH AFIA BORA,""
site-ch-amani,CH Amani,other,amani,"",Ituri,2026-07-18,065,FALSE,,,,,,mention_only,,,,2026-07-18,1,1,CH Amani,possible_host_variant;possible_spelling_variant
site-ch-antabuse,CH Antabuse,other,antabuse,Katwa,Nord-Kivu,2026-06-14,031,FALSE,,,,,,mention_only,,,,2026-06-14,1,1,CH Antabuse,""
site-ch-aru,CH Aru,other,aru,Aru,Ituri,2026-05-30,016,FALSE,,,,,,mention_only,,,,2026-05-30,1,1,CH Aru,possible_host_variant
site-ch-beni,CH beni,other,beni,Beni,Nord-Kivu,2026-06-13,030,TRUE,,,,,,mention_only,,,,2026-06-13,1,1,CH beni,possible_host_variant;possible_spelling_variant
site-ch-bunia-cite,CH Bunia cité,other,bunia,Bunia,Ituri,2026-05-23,009,FALSE,,,,,,mention_only,,,,2026-05-23,1,1,CH Bunia cité,possible_host_variant;possible_spelling_variant
site-ch-carle-becker,CH CARLE BECKER,other,beni,Beni,Nord-Kivu,2026-07-07,054,FALSE,,,,,,mention_only,,,,2026-07-07,1,1,CH CARLE BECKER,""
site-ch-cbca,CH CBCA,other,cbca,Beni,Nord-Kivu,2026-06-18,035,FALSE,,,,,,mention_only,,,,2026-06-18,1,1,CH CBCA,""
site-ch-cebece,CH CEBECE,other,kasanga,"",Nord-Kivu,2026-09-06,115,FALSE,,,,,,mention_only,,,,2026-09-06,1,1,CH CEBECE,""
site-ch-don-divin,CH Don Divin,other,don divin,Katwa,Nord-Kivu,2026-06-16,033,FALSE,,,,,,mention_only,,,,2026-08-29,5,5,CH Don Divin; CH DON DIVIN,""
site-ch-eera,CH EERA,other,eera,Katwa,Nord-Kivu,2026-06-21,038,FALSE,,,,,,mention_only,,,,2026-06-21,1,1,CH EERA,""
site-ch-emmanuel-alzon,CH Emmanuel d’Alzon,other,emmanuel alzon,Butembo,Nord-Kivu,2026-06-14,031,FALSE,,,,,,mention_only,,,,2026-06-14,1,1,CH Emmanuel d’Alzon,""
site-ch-fepsi,CH Fepsi,other,fepsi,Butembo,Nord-Kivu,2026-06-11,028,FALSE,,,,,,mention_only,,,,2026-06-13,2,2,CH Fepsi; CH FEPSI,""
site-ch-gracia,CH Gracia,other,beni,Beni,Nord-Kivu,2026-06-22,039,FALSE,,,,,,mention_only,,,,2026-06-22,1,1,CH Gracia,possible_host_variant;possible_spelling_variant
site-ch-jerusalem,CH JERUSALEM,other,jerusalem,Katwa,Nord-Kivu,2026-06-21,038,FALSE,,,,,,mention_only,,,,2026-06-23,3,3,CH JERUSALEM; CH Jérusalem,""
site-ch-kachucha,CH Kachucha,other,kachucha,Miti Muhesa,Sud-Kivu,2026-06-04,021,FALSE,,,,,,mention_only,,,,2026-06-04,1,1,CH Kachucha,""
site-ch-kavumu,CH Kavumu,other,kavumu,Miti Muhesa,Sud-Kivu,2026-06-04,021,FALSE,,,,,,mention_only,,,,2026-06-04,1,1,CH Kavumu,possible_host_variant;possible_spelling_variant
site-ch-koso,CH Koso,other,koso,"",Tshopo,2026-07-17,064,TRUE,,,,,,mention_only,,,,2026-07-17,1,1,CH Koso,""
site-ch-kyaghala,CH KYAGHALA,other,kyaghala,"","",2026-06-11,028,FALSE,,,,,,mention_only,,,,2026-06-11,1,1,CH KYAGHALA,possible_host_variant;possible_spelling_variant
site-ch-lwiro,CH Lwiro,other,lwiro,Miti- Murhesa,Sud-Kivu,2026-06-05,022,FALSE,,,,,,mention_only,,,,2026-06-05,1,1,CH Lwiro,""
site-ch-lwiro-centre,CH Lwiro Centre,other,lwiro,Miti-Murhesa,Sud-Kivu,2026-06-06,023,FALSE,,,,,,mention_only,,,,2026-06-06,1,1,CH Lwiro Centre,""
site-ch-maghombi,CH Maghombi,other,oicha,Oicha,Nord-Kivu,2026-08-21,099,FALSE,,,,,,mention_only,,,,2026-08-21,1,1,CH Maghombi,""
site-ch-malende,CH MALENDE,other,butembo,Butembo,Nord-Kivu,2026-07-23,070,FALSE,,,,,,mention_only,,,,2026-07-23,1,1,CH MALENDE,""
site-ch-mattysen,CH MATTYSEN,other,mattysen,"","",2026-06-10,027,FALSE,,,,,,mention_only,,,,2026-06-10,1,1,CH MATTYSEN,""
site-ch-mayogo,CH Mayogo,other,isiro,Isiro,Haut-Uele,2026-08-15,093,FALSE,,,,,,mention_only,,,,2026-09-08,2,2,CH Mayogo,""
site-ch-mshimbakye,CH Mshimbakye,other,mshimbakye,Fizi,"",2026-06-23,040,FALSE,,,,,,mention_only,,,,2026-06-23,1,1,CH Mshimbakye,""
site-ch-mudzi,CH Mudzi,other,mudzi,Bunia,Ituri,2026-06-07,024,FALSE,,,,,,mention_only,,,,2026-06-07,1,1,CH Mudzi,""
site-ch-mudzi-maria,CH Mudzi Maria,other,mudzi maria,Bunia,"",2026-06-19,036,FALSE,,,,,,mention_only,,,,2026-06-19,1,1,CH Mudzi Maria,possible_host_variant;possible_spelling_variant
site-ch-mukuna,CH Mukuna,other,mukuna,Katwa,"",2026-06-23,040,FALSE,,,,,,mention_only,,,,2026-06-23,1,1,CH Mukuna,possible_host_variant;possible_spelling_variant
site-ch-muzimaria,CH Muzimaria,other,muzimaria,"","",2026-06-18,035,FALSE,,,,,,mention_only,,,,2026-06-18,1,1,CH Muzimaria,""
site-ch-nyakaingwa,CH Nyakaingwa,other,nyakaingwa,Idjwi,"",2026-06-23,040,FALSE,,,,,,mention_only,,,,2026-06-23,1,1,CH Nyakaingwa,""
site-ch-paida,CH Paida,other,paida,Beni,Nord-Kivu,2026-09-07,116,FALSE,,,,,,mention_only,,,,2026-09-07,1,1,CH Paida,""
site-ch-peregrin,CH Peregrin,other,peregrin,Katwa,Nord-Kivu,2026-08-26,104,FALSE,,,,,,mention_only,,,,2026-08-29,4,4,CH Peregrin,""
site-ch-pimpester,CH Pimpester,other,pimpester,"",Haut-Uele,2026-08-17,095,FALSE,,,,,2026-08-17,incident,2026-08-17,,,2026-08-17,1,1,CH Pimpester,""
site-ch-renaissance,CH La Renaissance,other,musienene,Musienene,Nord-Kivu,2026-08-04,082,FALSE,,,,,,mention_only,,,,2026-08-04,1,1,CH La Renaissance,""
site-ch-roi-salomon,CH Roi Salomon,other,katwa,Katwa,Nord-Kivu,2026-08-04,082,FALSE,,,,,,mention_only,,,,2026-08-04,1,1,CH Roi Salomon,""
site-ch-ruwenzori,CH Ruwenzori,other,beni,Beni,Nord-Kivu,2026-06-22,039,FALSE,,,,,,mention_only,,,,2026-06-22,1,1,CH Ruwenzori,possible_host_variant;possible_spelling_variant
site-ch-rwankole,CH Rwankole,other,rwankole,Bunia,Ituri,2026-05-24,010,FALSE,,,,,,mention_only,,,,2026-06-11,4,4,CH Rwankole,possible_host_variant;possible_spelling_variant
site-ch-saint-joseph,CH Saint Joseph,other,rughenda,Katwa,Nord-Kivu,2026-06-06,023,FALSE,,,,,,mention_only,,,,2026-06-15,2,2,CH Saint Joseph,""
site-ch-shalom,CH Shalom,other,shalom,"",Ituri,2026-07-18,065,FALSE,,,,,,mention_only,,,,2026-07-18,1,1,CH Shalom,""
site-ch-shangilieni,CH SHANGILIENI,other,shangilieni,"","",2026-06-11,028,FALSE,,,,,,mention_only,,,,2026-06-11,1,1,CH SHANGILIENI,""
site-ch-shukrani,CH Shukrani,other,shukrani,Kabondo,Tshopo,2026-09-08,117,FALSE,,,,,,mention_only,,,,2026-09-08,1,1,CH Shukrani,possible_host_variant;possible_spelling_variant
site-ch-sifa,CH Sifa,other,beni,Beni,Nord-Kivu,2026-06-13,030,TRUE,,,,,,mention_only,,,,2026-06-13,1,1,CH Sifa,""
site-ch-sofepadi,CH SOFEPADI,other,bunia,Bunia,Ituri,2026-06-01,018,FALSE,,,,,,mention_only,,,,2026-06-01,1,1,CH SOFEPADI,possible_host_variant
site-ch-st-charles,CH St Charles,other,beni,Beni,Nord-Kivu,2026-06-17,034,FALSE,,,,,,mention_only,,,,2026-06-17,1,1,CH St Charles,""
site-ch-st-joseph,CH st Joseph,other,st joseph,Katwa,Nord-Kivu,2026-06-14,031,FALSE,,,,,,mention_only,,,,2026-06-14,1,1,CH st Joseph,""
site-ch-unibu,CH UNIBU,other,unibu,Bunia,Ituri,2026-05-23,009,FALSE,,,,,,mention_only,,,,2026-06-30,6,6,CH Unibu; CH UNIBU; CH-UNIBU,possible_host_variant
site-ch-unite,CH de l’Unité,other,mihake,Masereka,Nord-Kivu,2026-08-21,099,FALSE,,,,,,mention_only,,,,2026-08-21,1,1,CH de l’Unité,""
site-ch-wanamahika,CH Wanamahika,other,wanamahika,Katwa,Nord-Kivu,2026-06-16,033,FALSE,,,,,,mention_only,,,,2026-06-16,1,1,CH Wanamahika,""
site-chahoboka,Chahoboka,other,chahoboka,Miti Murhesa,Sud-Kivu,2026-06-10,027,FALSE,,,,,,mention_only,,,,2026-06-10,1,1,Chahoboka,possible_spelling_variant
site-chaoboka,Chaoboka,other,chaoboka,Miti-Murhesa,Sud-Kivu,2026-06-06,023,FALSE,,,,,,mention_only,,,,2026-06-06,1,1,Chaoboka,possible_spelling_variant
site-che-beni,CHE Beni,other,beni,Beni,Nord-Kivu,2026-06-14,031,FALSE,,,,,,mention_only,,,,2026-06-14,1,1,CHE Beni,possible_spelling_variant
site-chp-heshima-letu,CHP Heshima Letu,other,chp heshima letu,Beni,Nord-Kivu,2026-06-18,035,FALSE,,,,,,mention_only,,,,2026-06-18,1,1,CHP Heshima Letu,""
site-chr-maboya,CHR Maboya,other,maboya,Kalunguta,Nord-Kivu,2026-08-23,101,FALSE,,,,,,mention_only,,,,2026-08-23,1,1,CHR Maboya,""
site-chu-cinquantenaire,CHU cinquantenaire,other,kinshasa,"","",2026-06-11,028,FALSE,,,,,,mention_only,,,,2026-06-11,1,1,CHU cinquantenaire,""
site-citadelle,CITADELLE,other,citadelle,"","",2026-05-24,010,FALSE,,,,,,mention_only,,,,2026-05-24,1,1,CITADELLE,""
site-cl-abedi-djaka,Cl Abedi Djaka,other,cl abedi djaka,"",Ituri,2026-07-18,065,FALSE,,,,,,mention_only,,,,2026-07-18,1,1,Cl Abedi Djaka,""
site-clin-bon-berger,Clin. Bon Berger,other,bon berger,"","",2026-07-01,048,FALSE,,,,,,mention_only,,,,2026-07-01,1,1,Clin. Bon Berger,""
site-clin-espoir,Clin Espoir,other,clin espoir,"",Ituri,2026-07-03,050,FALSE,,,,,,mention_only,,,,2026-07-03,1,1,Clin Espoir,""
site-clinique-art,Clinique ART,other,art,"",Tshopo,2026-08-16,094,FALSE,,,,,,mention_only,,,,2026-08-16,1,1,Clinique ART,""
site-clinique-dieu-gueri,clinique Dieu Guéri,other,dieu gueri,Rwampara,Ituri,2026-05-19,004,TRUE,,,,,,mention_only,,,,2026-05-19,1,1,clinique Dieu Guéri,""
site-clinique-gloria,Clinique Gloria,other,gloria,"","",2026-07-11,058,FALSE,,,,,,mention_only,,,,2026-07-11,1,1,Clinique Gloria,possible_host_variant
site-clinique-grace-divine,Clinique la GRACE DIVINE,other,grace divine,Rwampara,Ituri,2026-05-19,005,FALSE,,,,,,mention_only,,,,2026-05-19,1,1,Clinique la GRACE DIVINE,""
site-clinique-gueris-mve-17,clinique des Guéris de la MVE-17,other,gueris mve 17,"","",2026-07-13,060,FALSE,2026-07-13,,,,,planned,2026-07-13,,,2026-07-13,1,1,clinique des Guéris de la MVE-17,""
site-clinique-karibuni,Clinique KARIBUNI,other,karibuni,"","",2026-05-24,010,FALSE,,,,,,mention_only,,,,2026-05-24,1,1,Clinique KARIBUNI,possible_host_variant
site-clinique-libiki-isiro,clinique Libiki d’Isiro,other,isiro,Isiro,Haut-Uele,2026-08-12,090,FALSE,,,,,,mention_only,,,,2026-08-12,1,1,clinique Libiki d’Isiro,""
site-clinique-mama-kayenga,clinique Mama Kayenga,other,wamba,Wamba,Haut-Uele,2026-08-15,093,FALSE,,,,,,mention_only,,,,2026-08-15,1,1,clinique Mama Kayenga,""
site-clinique-marie-claire,Clinique Marie Claire,other,bunia,Bunia,Ituri,2026-05-31,017,FALSE,,,,,,mention_only,,,,2026-05-31,1,1,Clinique Marie Claire,""
site-clinique-merites,Clinique les Mérites,other,bunia,Bunia,Ituri,2026-05-23,009,FALSE,,,,,,mention_only,,,,2026-05-23,1,1,Clinique les Mérites,possible_host_variant
site-clinique-pinpester,clinique Pinpester,other,isiro,Isiro,Haut-Uele,2026-08-12,090,FALSE,,,,,,mention_only,,,,2026-08-12,1,1,clinique Pinpester,""
site-clinique-reconnaissance,Clinique la RECONNAISSANCE,other,reconnaissance,"","",2026-05-24,010,FALSE,,,,,,mention_only,,,,2026-05-24,1,1,Clinique la RECONNAISSANCE,""
site-clinique-saint-vincent,clinique Saint-Vincent,other,saint vincent,"",Nord-Kivu,2026-08-03,081,FALSE,,,,,,mention_only,,,,2026-08-03,1,1,clinique Saint-Vincent,""
site-clinique-salama,Clinique Salama,other,salama,"",Ituri,2026-07-01,048,FALSE,,,,,,mention_only,,,,2026-07-02,2,2,Clinique Salama,possible_host_variant
site-clinique-sofepadi,Clinique SOFEPADI,other,bunia,Bunia,Ituri,2026-05-30,016,FALSE,,,,,,mention_only,,,,2026-05-30,1,1,Clinique SOFEPADI,possible_host_variant
site-clinique-tumaini,Clinique Tumaini,other,tumaini,Rwampara,Ituri,2026-05-19,004,TRUE,,,,,,mention_only,,,,2026-05-19,1,1,Clinique Tumaini,""
site-clinique-unibu,clinique Unibu,other,bunia,Bunia,Ituri,2026-05-23,009,FALSE,,,,,,mention_only,,,,2026-05-23,1,1,clinique Unibu,possible_host_variant
site-clinique-universelle,Clinique Universelle,other,universelle,Bunia,Ituri,2026-05-22,008,FALSE,,,,,,mention_only,,,,2026-05-22,1,1,Clinique Universelle,""
site-clinique-universitaire,clinique universitaire,other,isiro,Isiro,Haut-Uele,2026-07-14,061,FALSE,,,,,,mention_only,,,,2026-08-14,2,2,clinique universitaire; Clinique universitaire,""
site-clinique-universitaire-isiro,Clinique universitaire d’Isiro,other,isiro,Isiro,Haut-Uele,2026-08-11,089,FALSE,,,,,,mention_only,,,,2026-08-11,1,1,Clinique universitaire d’Isiro,possible_host_variant
site-clinique-vie-hommes,Clinique La vie des Hommes,other,vie hommes,"",Nord-Kivu,2026-06-06,023,FALSE,,,,,,mention_only,,,,2026-06-06,1,1,Clinique La vie des Hommes,""
site-clinique-william,Clinique William,other,william,Mangobo,Tshopo,2026-08-15,093,FALSE,,,,,,mention_only,,,,2026-08-19,3,3,Clinique William,possible_spelling_variant
site-clinique-williams,Clinique Williams,other,williams,"",Tshopo,2026-09-09,118,FALSE,,,,,,mention_only,,,,2026-09-09,1,1,Clinique Williams,possible_spelling_variant
site-cliniques-monusco,cliniques de la MONUSCO,other,goma,Goma,Nord-Kivu,2026-06-16,033,FALSE,,,,,,mention_only,,,,2026-06-16,1,1,cliniques de la MONUSCO,""
site-cliniques-universitaires,Cliniques universitaires,other,s universitaires,Isiro,Haut-Uele,2026-05-31,017,FALSE,,,,,2026-05-31,incident,2026-05-31,,,2026-08-12,5,5,Cliniques universitaires; Cliniques Universitaires,""
site-cliniques-universitaires-horizon,cliniques universitaires Horizon,other,horizon,Goma,Nord-Kivu,2026-06-06,023,FALSE,,,,,,mention_only,,,,2026-06-07,2,2,cliniques universitaires Horizon,""
site-clique-marie-claire,Clique Marie Claire,other,babenda,"","",2026-06-11,028,FALSE,,,,,,mention_only,,,,2026-06-11,1,1,Clique Marie Claire,""
site-cm-amani,CM Amani,other,amani,"",Ituri,2026-07-03,050,FALSE,,,,,,mention_only,,,,2026-07-03,1,1,CM Amani,possible_host_variant;possible_spelling_variant
site-cm-anuarite,CM Anuarite,other,bunia,Bunia,Ituri,2026-06-10,027,FALSE,,,,,,mention_only,,,,2026-06-10,1,1,CM Anuarite,""
site-cm-ave-maria,CM Ave maria,other,ave maria,"","",2026-07-01,048,FALSE,,,,,,mention_only,,,,2026-07-01,1,1,CM Ave maria,""
site-cm-bethel,CM bethel,other,bethel,"",Ituri,2026-07-01,048,FALSE,,,,,,mention_only,,,,2026-07-03,2,2,CM bethel; CM Bethel,""
site-cm-chirurgical-croix-verte,CM Chirurgical Croix Verte,other,chirurgical croix verte,"",Ituri,2026-06-05,022,FALSE,,,,,,mention_only,,,,2026-06-05,1,1,CM Chirurgical Croix Verte,""
site-cm-divine,CM Divine,other,divine,Rwampara,"",2026-05-30,016,FALSE,,,,,,mention_only,,,,2026-05-30,1,1,CM Divine,""
site-cm-divinite,CM la Divinité,other,divinite,"",Ituri,2026-06-04,021,FALSE,,,,,,mention_only,,,,2026-06-04,1,1,CM la Divinité,""
site-cm-gazelle,CM La Gazelle,other,beni,Beni,Nord-Kivu,2026-06-13,030,TRUE,,,,,,mention_only,,,,2026-06-13,1,1,CM La Gazelle,""
site-cm-gloria,CM GLORIA,other,gloria,Rwampara,Ituri,2026-05-19,005,FALSE,,,,,,mention_only,,,,2026-05-19,1,1,CM GLORIA,possible_host_variant
site-cm-grace,CM La Grâce,other,grace,Kayna,Nord-Kivu,2026-06-03,020,FALSE,,,,,,mention_only,,,,2026-06-03,1,1,CM La Grâce,""
site-cm-gracia,CM Gracia,other,beni,Beni,Nord-Kivu,2026-06-13,030,TRUE,,,,,,mention_only,,,,2026-07-07,2,2,CM Gracia; CM GRACIA,possible_host_variant;possible_spelling_variant
site-cm-gracia-katsina,CM Gracia Katsina,other,gracia katsina,"","",2026-07-01,048,FALSE,,,,,,mention_only,,,,2026-07-01,1,1,CM Gracia Katsina,""
site-cm-jades,CM JADES,other,beni,Beni,Nord-Kivu,2026-07-07,054,FALSE,,,,,,mention_only,,,,2026-07-07,1,1,CM JADES,possible_host_variant;possible_spelling_variant
site-cm-joie,CM La Joie,other,joie,Beni,Nord-Kivu,2026-07-03,050,FALSE,,,,,,mention_only,,,,2026-07-03,1,1,CM La Joie,possible_host_variant
site-cm-joponika,CM Joponika,other,joponika,"",Sud-Kivu,2026-06-08,025,FALSE,,,,,,mention_only,,,,2026-06-08,1,1,CM Joponika,""
site-cm-karibuni,CM Karibuni,other,karibuni,"","",2026-07-01,048,FALSE,,,,,,mention_only,,,,2026-07-01,1,1,CM Karibuni,possible_host_variant
site-cm-kithimba,CM Kithimba,other,kithimba,Beni,Nord-Kivu,2026-07-03,050,FALSE,,,,,,mention_only,,,,2026-07-03,1,1,CM Kithimba,""
site-cm-lobiko,CM Lobiko,other,lobiko,Rwampara,Ituri,2026-06-27,044,TRUE,,,,,,mention_only,,,,2026-07-03,2,2,CM Lobiko,""
site-cm-mbanasuvya,CM Mbanasuvya,other,mbanasuvya,Beni,Nord-Kivu,2026-07-03,050,FALSE,,,,,,mention_only,,,,2026-07-03,1,1,CM Mbanasuvya,""
site-cm-mbanivuka,CM Mbanivuka,other,mbanivuka,Beni,Nord-Kivu,2026-07-03,050,FALSE,,,,,,mention_only,,,,2026-07-03,1,1,CM Mbanivuka,""
site-cm-ndirira,CM Ndirira,other,ndirira,"",Ituri,2026-07-03,050,FALSE,,,,,,mention_only,,,,2026-07-03,1,1,CM Ndirira,""
site-cm-peniel,CM Peniel,other,peniel,Komanda,Ituri,2026-07-03,050,FALSE,,,,,,mention_only,,,,2026-07-03,1,1,CM Peniel,""
site-cm-renouveau-2,CM Renouveau 2,other,renouveau 2,"","",2026-08-04,082,FALSE,,,,,,mention_only,,,,2026-08-04,1,1,CM Renouveau 2,""
site-cm-sauvetage,CM sauvetage,other,sauvetage,"","",2026-07-01,048,FALSE,,,,,,mention_only,,,,2026-07-01,1,1,CM sauvetage,""
site-cm-sauveur,CM le Sauveur,other,sauveur,"","",2026-06-30,047,FALSE,,,,,,mention_only,,,,2026-06-30,1,1,CM le Sauveur,""
site-cm-shukrani,CM Shukrani,other,shukrani,Kabondo,Tshopo,2026-09-08,117,FALSE,,,,,,mention_only,,,,2026-09-08,1,1,CM Shukrani,possible_host_variant;possible_spelling_variant
site-cm-st-gabriel,CM St Gabriel,other,st gabriel,"",Ituri,2026-07-03,050,FALSE,,,,,,mention_only,,,,2026-07-03,1,1,CM St Gabriel,""
site-cm-st-pierre,CM St pierre,other,st pierre,"","",2026-07-01,048,FALSE,,,,,,mention_only,,,,2026-07-01,1,1,CM St pierre,""
site-cm-st-raphael,CM St Raphael,other,st raphael,"","",2026-07-01,048,FALSE,,,,,,mention_only,,,,2026-07-01,1,1,CM St Raphael,""
site-cmc-kiharo,CMC Kiharo,other,kiharo,Katwa,Nord-Kivu,2026-07-04,051,FALSE,,,,,,mention_only,,,,2026-07-04,1,1,CMC Kiharo,""
site-cme-bunia,CME/Bunia,other,bunia,Bunia,Ituri,2026-05-26,012,FALSE,,2026-06-24,041,,,opened,2026-06-24,,,2026-06-27,3,3,CME/Bunia,possible_host_variant;possible_same_site
site-cme-nyakunde,CME Nyakunde,other,nyakunde,Rwampara,Ituri,2026-05-20,006,FALSE,,,,,,mention_only,,,,2026-05-30,5,5,CME Nyakunde,possible_host_variant;possible_spelling_variant
site-cme-nyakunde-bunia,CME Nyakunde Bunia,other,bunia,Bunia,Ituri,2026-06-04,021,FALSE,,,,,,mention_only,,,,2026-06-04,1,1,CME Nyakunde Bunia,possible_host_variant
site-cme-nyankunde,CME/Nyankunde,other,nyankunde,Rwampara,Ituri,2026-06-11,028,FALSE,,,,,,mention_only,,,,2026-06-11,1,1,CME/Nyankunde,possible_host_variant;possible_same_site;possible_spelling_variant
site-cs-abelkozo,CS Abelkozo,other,abelkozo,Mongbwalu,Ituri,2026-05-14,001,FALSE,,,,,,mention_only,,,,2026-05-17,2,2,CS Abelkozo,possible_host_variant
site-cs-abiangama,CS Abiangama,other,abiangama,Pawa,Haut-Uele,2026-08-13,091,FALSE,,,,,,mention_only,,,,2026-08-13,1,1,CS Abiangama,""
site-cs-adventiste,CS Adventiste,other,adventiste,"","",2026-05-24,010,FALSE,,,,,,mention_only,,,,2026-05-24,1,1,CS Adventiste,""
site-cs-aero,CS Aero,other,aero,Bunia,Ituri,2026-05-27,013,FALSE,,,,,,mention_only,,,,2026-06-05,3,3,CS Aero,possible_host_variant
site-cs-agri-uele,CS Agri Uélé,other,agri uele,Ganga,Bas-Uele,2026-09-04,113,FALSE,,,,,,mention_only,,,,2026-09-04,1,1,CS Agri Uélé,""
site-cs-amani,CS Amani,other,amani,Karisimbi,Nord-Kivu,2026-09-07,116,FALSE,,,,,,mention_only,,,,2026-09-08,2,2,CS Amani,possible_host_variant;possible_spelling_variant
site-cs-anoalite,CS Anoalité,other,anoalite,"","",2026-08-05,083,FALSE,,,,,,mention_only,,,,2026-08-05,1,1,CS Anoalité,""
site-cs-bafwandambo,CS de Bafwandambo,other,bafwandambo,Bafwasende,Tshopo,2026-09-10,119,FALSE,,,,,,mention_only,,,,2026-09-10,1,1,CS de Bafwandambo,""
site-cs-bahwere,CS de Bahwere,other,bahwere,Lita,Ituri,2026-07-20,067,FALSE,2026-07-20,,,,,under_construction,2026-07-20,,,2026-07-20,1,1,CS de Bahwere,""
site-cs-bale,CS Bale,other,bale,Buta,Bas-Uele,2026-09-05,114,FALSE,,,,,,mention_only,,,,2026-09-05,1,1,CS Bale,""
site-cs-bankoko,CS Bankoko,other,bunia,Bunia,Ituri,2026-08-04,082,FALSE,,,,,,mention_only,,,,2026-08-04,1,1,CS Bankoko,""
site-cs-baruti,CS Baruti,other,baruti,Buta,Bas-Uele,2026-09-04,113,FALSE,,,,,,mention_only,,,,2026-09-04,1,1,CS Baruti,""
site-cs-betshaida,CS Betshaïda,other,betshaida,"",Tshopo,2026-09-13,122,FALSE,,,,,,mention_only,,,,2026-09-13,1,1,CS Betshaïda,""
site-cs-bigo,CS Bigo,other,bigo,Bunia,Ituri,2026-06-07,024,FALSE,,,,,,mention_only,,,,2026-07-31,4,4,CS Bigo,""
site-cs-binase,CS BINASE,other,binase,Mambasa,Ituri,2026-07-18,065,FALSE,,,,,,mention_only,,,,2026-07-18,1,1,CS BINASE,""
site-cs-boikene,CS BOIKENE,other,beni,Beni,Nord-Kivu,2026-07-07,054,FALSE,,,,,,mention_only,,,,2026-07-07,1,1,CS BOIKENE,possible_same_site
site-cs-bora-uzima,CS Bora Uzima,other,bora uzima,Bunia,Ituri,2026-06-08,025,FALSE,,,,,,mention_only,,,,2026-06-09,2,2,CS Bora Uzima,possible_spelling_variant
site-cs-boyoma,CS Boyoma,other,boyoma,Makiso Kisangani,Tshopo,2026-07-21,068,FALSE,,,,,,mention_only,,,,2026-08-03,3,3,CS Boyoma,""
site-cs-bunia-cite,CS Bunia Cité,other,bunia,Bunia,Ituri,2026-06-08,025,FALSE,,,,,,mention_only,,,,2026-06-08,1,1,CS Bunia Cité,possible_host_variant;possible_spelling_variant
site-cs-butanuka,CS Butanuka,other,beni,Beni,Nord-Kivu,2026-06-17,034,FALSE,,,,,,mention_only,,,,2026-06-17,1,1,CS Butanuka,""
site-cs-butsili,CS BUTSILI,other,beni,Beni,Nord-Kivu,2026-07-07,054,FALSE,,,,,,mention_only,,,,2026-07-07,1,1,CS BUTSILI,""
site-cs-cnca,CS CNCA,other,cnca,"",Ituri,2026-07-30,077,TRUE,,,,,,mention_only,,,,2026-07-31,2,2,CS CNCA,""
site-cs-congo,CS du Congo,other,congo,Buta,Bas-Uele,2026-09-04,113,FALSE,,,,,,mention_only,,,,2026-09-05,2,2,CS du Congo,""
site-cs-dokotolo,CS Dokotolo,other,dokotolo,"",Nord-Kivu,2026-08-24,102,FALSE,,,,,,mention_only,,,,2026-08-24,1,1,CS Dokotolo,""
site-cs-eringeti,CS Eringeti,other,eringeti,Oicha,Nord-Kivu,2026-07-06,053,FALSE,,,,,,mention_only,,,,2026-07-06,1,1,CS Eringeti,""
site-cs-famille,CS La Famille,other,famille,Mangobo,Tshopo,2026-08-21,099,FALSE,,,,,,mention_only,,,,2026-08-21,1,1,CS La Famille,possible_host_variant
site-cs-irangya,CS Irangya,other,katwa,Katwa,Nord-Kivu,2026-08-04,082,FALSE,,,,,,mention_only,,,,2026-08-04,1,1,CS Irangya,""
site-cs-jades,CS Jades,other,jades,Beni,Nord-Kivu,2026-08-21,099,FALSE,,,,,,mention_only,,,,2026-08-21,1,1,CS Jades,possible_host_variant;possible_spelling_variant
site-cs-jamaa,CS Jamaa,other,jamaa,Makiso Kisangani,Tshopo,2026-07-23,070,FALSE,,,,,,mention_only,,,,2026-08-21,3,3,CS Jamaa,""
site-cs-kabushwa,CS Kabushwa,other,kabushwa,"","",2026-06-11,028,FALSE,,,,,,mention_only,,,,2026-06-11,1,1,CS Kabushwa,""
site-cs-kahungu,CS Kahungu,other,kahungu,Miti Murhesa,Sud-Kivu,2026-06-05,022,FALSE,,,,,,mention_only,,,,2026-06-13,4,4,CS Kahungu,""
site-cs-kasabinyale,CS Kasabinyale,other,beni,Beni,Nord-Kivu,2026-06-17,034,FALSE,,,,,,mention_only,,,,2026-06-17,1,1,CS Kasabinyale,""
site-cs-kasisi,CS Kasisi,other,kasisi,Kyondo,Nord-Kivu,2026-06-09,026,FALSE,,,,,,mention_only,,,,2026-06-09,1,1,CS Kasisi,""
site-cs-katiri,CS Katiri,other,katiri,Kyondo,Nord-Kivu,2026-06-09,026,FALSE,,,,,,mention_only,,,,2026-06-09,1,1,CS Katiri,""
site-cs-kavumu,CS Kavumu,other,kavumu,Miti Murhesa,Sud-Kivu,2026-06-16,033,FALSE,,,,,,mention_only,,,,2026-06-16,1,1,CS Kavumu,possible_host_variant;possible_spelling_variant
site-cs-kisiza,CS Kisiza,other,kisiza,Idjwi,"",2026-06-23,040,FALSE,,,,,,mention_only,,,,2026-06-23,1,1,CS Kisiza,""
site-cs-komanda,CS Komanda,other,komanda,Komanda,Ituri,2026-06-11,028,FALSE,,,,,,mention_only,,,,2026-06-30,3,3,CS Komanda,""
site-cs-konga-konga,CS Konga-Konga,other,konga konga,Makiso Kisangani,Tshopo,2026-08-21,099,FALSE,,,,,,mention_only,,,,2026-08-21,1,1,CS Konga-Konga,""
site-cs-kutumba,CS Kutumba,other,kutumba,"",Ituri,2026-07-03,050,FALSE,,,,,,mention_only,,,,2026-07-03,1,1,CS Kutumba,""
site-cs-kwetu,CS Kwetu,other,kwetu,Tshopo,Tshopo,2026-07-23,070,FALSE,,,,,,mention_only,,,,2026-07-24,2,2,CS Kwetu,""
site-cs-kyaghala,CS Kyaghala,other,kyaghala,Katwa,Nord-Kivu,2026-06-07,024,FALSE,,,,,,mention_only,,,,2026-06-07,1,1,CS Kyaghala,possible_host_variant;possible_spelling_variant
site-cs-kyangike,CS Kyangike,other,kyangike,Butembo,Nord-Kivu,2026-07-01,048,FALSE,,,,,,mention_only,,,,2026-07-01,1,1,CS Kyangike,""
site-cs-lembabo,CS Lembabo,other,lembabo,Bunia,Ituri,2026-06-01,018,FALSE,,,,,,mention_only,,,,2026-06-01,1,1,CS Lembabo,possible_spelling_variant
site-cs-mabakanga,CS Mabakanga,other,beni,Beni,Nord-Kivu,2026-06-13,030,TRUE,,,,,,mention_only,,,,2026-07-07,2,2,CS Mabakanga; CS MABAKANGA,""
site-cs-madula,CS Madula,other,madula,Wanie-Rukula,Tshopo,2026-07-30,077,TRUE,,,,,,mention_only,,,,2026-08-19,3,3,CS de Madula; CS Madula,""
site-cs-malkia,CS Malkia,other,malkia,Tshopo,Tshopo,2026-09-07,116,FALSE,,,,,,mention_only,,,,2026-09-07,1,1,CS Malkia,""
site-cs-maranatha,CS Maranatha,other,maranatha,Beni,Nord-Kivu,2026-09-05,114,FALSE,,,,,,mention_only,,,,2026-09-05,1,1,CS Maranatha,possible_spelling_variant
site-cs-masuli,CS Masuli,other,masuli,Katwa,Nord-Kivu,2026-06-06,023,FALSE,,,,,,mention_only,,,,2026-06-06,1,1,CS Masuli,""
site-cs-matete,CS Matete,other,matete,Mangobo,Tshopo,2026-09-06,115,FALSE,,,,,,mention_only,,,,2026-09-06,1,1,CS Matete,possible_spelling_variant
site-cs-mbana,CS Mbana,other,mbana,Viadana,Bas-Uele,2026-09-03,112,FALSE,,,,,,mention_only,,,,2026-09-03,1,1,CS Mbana,""
site-cs-merites,CS. Les merites,other,merites,Bunia,Ituri,2026-05-19,004,TRUE,,,,,,mention_only,,,,2026-05-19,1,1,CS. Les merites,possible_host_variant
site-cs-mitoya,CS Mitoya,other,mitoya,Katwa,Nord-Kivu,2026-06-07,024,FALSE,,,,,,mention_only,,,,2026-06-07,1,1,CS Mitoya,""
site-cs-mobenge,CS Mobenge,other,mobenge,Buta,Bas-Uele,2026-09-04,113,FALSE,,,,,,mention_only,,,,2026-09-04,1,1,CS Mobenge,""
site-cs-mudzi-maria,CS Mudzi maria,other,bunia,Bunia,Ituri,2026-06-10,027,FALSE,,,,,,mention_only,,,,2026-06-10,1,1,CS Mudzi maria,possible_host_variant;possible_spelling_variant
site-cs-mukuna,CS Mukuna,other,mukuna,Katwa,Nord-Kivu,2026-06-07,024,FALSE,,,,,,mention_only,,,,2026-06-07,1,1,CS Mukuna,possible_host_variant;possible_spelling_variant
site-cs-mutumbi,CS Mutumbi,other,lita,Lita,Ituri,2026-07-02,049,FALSE,,,,,,mention_only,,,,2026-07-02,1,1,CS Mutumbi,""
site-cs-naissance-desirable,CS Naissance Désirable,other,naissance desirable,"",Nord-Kivu,2026-08-14,092,FALSE,,,,,,mention_only,,,,2026-08-14,1,1,CS Naissance Désirable,""
site-cs-ndindi,CS de Ndindi,other,ndindi,"",Nord-Kivu,2026-08-19,097,FALSE,,,,,2026-08-19,incident,2026-08-19,,,2026-08-19,1,1,CS de Ndindi,""
site-cs-ngalika,CS Ngalika,other,ngalika,"",Nord-Kivu,2026-08-24,102,FALSE,,,,,,mention_only,,,,2026-08-24,1,1,CS Ngalika,""
site-cs-ngamau,CS Ngamau,other,ngamau,Mongbwalu,"",2026-05-30,016,FALSE,,,,,,mention_only,,,,2026-05-30,1,1,CS Ngamau,""
site-cs-ngona,CS Ngona,other,ngona,Rwampara,"",2026-05-31,017,FALSE,,,,,,mention_only,,,,2026-05-31,1,1,CS Ngona,""
site-cs-nyakasanza,CS Nyakasanza,other,nyakasanza,Bunia,Ituri,2026-06-08,025,FALSE,,,,,,mention_only,,,,2026-06-08,1,1,CS Nyakasanza,""
site-cs-nyakero,CS Nyakero,other,nyakero,"","",2026-07-01,048,FALSE,,,,,,mention_only,,,,2026-07-01,1,1,CS Nyakero,""
site-cs-nyakunde,CS Nyakunde,other,nyakunde,Beni,Nord-Kivu,2026-08-26,104,FALSE,,,,,,mention_only,,,,2026-08-29,4,4,CS Nyakunde,possible_host_variant
site-cs-papa-freddy,CS Papa Freddy,other,papa freddy,Tshopo,Tshopo,2026-08-15,093,FALSE,,,,,,mention_only,,,,2026-08-19,3,3,CS Papa Freddy,""
site-cs-plutot,CS plutôt,other,plutot,"","",2026-06-08,025,FALSE,,,,,,mention_only,,,,2026-06-08,1,1,CS plutôt,""
site-cs-poli-frontiere,CS Poli de frontiere,other,poli frontiere,"","",2026-07-01,048,FALSE,,,,,,mention_only,,,,2026-07-01,1,1,CS Poli de frontiere,""
site-cs-reference-rubi-lisanga,CS de référence de Rubi Lisanga,other,rubi lisanga,Buta,Bas-Uele,2026-09-10,119,FALSE,,,,,,closed,2026-09-10,,,2026-09-10,1,1,CS de référence de Rubi Lisanga,""
site-cs-rubi-lisanga,CS Rubi-Lisanga,other,rubi lisanga,Buta,Bas-Uele,2026-08-18,096,FALSE,,,,,,mention_only,,,,2026-08-18,1,1,CS Rubi-Lisanga,possible_spelling_variant
site-cs-ruwenzori,CS Ruwenzori,other,beni,Beni,Nord-Kivu,2026-06-17,034,FALSE,,,,,,mention_only,,,,2026-08-21,2,2,CS Ruwenzori,possible_host_variant;possible_spelling_variant
site-cs-rwamapara,CS Rwamapara,other,rwamapara,Rwamapara,Ituri,2026-05-27,013,FALSE,,,,,,mention_only,,,,2026-05-28,2,2,CS Rwamapara,possible_spelling_variant
site-cs-rwambuzi,CS Rwambuzi,other,rwambuzi,Bunia,Ituri,2026-06-05,022,FALSE,,,,,,mention_only,,,,2026-06-05,1,1,CS Rwambuzi,possible_host_variant
site-cs-rwampara,CS Rwampara,other,rwampara,Mongbwalu,Ituri,2026-05-20,006,FALSE,,,,,,mention_only,,,,2026-05-21,3,3,CS Rwampara,possible_host_variant;possible_spelling_variant
site-cs-rwankole,CS Rwankole,other,rwankole,"","",2026-07-30,077,TRUE,,,,,,mention_only,,,,2026-07-30,1,1,CS Rwankole,possible_host_variant;possible_spelling_variant
site-cs-saint-luc,CS Saint-Luc,other,saint luc,Katwa,Nord-Kivu,2026-08-03,081,FALSE,,,,,,mention_only,,,,2026-08-03,1,1,CS Saint-Luc,""
site-cs-saint-pierre,CS Saint-Pierre,other,saint pierre,Makiso Kisangani,Tshopo,2026-09-10,119,FALSE,,,,,,mention_only,,,,2026-09-10,1,1,CS Saint-Pierre,""
site-cs-salama,CS SALAMA,other,salama,"",Ituri,2026-07-18,065,FALSE,,,,,,mention_only,,,,2026-07-18,1,1,CS SALAMA,possible_host_variant
site-cs-segama,CS Segama,other,segama,Mangobo,Tshopo,2026-08-21,099,FALSE,,,,,,mention_only,,,,2026-08-21,1,1,CS Segama,""
site-cs-shamamba,CS Shamamba,other,shamamba,Beni,Nord-Kivu,2026-09-07,116,FALSE,,,,,,mention_only,,,,2026-09-07,1,1,CS Shamamba,""
site-cs-sncc,CS SNCC,other,sncc,"","",2026-08-05,083,FALSE,,,,,,mention_only,,,,2026-08-05,1,1,CS SNCC,""
site-cs-sommet,CS le Sommet,other,sommet,Bunia,"",2026-05-30,016,FALSE,,,,,,mention_only,,,,2026-05-30,1,1,CS le Sommet,""
site-cs-tchudja,CS Tchudja,other,tchudja,Bambu,Ituri,2026-06-05,022,FALSE,,,,,,mention_only,,,,2026-06-05,1,1,CS Tchudja,""
site-cs-tchunga,CS Tchunga,other,tchunga,Mongbwalu,Ituri,2026-05-20,006,FALSE,,,,,,mention_only,,,,2026-05-30,4,4,CS Tchunga,""
site-cs-tely,CS Tely,other,tely,Isiro,Haut-Uele,2026-08-14,092,FALSE,,,,,,mention_only,,,,2026-08-15,2,2,CS Tely,""
site-cs-tsili,CS Tsili,other,tsili,Bambu,Ituri,2026-06-05,022,FALSE,,,,,,mention_only,,,,2026-06-05,1,1,CS Tsili,""
site-cs-tuluba,CS Tuluba,other,tuluba,Isiro,Haut-Uele,2026-07-30,077,TRUE,,,,,,mention_only,,,,2026-08-15,3,3,CS Tuluba,""
site-cs-tuungane,CS TUUNGANE,other,beni,Beni,Nord-Kivu,2026-07-07,054,FALSE,,,,,,mention_only,,,,2026-07-07,1,1,CS TUUNGANE,""
site-cs-uponyaji,CS Uponyaji,other,uponyaji,Mongbwalu,Ituri,2026-05-20,006,FALSE,,,,,,mention_only,,,,2026-05-21,3,3,CS Uponyaji,""
site-cs-vighole,CS Vighole,other,katwa,Katwa,Nord-Kivu,2026-08-04,082,FALSE,,,,,,mention_only,,,,2026-08-04,1,1,CS Vighole,""
site-cs-vuhika,CS Vuhika,other,vuhika,Katwa,Nord-Kivu,2026-06-06,023,FALSE,,,,,,mention_only,,,,2026-06-06,1,1,CS Vuhika,""
site-cs-vungba,CS Vungba,other,vungba,Viadana,Bas-Uele,2026-09-03,112,FALSE,,,,,,mention_only,,,,2026-09-03,1,1,CS Vungba,""
site-cs-vutike,CS Vutike,other,butembo,Butembo,Nord-Kivu,2026-07-27,074,FALSE,,,,,,mention_only,,,,2026-07-27,1,1,CS Vutike,""
site-cs-yedi,CS Yedi,other,yedi,Mongbwalu,"",2026-05-30,016,FALSE,,,,,,mention_only,,,,2026-05-30,1,1,CS Yedi,""
site-csr-akwa,CSR Akwa,other,akwa,Damas,Ituri,2026-07-03,050,FALSE,,,,,,mention_only,,,,2026-07-03,1,1,CSR Akwa,""
site-csr-amadi,CSR Amadi,other,amadi,Poko,Bas-Uele,2026-09-04,113,FALSE,,,,,,mention_only,,,,2026-09-04,1,1,CSR Amadi,""
site-csr-bunia-cite,CSR Bunia-cité,other,bunia,Bunia,Ituri,2026-05-22,008,FALSE,,,,,,mention_only,,,,2026-05-22,1,1,CSR Bunia-cité,possible_spelling_variant
site-csr-carl-beker,CSR CARL BEKER,other,csr carl beker,"","",2026-06-24,041,FALSE,,,,,,mention_only,,,,2026-06-24,1,1,CSR CARL BEKER,""
site-csr-foyer,CSR Foyer,other,csr foyer,"",Tshopo,2026-08-21,099,FALSE,,,,,,mention_only,,,,2026-08-21,1,1,CSR Foyer,""
site-csr-kalivuli,CSR Kalivuli,other,kalivuli,"",Ituri,2026-07-03,050,FALSE,,,,,,mention_only,,,,2026-07-03,1,1,CSR Kalivuli,""
site-csr-kembisa,CSR Kembisa,other,kembisa,Poko,Bas-Uele,2026-09-04,113,FALSE,,,,,,mention_only,,,,2026-09-04,1,1,CSR Kembisa,""
site-csr-lembabo,CSR Lembabo,other,lembabo,Bunia,Ituri,2026-05-23,009,FALSE,,,,,,mention_only,,,,2026-06-30,3,3,CSR Lembabo; CSR LEMBABO,possible_spelling_variant
site-csr-limba,CSR Limba,other,limba,Viadana,Bas-Uele,2026-09-03,112,FALSE,,,,,,mention_only,,,,2026-09-03,1,1,CSR Limba,""
site-csr-lombale,CSR Lombale,other,lombale,"",Tshopo,2026-08-30,108,FALSE,,,,,,mention_only,,,,2026-08-30,1,1,CSR Lombale,""
site-csr-matete,CSR Matete,other,matete,Mangobo,Tshopo,2026-08-21,099,FALSE,,,,,,mention_only,,,,2026-08-21,1,1,CSR Matete,possible_spelling_variant
site-csr-nyangaray,CSR Nyangaray,other,nyangaray,Bambu,Ituri,2026-06-05,022,FALSE,,,,,,mention_only,,,,2026-06-05,1,1,CSR Nyangaray,""
site-csr-rubi-lisanga,CSR Rubi Lisanga,other,rubi lisanga,Buta,Bas-Uele,2026-09-04,113,FALSE,,,,,,mention_only,,,,2026-09-04,1,1,CSR Rubi Lisanga,possible_spelling_variant
site-csr-rvd-mokili,CSR Rvd Mokili,other,csr rvd mokili,"",Tshopo,2026-07-22,069,FALSE,,,,,,mention_only,,,,2026-07-22,1,1,CSR Rvd Mokili,""
site-csr-shari,CSR Shari,other,shari,"","",2026-06-18,035,FALSE,,,,,,mention_only,,,,2026-06-18,1,1,CSR Shari,""
site-csr-sota,CSR de SOTA,other,sota,Nyankunde,Ituri,2026-06-19,036,FALSE,,,,,,mention_only,,,,2026-07-03,3,3,CSR de SOTA; CSR Sota; CSR SOTA,""
site-csr-st-joseph,CSR St Joseph,other,st joseph,"",Tshopo,2026-07-24,071,FALSE,,,,,,mention_only,,,,2026-07-24,1,1,CSR St Joseph,""
site-csr-zengo,CSR Zengo,other,zengo,Bambu,Ituri,2026-06-05,022,FALSE,,,,,,mention_only,,,,2026-06-05,1,1,CSR Zengo,""
site-cug,CUG,other,cug,"",Nord-Kivu,2026-08-03,081,FALSE,,,,,,mention_only,,,,2026-08-04,2,2,CUG,""
site-damas,Damas,other,damas,Damas,Ituri,2026-06-04,021,FALSE,,,,,,mention_only,,,,2026-06-04,1,1,Damas,""
site-dele,DELE,other,dele,Rwampara,Ituri,2026-05-19,005,FALSE,,,,,,mention_only,,,,2026-05-19,1,1,DELE,""
site-disp-nya-kalunga-makuha,Disp Nya Kalunga Makuha,other,disp nya kalunga makuha,"",Nord-Kivu,2026-06-06,023,FALSE,,,,,,mention_only,,,,2026-06-06,1,1,Disp Nya Kalunga Makuha,""
site-dispensaire-afia-bora,"Dispensaire, Afia Bora",other,dispensaire afia bora,"","",2026-06-29,046,TRUE,,,,,,mention_only,,,,2026-06-30,2,2,"Dispensaire, Afia Bora",""
site-dispensaire-bora-uzima,Dispensaire Bora Uzima,other,dispensaire bora uzima,Beni,Nord-Kivu,2026-06-18,035,FALSE,,,,,,mention_only,,,,2026-06-18,1,1,Dispensaire Bora Uzima,""
site-dispensaire-charite,Dispensaire la Charité,other,dispensaire charite,"","",2026-06-11,028,FALSE,,,,,,mention_only,,,,2026-06-11,1,1,Dispensaire la Charité,""
site-dispensaire-espoir,Dispensaire de l’Espoir,other,dispensaire espoir,Beni,Nord-Kivu,2026-07-03,050,FALSE,,,,,,mention_only,,,,2026-07-03,1,1,Dispensaire de l’Espoir,""
site-dispensaire-felicite,dispensaire Félicité,other,dispensaire felicite,Katwa,Nord-Kivu,2026-06-16,033,FALSE,,,,,,mention_only,,,,2026-06-16,1,1,dispensaire Félicité,""
site-dispensaire-fonarev,dispensaire FONAREV,other,dispensaire fonarev,"",Tshopo,2026-07-31,078,FALSE,,,,,,mention_only,,,,2026-07-31,1,1,dispensaire FONAREV,""
site-dispensaire-imani-bora,Dispensaire Imani Bora,other,dispensaire imani bora,Beni,Nord-Kivu,2026-07-03,050,FALSE,,,,,,mention_only,,,,2026-07-03,1,1,Dispensaire Imani Bora,""
site-dispensaire-katoka,Dispensaire Katoka,other,katoka,Beni,Nord-Kivu,2026-07-03,050,FALSE,,,,,,mention_only,,,,2026-07-03,1,1,Dispensaire Katoka,""
site-dispensaire-mavondo,Dispensaire Mavondo,other,katwa,Katwa,Nord-Kivu,2026-06-17,034,FALSE,,,,,,mention_only,,,,2026-06-17,1,1,Dispensaire Mavondo,""
site-dispensaire-mumole,dispensaire Mumole,other,mumole,Kyondo,Nord-Kivu,2026-08-23,101,FALSE,,,,,,mention_only,,,,2026-08-23,1,1,dispensaire Mumole,""
site-dispensaire-pids,dispensaire PIDS,other,mangote,"",Nord-Kivu,2026-09-06,115,FALSE,,,,,,mention_only,,,,2026-09-06,1,1,dispensaire PIDS,""
site-dispensaire-sagesse-divine,dispensaire Sagesse Divine,other,dispensaire sagesse divine,"",Nord-Kivu,2026-08-14,092,FALSE,,,,,,mention_only,,,,2026-08-14,1,1,dispensaire Sagesse Divine,""
site-dispensaire-sifa,dispensaire Sifa,other,sifa,"",Nord-Kivu,2026-09-07,116,FALSE,,,,,,mention_only,,,,2026-09-07,1,1,dispensaire Sifa,""
site-dispensaire-soins-traditionnels-kiheri,Dispensaire de soins traditionnels Kiheri,other,dispensaire soins traditionnels kiheri,Musienene,"",2026-07-10,057,FALSE,,,,,,mention_only,,,,2026-07-10,1,1,Dispensaire de soins traditionnels Kiheri,""
site-dispensaire-tuha,Dispensaire Tuha,other,tuha,Beni,Nord-Kivu,2026-07-03,050,FALSE,,,,,,mention_only,,,,2026-07-03,1,1,Dispensaire Tuha,""
site-dispensaire-virunga,dispensaire Virunga,other,virunga,Karisimbi,Nord-Kivu,2026-09-08,117,FALSE,,,,,,mention_only,,,,2026-09-08,1,1,dispensaire Virunga,""
site-dispensaires-guerison-divine,dispensaires Guérison Divine,other,dispensaires guerison divine,Beni,Nord-Kivu,2026-09-05,114,FALSE,,,,,,mention_only,,,,2026-09-05,1,1,dispensaires Guérison Divine,""
site-dispensaires-lukogho,dispensaires Lukogho,other,dispensaires lukogho,"",Nord-Kivu,2026-09-09,118,FALSE,,,,,,mention_only,,,,2026-09-09,1,1,dispensaires Lukogho,""
site-drodro,Drodro,other,drodro,Drodro,Ituri,2026-06-04,021,FALSE,,,,,,mention_only,,,,2026-06-04,1,1,Drodro,""
site-ess-kalagane,ESS Kalagane,other,kalagane,Nyantende,Sud-Kivu,2026-06-08,025,FALSE,,,,,,mention_only,,,,2026-06-08,1,1,ESS Kalagane,possible_host_variant
site-grace-dieu,la Grâce de Dieu,other,grace dieu,"",Ituri,2026-06-08,025,FALSE,,,,,,mention_only,,,,2026-06-08,1,1,la Grâce de Dieu,""
site-hc-kisangani,HC de Kisangani,other,kisangani,Makiso Kisangani,Tshopo,2026-08-04,082,FALSE,,,,,,mention_only,,,,2026-08-11,3,3,HC de Kisangani; HC Kisangani,possible_same_site
site-hgr-aru,HGR/Aru,other,aru,Aru,Ituri,2026-06-27,044,TRUE,,,,,,mention_only,,,,2026-06-27,1,1,HGR/Aru,possible_host_variant;possible_same_site
site-hgr-bafwasende,HGR Bafwasende,other,bafwasende,Bafwasende,Tshopo,2026-08-30,108,FALSE,,,,,,mention_only,,,,2026-09-02,3,3,HGR Bafwasende,""
site-hgr-beni,HGR de Beni,other,beni,Beni,Nord-Kivu,2026-07-02,049,FALSE,,,,,2026-07-02,operating,2026-07-02,,,2026-08-31,10,10,HGR Beni; HGR de Beni,possible_host_variant;possible_same_site
site-hgr-bunia,HGR-Bunia,other,bunia,Bunia,Ituri,2026-05-20,006,FALSE,,,,,,mention_only,,,,2026-06-04,7,7,HGR-Bunia,possible_host_variant;possible_same_site
site-hgr-cinquantenaire,HGR Cinquantenaire,other,cinquantenaire,Makiso Kisangani,Tshopo,2026-08-16,094,FALSE,,,,,,mention_only,,,,2026-08-16,1,1,HGR Cinquantenaire,possible_host_variant
site-hgr-isiro,HGR d’Isiro,other,isiro,Isiro,Haut-Uele,2026-07-13,060,FALSE,2026-07-13,,,,2026-08-18,operating,2026-08-18,,,2026-09-09,6,6,HGR d’Isiro; HGR Isiro,possible_host_variant;possible_same_site
site-hgr-kabondo,HGR Kabondo,other,kabondo,Kabondo,Tshopo,2026-09-03,112,FALSE,,,,,,mention_only,,,,2026-09-03,1,1,HGR Kabondo,""
site-hgr-kyondo,HGR de Kyondo,other,kyondo,Kyondo,Nord-Kivu,2026-06-27,044,TRUE,,,,,,mention_only,,,,2026-08-14,2,2,HGR de Kyondo,""
site-hgr-likati,HGR de Likati,other,likati,Likati,Bas-Uele,2026-08-19,097,FALSE,,,,,,mention_only,,,,2026-08-19,1,1,HGR de Likati,""
site-hgr-lita,HGR de Lita,other,lita,Lita,Ituri,2026-05-24,010,FALSE,,,,,,mention_only,,,,2026-08-15,2,2,HGR de Lita; HGR Lita,""
site-hgr-logo,HGR de la Zone de Santé de Logo,other,logo,Logo,Ituri,2026-07-17,064,TRUE,,,,,,mention_only,,,,2026-07-17,1,1,HGR de la Zone de Santé de Logo,possible_host_variant;possible_same_host
site-hgr-lolwa,HGR LOLWA,other,lolwa,Lolwa,Ituri,2026-05-23,009,FALSE,,,,,,mention_only,,,,2026-05-23,1,1,HGR LOLWA,""
site-hgr-makiso,HGR Makiso,other,makiso,Makiso Kisangani,Tshopo,2026-07-23,070,FALSE,,,,,,mention_only,,,,2026-08-24,3,3,HGR Makiso,possible_same_host
site-hgr-makiso-kisangani,HGR Makiso-Kisangani,other,makiso kisangani,Makiso Kisangani,Tshopo,2026-08-03,081,FALSE,,,,,2026-09-12,operating,2026-09-12,,,2026-09-13,17,17,HGR Makiso-Kisangani,possible_same_host;possible_same_site
site-hgr-mangobo,HGR Mangobo,other,mangobo,Mangobo,Tshopo,2026-08-21,099,FALSE,,,,,,mention_only,,,,2026-09-09,2,2,HGR Mangobo,""
site-hgr-matanda,HGR Matanda,other,matanda,"","",2026-06-15,032,FALSE,,,,,,mention_only,,,,2026-06-15,1,1,HGR Matanda,possible_host_variant;possible_spelling_variant
site-hgr-mogbwalu,HGR Mogbwalu,other,mongbwalu,Mongbwalu,Ituri,2026-05-24,010,FALSE,,,,,,mention_only,,,,2026-05-24,1,1,HGR Mogbwalu,possible_spelling_variant
site-hgr-mongbwalu,HGR de Mongbwalu,other,mongbwalu,Mongbwalu,Ituri,2026-05-17,002,FALSE,,,,,,mention_only,,,,2026-05-17,1,1,HGR de Mongbwalu,possible_same_site;possible_spelling_variant
site-hgr-mongwalu,HGR-Mongwalu,other,mongwalu,Mongbwalu,Ituri,2026-05-19,005,FALSE,,,,,,mention_only,,,,2026-05-28,3,3,HGR Mongwalu; HGR-Mongwalu,possible_spelling_variant
site-hgr-nundu,HGR Nundu,other,nundu,Nundu,Sud-Kivu,2026-06-23,040,FALSE,,,,,,mention_only,,,,2026-06-23,1,1,HGR Nundu,""
site-hgr-nyankunde,HGR/Nyankunde,other,nyankunde,Nyankunde,Ituri,2026-06-27,044,TRUE,,,,,,mention_only,,,,2026-06-27,1,1,HGR/Nyankunde,possible_host_variant;possible_same_site
site-hgr-rwampara,HGR/Rwampara,other,rwampara,Rwampara,Ituri,2026-05-20,006,FALSE,2026-06-27,,,,,under_construction,2026-06-27,,,2026-06-27,3,3,HGR-Rwampara; HGR/Rwampara,possible_host_variant;possible_same_site
site-hgr-tshopo,HGR Tshopo,other,tshopo,Tshopo,Tshopo,2026-07-23,070,FALSE,,,,,,mention_only,,,,2026-09-09,3,3,HGR Tshopo,""
site-hgr-viadana,HGR de Viadana,other,viadana,Viadana,Bas-Uele,2026-09-03,112,FALSE,,,,,,mention_only,,,,2026-09-05,3,3,HGR de Viadana; HGR Viadana,""
site-hgr-virunga,HGR Virunga,other,virunga,Karisimbi,Nord-Kivu,2026-06-02,019,FALSE,,,,,,mention_only,,,,2026-06-13,11,11,HGR Virunga,""
site-hgr-zs-ganga,HGR de la ZS de Ganga,other,ganga,Ganga,Bas-Uele,2026-09-02,111,FALSE,,,,,,mention_only,,,,2026-09-02,1,1,HGR de la ZS de Ganga,""
site-hgr-zs-nizi,HGR de la ZS de Nizi,other,nizi,Nizi,Ituri,2026-06-07,024,FALSE,,,,,,mention_only,,,,2026-06-07,1,1,HGR de la ZS de Nizi,""
site-hgr-zs-oicha,HGR de la ZS d’Oicha,other,zs oicha,Oicha,"",2026-06-23,040,FALSE,,,,,,mention_only,,,,2026-06-23,1,1,HGR de la ZS d’Oicha,""
site-hgro,HGRO,other,tenambo,Oïcha,Nord-Kivu,2026-07-06,053,FALSE,,,,,,mention_only,,,,2026-07-06,1,1,HGRO,""
site-hopital-cinquantenaire,hôpital du cinquantenaire,other,kinshasa,"","",2026-06-09,026,FALSE,,,,,,mention_only,,,,2026-06-11,2,2,hôpital du cinquantenaire; hôpital du Cinquantenaire,possible_host_variant
site-hopital-general-logo,Hôpital général de Logo,other,logo,Logo,Ituri,2026-07-17,064,TRUE,,,,,,mention_only,,,,2026-07-17,1,1,Hôpital général de Logo,possible_host_variant;possible_same_host
site-hopital-general-reference-buta,hôpital général de référence de Buta,other,buta,Buta,Bas-Uele,2026-07-26,073,FALSE,,,,,,mention_only,,,,2026-07-26,1,1,hôpital général de référence de Buta,""
site-hopital-general-reference-province-bas-uele,hôpital général de référence de la province de Bas Uele,other,province bas uele,"",Bas-Uele,2026-07-26,073,FALSE,,,,,,mention_only,,,,2026-07-26,1,2,hôpital général de référence de la province de Bas Uele; hôpital général de référence de la province de Bas-Uélé,""
site-hopital-lengabo,hôpital de LENGABO,other,lengabo,Rwampara,Ituri,2026-06-01,018,FALSE,,,,,,mention_only,,,,2026-06-01,1,1,hôpital de LENGABO,""
site-hopital-libiki,hôpital Libiki,other,libiki,"",Haut-Uele,2026-07-30,077,TRUE,,,,,,mention_only,,,,2026-07-31,2,2,hôpital Libiki,""
site-hopital-matanda,hôpital Matanda,other,matanda,"",Nord-Kivu,2026-08-03,081,FALSE,,,,,,mention_only,,,,2026-08-03,1,1,hôpital Matanda,possible_host_variant;possible_same_site
site-hopital-militaire-mambangu,Hôpital militaire de Mambangu,other,mambangu,"",Nord-Kivu,2026-07-12,059,FALSE,,,,,,mention_only,,,,2026-07-12,1,1,Hôpital militaire de Mambangu,""
site-hopital-militaire-muhumba,Hopital Militaire de Muhumba,other,muhumba,Kaziba,Sud-Kivu,2026-06-10,027,FALSE,,,,,,mention_only,,,,2026-06-10,1,1,Hopital Militaire de Muhumba,""
site-hsr-matanda,HSR Matanda,other,matanda,Butembo,Nord-Kivu,2026-06-14,031,FALSE,,,,,,mention_only,,,,2026-06-14,1,1,HSR Matanda,possible_spelling_variant
site-iem-nyakunde,IEM Nyakunde,other,nyakunde,Nyakunde,Ituri,2026-05-22,008,FALSE,,,,,,mention_only,,,,2026-05-23,2,2,IEM Nyakunde,""
site-isolement-hgr-ps-heritage,isolement HGR PS Heritage,other,nizi,Nizi,Ituri,2026-07-02,049,FALSE,,,,,,mention_only,,,,2026-07-02,1,1,isolement HGR PS Heritage,""
site-jesus-est-sauveur-cbca,JESUS EST SAUVEUR CBCA,other,jesus est sauveur cbca,"","",2026-05-24,010,FALSE,,,,,,mention_only,,,,2026-05-24,1,1,JESUS EST SAUVEUR CBCA,""
site-jiba,Jiba,other,jiba,Jiba,Ituri,2026-06-04,021,FALSE,,,,,,mention_only,,,,2026-06-04,1,1,Jiba,""
site-kalagane,Kalagane,other,kalagane,"","",2026-06-11,028,FALSE,,,,,,mention_only,,,,2026-06-11,1,1,Kalagane,possible_host_variant
site-kami,KAMI,other,kami,"",Nord-Kivu,2026-06-21,038,FALSE,,,,,2026-06-21,operating,2026-06-21,,,2026-06-21,1,1,KAMI,""
site-linga,Linga,other,linga,Linga,Ituri,2026-06-04,021,FALSE,,,,,,mention_only,,,,2026-06-04,1,1,Linga,""
site-logo-angumu,Logo Angumu,other,logo angumu,"",Ituri,2026-06-04,021,FALSE,,,,,,mention_only,,,,2026-06-04,1,1,Logo Angumu,""
site-mahagi,Mahagi,other,mahagi,Mahagi,Ituri,2026-06-04,021,FALSE,,,,,,mention_only,,,,2026-06-04,1,1,Mahagi,""
site-matanda,Matanda,other,matanda,"",Nord-Kivu,2026-08-04,082,FALSE,,,,,2026-09-02,operating,2026-09-02,,,2026-09-02,2,2,Matanda,possible_host_variant;possible_same_site
site-maternite-clinique-elikya-mere-enfant,Maternité de Clinique Elikya Mère-enfant,other,rwampara,Rwampara,Ituri,2026-06-01,018,FALSE,,,,,,mention_only,,,,2026-06-01,1,1,Maternité de Clinique Elikya Mère-enfant,""
site-morgue-balidja,Morgue BALIDJA,other,morgue balidja,Rwampara,Ituri,2026-05-20,006_v2,FALSE,,,,,,mention_only,,,,2026-05-20,1,1,Morgue BALIDJA,""
site-morgue-ngalika,morgue de Ngalika,other,ngalika,"",Nord-Kivu,2026-08-24,102,FALSE,,,,,2026-08-24,incident,2026-08-24,,,2026-08-24,1,1,morgue de Ngalika,""
site-morgue-rekapi,morgue REKAPI,other,kisangani,Makiso Kisangani,Tshopo,2026-07-10,057,FALSE,,,,,,mention_only,,,,2026-07-10,1,1,morgue REKAPI,""
site-mta-ouragan,MTA OURAGAN,other,kihinga,Katwa,Nord-Kivu,2026-06-21,038,FALSE,,,,,,mention_only,,,,2026-06-21,1,1,MTA OURAGAN,""
site-nyarambe,Nyarambe,other,nyarambe,Nyarambe,Ituri,2026-06-04,021,FALSE,,,,,,mention_only,,,,2026-06-04,1,1,Nyarambe,""
site-orphelinat-saint-nicolas,orphelinat Saint-Nicolas,other,bankoko,Bunia,Ituri,2026-06-05,022,FALSE,,,,,,mention_only,,,,2026-06-05,1,1,orphelinat Saint-Nicolas,""
site-pavillon-militaire,pavillon militaire,other,pavillon militaire,Tshopo,Tshopo,2026-08-15,093,FALSE,,,,,2026-08-15,incident,2026-08-15,,,2026-08-19,2,2,pavillon militaire; Pavillon militaire,""
site-pavillon-militaire-hgr-makiso-kisangani,pavillon militaire de l’HGR Makiso-Kisangani,other,makiso kisangani,Makiso Kisangani,Tshopo,2026-08-12,090,FALSE,,,,,,mention_only,,,,2026-08-12,1,1,pavillon militaire de l’HGR Makiso-Kisangani,""
site-pekis,PEKIS,other,pekis,"",Tshopo,2026-09-01,110,FALSE,,,,,,mention_only,,,,2026-09-01,1,1,PEKIS,""
site-pnc,PNC,other,bunia,Bunia,Ituri,2026-05-23,009,FALSE,,,,,,mention_only,,,,2026-05-23,1,1,PNC,""
site-polyclinique-art,Polyclinique ART,other,poly art,"",Tshopo,2026-08-21,099,FALSE,,,,,,mention_only,,,,2026-08-28,3,3,polyclinique ART; Polyclinique ART,""
site-polyclinique-limbi-angaika,Polyclinique Limbi Angaika,other,limbi angaika,"","",2026-05-24,010,FALSE,,,,,,mention_only,,,,2026-05-24,1,1,Polyclinique Limbi Angaika,""
site-polyclinique-millenaire,Polyclinique Millénaire,other,poly millenaire,"",Tshopo,2026-08-30,108,FALSE,,,,,,mention_only,,,,2026-08-30,1,1,Polyclinique Millénaire,""
site-polyclinique-rekapi,Polyclinique Rekapi,other,poly rekapi,Kabondo,Tshopo,2026-08-10,088,FALSE,,,,,,mention_only,,,,2026-09-11,3,3,polyclinique REKAPI; Polyclinique Rekapi,""
site-poste-sante-3e-zone-defense,poste de santé de la 3e Zone de Défense,other,makiso kis,"",Tshopo,2026-08-22,100,FALSE,,,,,,mention_only,,,,2026-08-22,1,1,poste de santé de la 3e Zone de Défense,""
site-poste-sante-amani,Poste de santé Amani,other,amani,Mongbwalu,Ituri,2026-05-20,006,FALSE,,,,,,mention_only,,,,2026-05-21,3,3,Poste de santé Amani,""
site-poste-sante-nzinzi,Poste de Santé Nzinzi,other,nzinzi,Katana,Sud-Kivu,2026-06-10,027,FALSE,,,,,,mention_only,,,,2026-06-10,1,1,Poste de Santé Nzinzi,""
site-poste-sante-victoire,Poste de Santé la Victoire,other,victoire,Rwampara,Ituri,2026-05-19,005,FALSE,,,,,,mention_only,,,,2026-05-19,1,1,Poste de Santé la Victoire,""
site-prison-centrale,Prison centrale,other,prison centrale,"",Tshopo,2026-08-21,099,FALSE,,,,,,mention_only,,,,2026-08-21,1,1,Prison centrale,""
site-ps-arche-noe,PS Arche de Noé,other,ps arche noe,"",Ituri,2026-06-08,025,FALSE,,,,,,mention_only,,,,2026-06-08,1,1,PS Arche de Noé,""
site-ps-baraka,PS Baraka,other,ps baraka,"",Ituri,2026-07-03,050,FALSE,,,,,,mention_only,,,,2026-07-03,1,1,PS Baraka,""
site-ps-benedicte,PS Benedicte,other,ps benedicte,"",Ituri,2026-06-27,044,TRUE,,,,,,mention_only,,,,2026-06-27,1,1,PS Benedicte,""
site-ps-benjamine,PS Benjamine,other,benjamine,"","",2026-07-01,048,FALSE,,,,,,mention_only,,,,2026-07-01,1,1,PS Benjamine,""
site-ps-bora-uzima,PS Bora Uzima,other,ps bora uzima,"","",2026-06-30,047,FALSE,,,,,,mention_only,,,,2026-06-30,1,1,PS Bora Uzima,possible_spelling_variant
site-ps-cbca,PS CBCA,other,ps cbca,"",Ituri,2026-07-30,077,TRUE,,,,,,mention_only,,,,2026-07-31,2,2,PS CBCA,""
site-ps-espoir,PS Espoir,other,rwampara,Rwampara,Ituri,2026-06-01,018,FALSE,,,,,,closed,2026-06-01,,,2026-06-01,1,1,PS Espoir,""
site-ps-guerison,PS Guerison,other,guerison,"","",2026-07-01,048,FALSE,,,,,,mention_only,,,,2026-07-01,1,1,PS Guerison,""
site-ps-jules,PS JULES,other,ps jules,"",Ituri,2026-07-18,065,FALSE,,,,,,mention_only,,,,2026-07-18,1,1,PS JULES,""
site-ps-katoto,PS Katoto,other,katoto,"","",2026-06-29,046,TRUE,,,,,,mention_only,,,,2026-06-30,2,2,PS Katoto,""
site-ps-maman-mwilu,PS Maman mwilu,other,maman mwilu,"","",2026-07-01,048,FALSE,,,,,,mention_only,,,,2026-07-01,1,1,PS Maman mwilu,""
site-ps-maranatha,PS Maranatha,other,ps maranatha,"","",2026-06-29,046,TRUE,,,,,,mention_only,,,,2026-06-30,2,2,PS Maranatha,possible_spelling_variant
site-ps-rapha,PS rapha,other,rapha,"","",2026-07-01,048,FALSE,,,,,,mention_only,,,,2026-07-01,1,1,PS rapha,""
site-ps-sagesse,PS la sagesse,other,sagesse,"","",2026-07-01,048,FALSE,,,,,,mention_only,,,,2026-07-01,1,1,PS la sagesse,""
site-ps-sante-abord,PS sante d’abord,other,ps sante abord,"","",2026-06-29,046,TRUE,,,,,,mention_only,,,,2026-06-30,2,2,PS sante d’abord,""
site-ps-seule-fois-sauve,PS seule la fois sauve,other,ps seule fois sauve,"",Ituri,2026-06-27,044,TRUE,,,,,,mention_only,,,,2026-06-27,1,1,PS seule la fois sauve,""
site-ps-siloe,PS Siloe,other,ps siloe,"","",2026-06-30,047,FALSE,,,,,,mention_only,,,,2026-06-30,1,1,PS Siloe,""
site-ps-solution,PS la Solution,other,rwampara,Rwampara,Ituri,2026-06-01,018,FALSE,,,,,,closed,2026-06-01,,,2026-06-01,1,1,PS la Solution,""
site-ps-tuluza,PS Tuluza,other,tuluza,"","",2026-07-01,048,FALSE,,,,,,mention_only,,,,2026-07-01,1,1,PS Tuluza,""
site-ps-tumaini,PS Tumaini,other,rwampara,Rwampara,Ituri,2026-06-01,018,FALSE,,,,,,closed,2026-06-01,,,2026-06-01,1,1,PS Tumaini,""
site-ps-uhuru,PS Uhuru,other,ps uhuru,"","",2026-06-30,047,FALSE,,,,,,mention_only,,,,2026-06-30,1,1,PS Uhuru,""
site-ps-umoja,PS Umoja,other,lembabo,Bunia,Ituri,2026-06-04,021,FALSE,,,,,,mention_only,,,,2026-07-01,2,2,PS Umoja,""
site-ps-uponyadji,PS Uponyadji,other,rwampara,Rwampara,Ituri,2026-06-01,018,FALSE,,,,,,closed,2026-06-01,,,2026-06-01,1,1,PS Uponyadji,""
site-ps-ushindi,PS Ushindi,other,ps ushindi,"","",2026-06-29,046,TRUE,,,,,,mention_only,,,,2026-06-30,2,2,PS Ushindi,""
site-ps-yesu-ni-jibu,PS Yesu ni Jibu,other,ps yesu ni jibu,"","",2026-06-30,047,FALSE,,,,,,mention_only,,,,2026-06-30,1,1,PS Yesu ni Jibu,""
site-psa-tout-est-grace,PSA Tout est grace,other,psa tout est grace,"","",2026-06-30,047,FALSE,,,,,,mention_only,,,,2026-06-30,1,1,PSA Tout est grace,""
site-rimba,Rimba,other,rimba,Rimba,Ituri,2026-06-04,021,FALSE,,,,,,mention_only,,,,2026-06-04,1,1,Rimba,""
site-rwambuzi,Rwambuzi,other,bunia,Bunia,Ituri,2026-08-04,082,FALSE,,,,,,mention_only,,,,2026-08-04,1,1,Rwambuzi,possible_host_variant
site-simbiliabo,Simbiliabo,other,simbiliabo,Bunia,Ituri,2026-07-18,065,FALSE,,,,,,mention_only,,,,2026-07-18,1,1,Simbiliabo,possible_spelling_variant
site-simbiliambo,Simbiliambo,other,bunia,Bunia,Ituri,2026-08-04,082,FALSE,,,,,,mention_only,,,,2026-08-04,1,1,Simbiliambo,possible_spelling_variant
site-site-transit-refugies,site de transit des réfugiés,other,site transit refugies,"","",2026-06-15,032,FALSE,,,,,,mention_only,,,,2026-06-15,1,1,site de transit des réfugiés,""
site-solferino,Solferino,other,solferino,"",Nord-Kivu,2026-09-09,118,FALSE,,,,,,mention_only,,,,2026-09-09,1,1,Solferino,""
site-source-vie,Source de Vie,other,katwa,Katwa,Nord-Kivu,2026-06-17,034,FALSE,,,,,,mention_only,,,,2026-06-17,1,1,Source de Vie,""
site-tente-hgr-nizi,tente de l’HGR Nizi,other,nizi,Nizi,Ituri,2026-06-30,047,FALSE,2026-06-30,,,,,under_construction,2026-06-30,,,2026-06-30,1,1,tente de l’HGR Nizi,""
site-thwamahavuka,Thwamahavuka,other,thwamahavuka,Beni,Nord-Kivu,2026-06-14,031,FALSE,,,,,,mention_only,,,,2026-06-14,1,1,Thwamahavuka,""
site-tm-green-world-hospi,TM green World Hospi,other,tm green world hospi,"","",2026-06-30,047,FALSE,,,,,,mention_only,,,,2026-06-30,1,1,TM green World Hospi,""
site-top-sante,Top Santé,other,top sante,Bunia,"",2026-05-29,015,FALSE,,,,,,mention_only,,,,2026-05-29,1,1,Top Santé,""
site-ucbc,UCBC,other,beni,Beni,Nord-Kivu,2026-06-13,030,TRUE,,,,,,mention_only,,,,2026-06-13,1,1,UCBC,""
site-unite-triage-hgr-vuhovi,unité de triage de l’HGR Vuhovi,other,vuhovi,Vuhovi,Nord-Kivu,2026-08-12,090,FALSE,2026-08-12,,,,,under_construction,2026-08-12,,,2026-08-12,1,1,unité de triage de l’HGR Vuhovi,""
ct-1ct-sota,1CT SOTA,transit_centre,sota,Nyankunde,Ituri,2026-07-03,050,FALSE,,,,,2026-07-03,operating,2026-07-03,,,2026-07-03,1,1,1CT SOTA,""
ct-bambu,CT Bambu,transit_centre,bambu,Bambu,Ituri,2026-05-27,013,FALSE,,,,,2026-05-27,strained,2026-08-09,,,2026-08-09,9,9,CT Bambu; CT BAMBU; CT de Bambu,possible_same_site
ct-beni,CT de Beni,transit_centre,beni,Beni,Nord-Kivu,2026-07-02,049,FALSE,2026-08-03,,,,2026-07-02,operating,2026-09-02,,,2026-09-02,6,6,Beni; CT de Beni; CT de l’HGR de Beni,possible_same_site
ct-bunia,CT Bunia,transit_centre,bunia,Bunia,Ituri,2026-05-23,009,FALSE,,,,,2026-05-23,operating,2026-08-26,,,2026-08-26,2,2,CT Bunia,possible_host_variant;possible_same_host;possible_same_site
ct-camp-deplaces-kingoze,CT du camp de déplacés de Kingoze,transit_centre,kingoze,"",Ituri,2026-07-10,057,FALSE,,2026-07-10,057,,,opened,2026-07-10,,,2026-07-10,1,1,CT du camp de déplacés de Kingoze,""
ct-camp-kingozi,CT du camp de Kingozi,transit_centre,camp kingozi,"",Ituri,2026-07-12,059,FALSE,,,,,2026-07-12,expanded,2026-07-12,,,2026-07-12,1,1,CT du camp de Kingozi,""
ct-ctem,CTEM,transit_centre,ctem,"",Ituri,2026-07-21,068,FALSE,,,,,2026-07-21,operating,2026-07-21,,,2026-07-21,1,1,CTEM,""
ct-cub,CUB,transit_centre,cub,"",Sud-Kivu,2026-08-27,105,FALSE,,,,,2026-08-27,operating,2026-08-27,,,2026-08-27,1,1,CUB,""
ct-elikia,CT Elikia,transit_centre,elikia,Bunia,Ituri,2026-08-26,104,FALSE,,,,,2026-08-26,operating,2026-08-27,,,2026-08-27,2,2,CT Elikia,""
ct-fataki,CT Fataki,transit_centre,fataki,Fataki,Ituri,2026-07-14,061,FALSE,,,,,2026-07-14,operating,2026-07-14,,,2026-07-14,1,1,CT Fataki,possible_same_site
ct-fomulac,FOMULAC,transit_centre,fomulac,Katana,Sud-Kivu,2026-08-27,105,FALSE,,,,,2026-08-27,operating,2026-08-27,,,2026-08-27,1,1,FOMULAC,possible_same_site
ct-hc-kisangani,CT de l'HC Kisangani,transit_centre,kisangani,Makiso Kisangani,Tshopo,2026-08-03,081,FALSE,,,,,2026-08-03,operating,2026-08-04,20,2026-08-03,2026-08-04,2,2,CT de l'HC Kisangani,possible_same_site
ct-heal-africa,CT HEAL AFRICA,transit_centre,heal africa,Goma,Nord-Kivu,2026-05-27,013,FALSE,,,,,2026-05-27,operating,2026-05-28,19,2026-05-28,2026-06-02,3,3,CT HEAL AFRICA; Heal Africa,""
ct-hgr-bunia,CT HGR Bunia,transit_centre,bunia,Bunia,Ituri,2026-07-14,061,FALSE,,,,,2026-07-14,operating,2026-07-14,,,2026-07-14,1,1,CT HGR Bunia,possible_host_variant;possible_same_host;possible_same_site
ct-hgr-buta,HGR de Buta,transit_centre,buta,Buta,Bas-Uele,2026-08-19,097,FALSE,2026-09-06,,,,,planned,2026-09-06,,,2026-09-06,7,7,centre de transit à l’HGR de Buta; HGR de Buta,""
ct-hgr-kilo,HGR Kilo,transit_centre,kilo,Kilo,Ituri,2026-05-24,010,FALSE,,,,,2026-07-30,strained,2026-07-31,,,2026-07-31,5,5,HGR Kilo,""
ct-hgr-makiso-kisangani,centre de transit de l'HGR Makiso-Kisangani,transit_centre,makiso kisangani,Makiso Kisangani,Tshopo,2026-09-09,118,FALSE,,,,,2026-09-09,operating,2026-09-12,,,2026-09-12,4,4,centre de transit de l'HGR Makiso-Kisangani; CT de l’HGR Makiso-Kisangani,possible_same_site
ct-hgr-musienene,CT de l’HGR de Musienene,transit_centre,musienene,Musienene,Nord-Kivu,2026-07-01,048,FALSE,2026-08-03,,,,2026-07-01,under_construction,2026-09-05,,,2026-09-05,14,14,CT de l’HGR de Musienene; CT de l'HGR Musienene; CT de Musienene; CT Musienene,possible_same_site
ct-hgr-nia-nia,CT de Nia-Nia,transit_centre,nia nia,Nia Nia,Ituri,2026-07-11,058,FALSE,,,,,2026-07-11,strained,2026-08-10,,,2026-08-10,2,2,CT de Nia-Nia; CT HGR Nia-Nia,possible_same_site
ct-kanzuli,CT Kanzuli,transit_centre,kanzuli,"",Nord-Kivu,2026-08-10,088,FALSE,,,,,2026-08-10,operating,2026-08-10,,,2026-08-10,1,1,CT Kanzuli,""
ct-kigonze,CT de Kigonze,transit_centre,kigonze,Bunia,Ituri,2026-08-26,104,FALSE,,,,,2026-08-26,operating,2026-09-08,,,2026-09-08,6,6,CT de Kigonze; CT Kigonze,possible_same_site
ct-limba,centre de transit de Limba,transit_centre,limba,Viadana,Bas-Uele,2026-08-20,098,FALSE,,,,,2026-08-20,operating,2026-08-20,3,2026-08-20,2026-08-20,1,1,centre de transit de Limba,""
ct-logo,CT Logo,transit_centre,logo,Logo,Ituri,2026-07-06,053,FALSE,,,,,2026-07-06,operating,2026-07-06,,,2026-07-06,1,1,CT Logo,possible_same_site
ct-lolwa,CT de Lolwa,transit_centre,lolwa,Lolwa,Ituri,2026-08-30,108,FALSE,,,,,2026-08-30,strained,2026-09-01,,,2026-09-01,3,3,CT de Lolwa,possible_same_site
ct-lwiro,CT de Lwiro,transit_centre,lwiro,Miti Murhesa,Sud-Kivu,2026-08-27,105,FALSE,,,,,2026-08-27,operating,2026-08-27,,,2026-08-27,1,1,CT de Lwiro,possible_same_site
ct-mangala,CT de Mangala,transit_centre,mangala,Mangala,Ituri,2026-09-08,117,FALSE,,,,,2026-09-08,operating,2026-09-08,,,2026-09-08,1,1,CT de Mangala,possible_same_site
ct-matanda,CT de Matanda,transit_centre,matanda,"",Nord-Kivu,2026-08-24,102,FALSE,2026-08-24,,,,,under_construction,2026-08-24,,,2026-08-24,1,1,CT de Matanda,possible_same_site
ct-mayogo,CT de Mayogo,transit_centre,mayogo,Isiro,Haut-Uele,2026-09-04,113,FALSE,,,,,2026-09-04,operating,2026-09-04,,,2026-09-04,1,1,CT de Mayogo,""
ct-mpox,CT Mpox,transit_centre,mpox,"","",2026-08-04,082,FALSE,,,,,,mention_only,,,,2026-08-04,1,1,CT Mpox,""
ct-nizi,CT Nizi,transit_centre,nizi,Nizi,Ituri,2026-07-07,054,FALSE,,,,,2026-07-07,operating,2026-07-14,,,2026-07-14,4,4,CT Nizi,possible_same_site
ct-nyangezi,Nyangezi,transit_centre,nyangezi,Nyangezi,Sud-Kivu,2026-08-27,105,FALSE,,,,,2026-08-27,operating,2026-08-27,,,2026-08-27,1,1,Nyangezi,""
ct-oicha,CT d’Oicha,transit_centre,oicha,Oicha,Nord-Kivu,2026-06-24,041,FALSE,,,,,2026-07-23,operating,2026-08-18,,,2026-08-18,3,3,CT d’Oicha; CT de l’HGR Oicha; CT OICHA,possible_same_site
ct-rwampara,CT de Rwampara,transit_centre,rwampara,Rwampara,Ituri,2026-05-24,010,FALSE,,,,,2026-05-24,incident,2026-05-27,,,2026-05-27,2,2,CT de Rwampara,possible_same_site
ct-sota,CT Sota,transit_centre,sota,Nyankunde,Ituri,2026-07-05,052,FALSE,,,,,2026-07-05,operating,2026-07-15,,,2026-07-15,7,7,CT Sota; CT SOTA,possible_same_site
ct-uob,centre de transit de l'UOB,transit_centre,uob,"",Sud-Kivu,2026-07-12,059,FALSE,,,,,2026-07-12,operating,2026-07-12,,,2026-07-12,1,1,centre de transit de l'UOB,""
ct-vuhovi,CT de Vuhovi,transit_centre,vuhovi,Vuhovi,Nord-Kivu,2026-08-19,097,FALSE,,,,,2026-08-19,operating,2026-08-19,,,2026-08-19,1,1,CT de Vuhovi,""
cte-aru,Aru,treatment_centre,aru,Aru,Ituri,2026-06-24,041,FALSE,,2026-06-25,042,,2026-06-24,strained,2026-08-15,,,2026-08-15,8,8,Aru; CTE Aru; CTE d'Aru; CTE HGR/Aru,possible_same_site
cte-bafwasende,CTE de Bafwasende,treatment_centre,bafwasende,Bafwasende,Tshopo,2026-09-07,116,FALSE,2026-09-07,,,,,under_construction,2026-09-12,,,2026-09-12,6,6,Bafwasende; CTE de Bafwasende,""
cte-bambu,CTE de Bambu,treatment_centre,bambu,Bambu,Ituri,2026-06-04,021,FALSE,2026-08-16,,,,2026-06-08,under_construction,2026-09-05,,,2026-09-05,27,33,Bambu; CTE de Bambu,possible_same_site
cte-beni,CTE Beni,treatment_centre,beni,Beni,Nord-Kivu,2026-06-29,046,TRUE,,2026-07-04,051,,2026-06-29,operating,2026-09-08,20,2026-07-04,2026-09-08,15,15,CTE Beni; CTE de Beni; CTE de l'HGR Beni; CTE de l'HGR de Beni; CTE de l’HGR de Beni; CTE-Beni,possible_same_site
cte-boma-mangbetu,CTE de Boma Mangbetu,treatment_centre,boma mangbetu,Boma Mangbetu,Haut-Uele,2026-07-30,077,TRUE,,,,,2026-07-30,operating,2026-09-12,,,2026-09-12,3,3,CTE de Boma Mangbetu,""
cte-bunia,CTE Bunia,treatment_centre,bunia,Bunia,Ituri,2026-05-29,015,FALSE,2026-05-29,,,,2026-05-30,operating,2026-09-11,,,2026-09-11,23,24,Bunia; CTE Bunia; CTE de Bunia,possible_host_variant;possible_same_host;possible_same_site
cte-buta,CTE de Buta,treatment_centre,buta,Buta,Bas-Uele,2026-08-17,095,FALSE,2026-08-21,,,,2026-08-17,under_construction,2026-08-22,,,2026-08-22,4,5,CTE de Buta; CTE provisoire de Buta,""
cte-butembo,CTE Butembo,treatment_centre,butembo,Butembo,Nord-Kivu,2026-07-06,053,FALSE,,,,,2026-07-06,strained,2026-09-12,,,2026-09-12,4,4,CTE Butembo; CTE/CT de Butembo,possible_same_host
cte-celui-isiro,celui d’Isiro,treatment_centre,isiro,Isiro,Haut-Uele,2026-09-09,118,FALSE,,,,,2026-09-09,strained,2026-09-12,,,2026-09-12,4,4,celui d’Isiro,""
cte-cinquantenaire,CTE Cinquantenaire,treatment_centre,cinquantenaire,Makiso Kisangani,Tshopo,2026-07-14,061,FALSE,,,,,2026-07-14,operating,2026-07-24,,,2026-07-24,3,3,CTE Cinquantenaire; CTE du Cinquantenaire,""
cte-cme,CTE CME,treatment_centre,rwampara,Rwampara,Ituri,2026-05-25,011,FALSE,2026-05-25,,,,2026-05-27,operating,2026-09-04,27,2026-05-28,2026-09-04,28,29,CME; CTC CME; CTE CME; CTE du CME; CTE-CME,""
cte-cme-bunia,CTE CME Bunia,treatment_centre,bunia,Bunia,Ituri,2026-05-26,012,FALSE,2026-05-26,2026-06-25,042,,2026-06-11,incident,2026-08-05,,,2026-08-05,19,20,CME Bunia; CME BUNIA; CTE au CME Bunia; CTE CME Bunia; CTE CME de Bunia; CTE CME/Bunia; CTE/CME-Bunia; CTE/CME-BUNIA,possible_host_variant;possible_same_site
cte-cme-nyankunde,CTE CME Nyankunde,treatment_centre,nyankunde,Nyankunde,Ituri,2026-06-14,031,FALSE,,,,,2026-06-14,operating,2026-06-22,,,2026-06-22,2,2,CTE CME Nyankunde; CTE/CME Nyankunde,possible_host_variant;possible_same_site
cte-cme-rwampara,Centre de Traitement Ebola (CTE) normé de CME Rwampara,treatment_centre,rwampara,Rwampara,Ituri,2026-05-31,017,FALSE,,2026-05-31,017,,2026-07-15,strained,2026-07-15,,,2026-07-15,3,3,Centre de Traitement Ebola (CTE) normé de CME Rwampara; CTE CME de Rwampara; CTE normé CME Rwampara,possible_host_variant
cte-cth-isiro,CTH d’Isiro,treatment_centre,isiro,Isiro,Haut-Uele,2026-08-12,090,FALSE,,,,,2026-08-12,operating,2026-08-12,,,2026-08-12,1,1,CTH d’Isiro,""
cte-ctm,CTM,treatment_centre,ctm,"",Tshopo,2026-09-06,115,FALSE,,,,,,mention_only,,,,2026-09-06,1,1,CTM,""
cte-ctmi,CTMI,treatment_centre,ctmi,"",Tshopo,2026-08-05,083,FALSE,2026-08-05,,,,,planned,2026-09-11,,,2026-09-11,3,3,CTMI,""
cte-elikya,CTE Elikya,treatment_centre,elikya,Bunia,Ituri,2026-06-10,027,FALSE,2026-06-11,,,,2026-06-10,operating,2026-08-23,,,2026-08-23,22,23,centre de traitement Elikya; CTE Elikya; CTE ELIKYA; CTE Elykia; Elykia,possible_same_site
cte-elikya-bunia,CTE Elikya/Bunia,treatment_centre,bunia,Bunia,Ituri,2026-07-05,052,FALSE,2026-07-05,,,,,under_construction,2026-07-05,,,2026-07-05,1,1,CTE Elikya/Bunia,""
cte-elikya-zs-bunia,CTE Elikya/ZS Bunia,treatment_centre,bunia,Bunia,Ituri,2026-06-27,044,TRUE,,,,,2026-06-27,operating,2026-06-27,,,2026-06-27,1,1,CTE Elikya/ZS Bunia,""
cte-fataki,CTE de Fataki,treatment_centre,fataki,Fataki,Ituri,2026-07-30,077,TRUE,2026-08-05,,,,2026-07-30,strained,2026-08-17,,,2026-08-17,8,8,CTE de Fataki; CTE Fataki; Fataki,possible_same_site
cte-foner-mambasa,CTE de Foner Mambasa,treatment_centre,foner mambasa,"",Ituri,2026-07-26,073,FALSE,,,,,2026-07-26,operating,2026-07-26,,,2026-07-26,1,1,CTE de Foner Mambasa,""
cte-gombari,Gombari,treatment_centre,gombari,Gombari,Haut-Uele,2026-09-12,121,FALSE,,,,,2026-09-12,operating,2026-09-12,,,2026-09-12,1,1,Gombari,""
cte-hc-kisangani,CTE HC Kisangani,treatment_centre,kisangani,Makiso Kisangani,Tshopo,2026-07-18,065,FALSE,,,,,2026-07-18,operating,2026-08-22,14,2026-08-22,2026-08-22,13,13,CTE de l'HC Kisangani; CTE HC de Kisangani; CTE HC Kisangani,possible_same_site
cte-hckis,CTE HCKis,treatment_centre,hckis,"",Tshopo,2026-07-21,068,FALSE,,,,,2026-07-21,operating,2026-07-22,,,2026-07-22,2,2,CTE HCKis; CTE HCKIS,possible_same_site
cte-hgr-bunia,CTE à l’HGR Bunia,treatment_centre,bunia,Bunia,Ituri,2026-05-24,010,FALSE,2026-05-24,2026-06-15,032,,2026-05-29,operating,2026-09-08,,,2026-09-08,24,29,"CTE à l’HGR Bunia; CTE à l’HGR BUNIA; CTE à l’HGR/Bunia; CTE au HGR Bunia; CTE de l’HGR Bunia; CTE de l'HGR de Bunia; CTE de l’HGR de Bunia; CTE HGR Bunia; CTE HGR/Bunia; CTE, l’HGR Bunia; CTE/HGR Bunia; HGR/Bunia; l’HGR Bunia",possible_host_variant;possible_same_host;possible_same_site
cte-hgr-katwa,HGR Katwa,treatment_centre,katwa,Katwa,Nord-Kivu,2026-06-06,023,FALSE,2026-06-06,,,,,under_construction,2026-06-07,,,2026-08-15,6,7,CTE à l’HGR Katwa; HGR de Katwa; HGR Katwa,possible_host_variant;possible_same_host
cte-hgr-mongbwalu,CTE de l’HGR Mongbwalu,treatment_centre,mongbwalu,Mongbwalu,Ituri,2026-06-19,036,FALSE,,,,,2026-06-19,operating,2026-06-24,,,2026-06-24,2,2,CTE de l’HGR Mongbwalu,possible_host_variant;possible_same_host;possible_same_site
cte-hgr-nizi,CTE HGR de Nizi,treatment_centre,nizi,Nizi,Ituri,2026-05-23,009,FALSE,,,,,2026-07-15,operating,2026-07-15,,,2026-07-15,3,3,CTE HGR de Nizi; HGR Nizi; HGR NIZI,possible_host_variant;possible_same_host
cte-hgr-nyankunde,CTE HGR Nyankunde,treatment_centre,nyankunde,Nyankunde,Ituri,2026-06-15,032,FALSE,2026-06-15,2026-06-25,042,,2026-06-18,opened,2026-06-25,,,2026-06-25,3,3,CTE HGR Nyankunde; CTE HGR/Nyankunde,possible_host_variant;possible_same_host;possible_same_site
cte-hgr-rwampara,CTE HGR/Rwampara,treatment_centre,rwampara,Rwampara,Ituri,2026-05-30,016,FALSE,2026-05-30,2026-06-25,042,,,opened,2026-06-25,,,2026-06-25,3,4,CTE au HGR Rwampara; CTE HGR/Rwampara; HGR Rwampara (CTE),possible_host_variant;possible_same_host;possible_same_site
cte-isiro,CTE d'Isiro,treatment_centre,isiro,Isiro,Haut-Uele,2026-07-30,077,TRUE,2026-08-02,2026-08-02,080,,2026-07-30,operating,2026-09-12,,,2026-09-12,17,21,CT/CTE d'Isiro; CTE d'Isiro; CTE d’Isiro; CTE de l’HGR d’Isiro; Isiro,possible_same_site
cte-iste,CTE ISTE,treatment_centre,iste,"",Ituri,2026-07-13,060,FALSE,,,,,2026-07-13,operating,2026-07-13,,,2026-07-13,1,1,CTE ISTE,""
cte-istm,CTE ISTM,treatment_centre,nyankunde,Nyankunde,Ituri,2026-06-29,046,TRUE,2026-08-16,,,,2026-06-29,under_construction,2026-08-20,,,2026-08-20,28,28,CTE de ISTM; CTE ISTM; ISTM,""
cte-istm-nyankunde,ISTM Nyankunde,treatment_centre,nyankunde,Nyankunde,Ituri,2026-06-11,028,FALSE,2026-06-11,2026-06-16,033,,2026-07-11,operating,2026-07-11,,,2026-07-11,7,7,CTE IST Nyankunde; CTE ISTM Nyankunde; CTE ISTM/Nyankunde; ISTM Nyankunde; ISTM/Nyakunde; ISTM/Nyankunde,possible_host_variant;possible_same_host
cte-istm-nyankunde-bunia,CTE de L'ISTM NYANKUNDE A BUNIA,treatment_centre,bunia,Bunia,Ituri,2026-07-21,068,FALSE,,,,,2026-07-21,operating,2026-07-21,,,2026-07-21,1,1,CTE de L'ISTM NYANKUNDE A BUNIA,""
cte-istm-zs-rwampara,CTE ISTM/ZS Rwampara,treatment_centre,rwampara,Rwampara,Ituri,2026-06-27,044,TRUE,,,,,2026-06-27,operating,2026-06-27,,,2026-06-27,1,1,CTE ISTM/ZS Rwampara,""
cte-itav,CTE à l’ITAV,treatment_centre,itav,"",Nord-Kivu,2026-08-16,094,FALSE,2026-08-16,,,,,planned,2026-08-20,,,2026-08-20,3,3,CTE à l’ITAV; CTE de l'ITAV,""
cte-juhudi,CTE de Juhudi,treatment_centre,juhudi,Nia-Nia,"",2026-06-30,047,FALSE,,,,,2026-06-30,operating,2026-06-30,,,2026-06-30,1,1,CTE de Juhudi,""
cte-kalunguta,CTE Kalunguta,treatment_centre,kalunguta,Kalunguta,Nord-Kivu,2026-06-29,046,TRUE,,,,,2026-06-29,operating,2026-06-29,,,2026-06-29,1,1,CTE Kalunguta,""
cte-kasenyi,CTE de Kasenyi,treatment_centre,kasenyi,Tchomia,Ituri,2026-07-14,061,FALSE,2026-07-14,2026-08-09,087,,2026-08-12,operating,2026-09-08,80,2026-08-09,2026-09-08,4,4,CTE de Kasenyi,""
cte-katwa,CTE de Katwa,treatment_centre,katwa,Katwa,Nord-Kivu,2026-06-03,020,FALSE,2026-06-03,,,,2026-06-07,strained,2026-09-12,,,2026-09-12,32,35,CTE à Katwa; CTE de Katwa; CTE en construction à Katwa; CTE Katwa; Katwa,possible_host_variant;possible_same_host
cte-kigonze,Kigonze,treatment_centre,kigonze,Bunia,Ituri,2026-07-30,077,TRUE,,,,,2026-07-30,strained,2026-08-24,,,2026-08-24,9,9,CTE de Kigonze; Kigonze,possible_same_site
cte-kilo,Kilo,treatment_centre,kilo,Kilo,Ituri,2026-06-04,021,FALSE,,,,,2026-08-13,strained,2026-09-12,,,2026-09-12,14,14,CTE de Kilo; Kilo,""
cte-kitatumba,CTE de Kitatumba,treatment_centre,kitatumba,Butembo,Nord-Kivu,2026-07-06,053,FALSE,,,,,2026-07-06,operating,2026-08-20,,,2026-08-20,11,12,CTE de Kitatumba; CTE Kitatumba; Kitatumba,possible_same_host
cte-komanda,CTE Komanda,treatment_centre,komanda,Komanda,Ituri,2026-06-08,025,FALSE,,,,,2026-06-27,operating,2026-08-20,,,2026-08-20,6,6,CTE de Komanda; CTE Komanda; Komanda,""
cte-lita,CTE de Lita,treatment_centre,lita,Lita,Ituri,2026-06-04,021,FALSE,2026-08-05,,,,2026-07-18,strained,2026-09-03,,,2026-09-03,7,7,CTE de Lita; CTE Lita; Lita; LITA,""
cte-logo,Logo,treatment_centre,logo,Logo,Ituri,2026-07-30,077,TRUE,2026-08-05,,,,2026-07-30,strained,2026-08-22,,,2026-08-22,11,11,CTE de Logo; Logo,possible_same_site
cte-lolwa,Lolwa,treatment_centre,lolwa,Lolwa,Ituri,2026-09-07,116,FALSE,,,,,2026-09-07,strained,2026-09-12,,,2026-09-12,4,4,Lolwa,possible_same_site
cte-lwiro,CTE Lwiro,treatment_centre,lwiro,Miti Murhesa,Sud-Kivu,2026-06-01,018,FALSE,,,,,2026-06-01,strained,2026-08-18,,,2026-08-18,4,4,CTE de Lwiro; CTE Lwiro; CTE LWIRO,possible_same_site
cte-mambasa,Mambasa,treatment_centre,mambasa,Mambasa,Ituri,2026-06-08,025,FALSE,,,,,2026-09-05,strained,2026-09-12,,,2026-09-12,6,6,CTE/CT de Mambasa; Mambasa,""
cte-mambasa-lolwa,Mambasa Lolwa,treatment_centre,mambasa lolwa,"",Ituri,2026-09-09,118,FALSE,,,,,2026-09-09,strained,2026-09-09,,,2026-09-09,1,1,Mambasa Lolwa,""
cte-mandima,Mandima,treatment_centre,mandima,Mandima,Ituri,2026-09-05,114,FALSE,,,,,2026-09-05,strained,2026-09-12,,,2026-09-12,5,5,CTE/CT de Mandima; Mandima,""
cte-mangala,Mangala,treatment_centre,mangala,Mangala,Ituri,2026-06-04,021,FALSE,2026-09-02,,,,2026-08-16,strained,2026-09-12,,,2026-09-12,8,8,CTE de Mangala; Mangala,possible_same_site
cte-matanda,CTE de Matanda,treatment_centre,matanda,"",Nord-Kivu,2026-06-17,034,FALSE,2026-06-17,,,,,under_construction,2026-09-05,,,2026-09-05,4,4,CTE de l’hôpital Matanda; CTE de Matanda; CTE MATANDA,possible_same_site
cte-meteo,CTE Météo,treatment_centre,meteo,"",Tshopo,2026-09-07,116,FALSE,2026-09-07,2026-09-10,119,,2026-09-12,operating,2026-09-13,,,2026-09-13,5,5,CTE de Météo; CTE Météo,""
cte-mongbwalu,CTE de Mongbwalu,treatment_centre,mongbwalu,Mongbwalu,Ituri,2026-05-19,005,FALSE,2026-05-22,2026-08-14,092,,2026-05-19,operating,2026-09-05,60,2026-08-17,2026-09-05,24,25,CTE à Mongbwalu; CTE de Mongbwalu; CTE Mongbwalu; CTE Mongwalu; Mongbwalu,possible_host_variant;possible_same_host
cte-munigi,CTE Munigi,treatment_centre,munigi,Nyiragongo,Nord-Kivu,2026-06-21,038,FALSE,,,,,2026-06-21,operating,2026-06-21,,,2026-06-21,1,1,CTE Munigi,""
cte-musienene,CTE de Musienene,treatment_centre,musienene,Musienene,Nord-Kivu,2026-08-04,082,FALSE,2026-08-20,,,,2026-08-04,planned,2026-09-02,,,2026-09-02,4,4,CTE de Musienene; futur centre de traitement de Musienene,possible_same_site
cte-nia-nia,CTE de Nia-Nia,treatment_centre,nia nia,Nia Nia,Ituri,2026-07-17,064,TRUE,2026-08-03,,,,2026-07-17,strained,2026-08-17,,,2026-08-17,9,11,CTE de Nia Nia; CTE de Nia-Nia; Nia-Nia,possible_same_site
cte-nizi,CTE de Nizi,treatment_centre,nizi,Nizi,Ituri,2026-06-04,021,FALSE,2026-08-14,,,,2026-07-13,strained,2026-09-12,,,2026-09-12,39,47,CTE de Nizi; CTE Nizi; CTE/CT de Nizi; Nizi,possible_host_variant;possible_same_host;possible_same_site
cte-nyankunde,CTE Nyankunde,treatment_centre,nyankunde,Nyankunde,Ituri,2026-05-25,011,FALSE,2026-05-25,,,,2026-06-05,operating,2026-09-13,,,2026-09-13,16,16,CTE de Nyankunde; CTE Nyakunde; CTE Nyankunde; Nyankunde,possible_host_variant;possible_same_host
cte-oicha,CTE d'Oicha,treatment_centre,oicha,Oicha,Nord-Kivu,2026-07-14,061,FALSE,,,,,2026-07-14,strained,2026-08-03,10,2026-08-03,2026-08-03,2,2,CTE d'Oicha,possible_same_site
cte-pawa,CTE de Pawa,treatment_centre,pawa,Pawa,Haut-Uele,2026-08-01,079,FALSE,,,,,2026-08-01,strained,2026-09-12,,,2026-09-12,9,9,CTE de Pawa,""
cte-rungu,Rungu,treatment_centre,rungu,Rungu,Haut-Uele,2026-09-12,121,FALSE,,,,,2026-09-12,operating,2026-09-12,,,2026-09-12,1,1,Rungu,""
cte-rwampara,CTE Rwampara,treatment_centre,rwampara,Rwampara,Ituri,2026-05-24,010,FALSE,2026-05-24,2026-06-02,019,,2026-05-27,strained,2026-08-11,100,2026-07-25,2026-09-06,35,38,Centre de Traitement Ebola (CTE) de la zone de santé de Rwampara; CTE de Rwampara; CTE Rwampara; CTE RWAMPARA; Rwampara,possible_host_variant;possible_same_host;possible_same_site
cte-rwankole,CTE de Rwankole,treatment_centre,rwankole,Bunia,Ituri,2026-05-22,008,FALSE,2026-07-17,2026-08-04,082,,2026-08-01,operating,2026-09-04,120,2026-08-04,2026-09-04,10,10,CTE de Rwankole; CTE Rwankole; Rwankole,""
cte-simisimi,CTE normé de Simisimi,treatment_centre,simisimi,Basoko,Tshopo,2026-08-15,093,FALSE,2026-08-15,,,,,under_construction,2026-08-15,,,2026-08-15,1,1,CTE normé de Simisimi,""
cte-sota,CTE de Sota,treatment_centre,sota,Nyankunde,Ituri,2026-07-11,058,FALSE,,,,,2026-07-11,operating,2026-08-15,,,2026-08-15,2,2,CTE de Sota; CTE Sota,possible_same_site
cte-tuluba,CTE Tuluba,treatment_centre,tuluba,Isiro,Haut-Uele,2026-08-26,104,FALSE,,,,,2026-08-26,operating,2026-08-26,,,2026-08-26,1,1,CTE Tuluba,""
cte-wamba,CTE de Wamba,treatment_centre,wamba,Wamba,Haut-Uele,2026-07-30,077,TRUE,,,,,2026-07-30,operating,2026-09-12,,,2026-09-12,11,11,CTE de Wamba; CTE Wamba; Wamba,""
cte-watsa,Watsa,treatment_centre,watsa,Watsa,Haut-Uele,2026-08-17,095,FALSE,,,,,2026-08-17,operating,2026-08-17,,,2026-08-17,1,1,Watsa,""
