source,doc_id,indicator,place_raw,value,evidence_quote,reason
who_afro,afro-12,laboratories_testing,"",19,"As of 29 July 2026, 19 diagnostic laboratories and testing units were operational across Ituri, South Kivu, Tshopo, Haut-Uélé and North Kivu provinces",quote is not a span of the document
who_afro,afro-13,beds_capacity,"",1050,"704 patients were in isolation and receiving care nationally, against 1 050 available beds",quote is not a span of the document
who_afro,afro-13,bed_occupancy_pct,"",68.8,"1 050 available beds, corresponding to an overall bed occupancy rate of 68.8%",quote is not a span of the document
who_afro,afro-16,discharges_recovered,"",1383,"1 383 62.2% 24 330
Cases Bed Contacts
Recovered Occupancy under follow up",quote is not a span of the document
who_afro,afro-16,bed_occupancy_pct,"",62.2,"1 383 62.2% 24 330
Cases Bed Contacts
Recovered Occupancy under follow up",quote is not a span of the document
who_afro,afro-17,admissions,"",1319,"all 2 480 validated suspected cases were investigated (100%); however, only 1319 (53.2%) were isolated and transferred to treatment centres.",quote is not a span of the document
